split_type,split_id,row_index,canonical_smiles,label,probability,max_train_similarity,similarity_bin
random,0,347,CC[C@]1(O)C[C@@H]2CN(CCc3c([nH]c4ccccc34)[C@@](C(=O)OC)(c3cc4c(cc3OC)N(C)[C@H]3[C@@](O)(C(=O)OC)[C@H](OC(C)=O)[C@]5(CC)C=CCN6CC[C@]43[C@@H]65)C2)C1,0,0.18739247215535176,0.19491525423728814,<0.30
random,0,301,O=P(O)(O)C(Sc1ccc(Cl)cc1)P(=O)(O)O,0,0.8322358872987964,0.2391304347826087,<0.30
random,0,445,c1cc(CN2CCCNCCNCCCNCC2)ccc1CN1CCCNCCNCCCNCC1,0,0.0913622080605013,0.2413793103448276,<0.30
random,0,101,CCCCc1oc2ccccc2c1C(=O)c1cc(I)c(OCCN(CC)CC)c(I)c1,1,0.9830573993388821,0.5254237288135594,0.50-0.70
random,0,435,CCOC(=O)c1cncn1C(C)c1ccccc1,0,0.5924273920196717,0.3333333333333333,0.30-0.50
random,0,272,O=C([O-])CCCO.[Na+],0,0.13039388325229917,0.3333333333333333,0.30-0.50
random,0,35,CN(C)c1ccc(O)c2c1C[C@H]1C[C@H]3[C@H](N(C)C)C(=O)/C(=C(\N)O)C(=O)[C@@]3(O)C(=O)C1=C2O,1,0.5731148404188515,0.19540229885057472,<0.30
random,0,18,CC[C@H]1OC(=O)[C@H](C)[C@@H](O[C@H]2C[C@@](C)(OC)[C@@H](O)[C@H](C)O2)[C@H](C)[C@@H](O[C@@H]2O[C@H](C)C[C@H](N(C)C)[C@H]2O)[C@](C)(O)C[C@@H](C)C(=O)[C@H](C)[C@@H](O)[C@]1(C)O,1,0.05037203403405005,0.42016806722689076,0.30-0.50
random,0,426,COCCNC(=O)CN(CCN(CCN(CC(=O)[O-])CC(=O)NCCOC)CC(=O)[O-])CC(=O)[O-].[Gd+3],0,0.010368804235113094,0.37254901960784315,0.30-0.50
random,0,67,NC(=O)CC(N)C(=O)[O-],1,0.22787487203635118,0.2916666666666667,<0.30
random,0,136,NC1=NC(=O)C(c2ccccc2)O1,1,0.8957887990740897,0.22916666666666666,<0.30
random,0,331,CC(C)(N)CO.Cn1c(=O)c2[nH]c(Br)nc2n(C)c1=O,0,0.07141366620836918,0.3877551020408163,0.30-0.50
random,0,400,CNC[C@H](O)c1ccc(O)c(O)c1,0,0.061044499118094994,0.6875,0.50-0.70
random,0,254,CN(C)CCC(c1ccc(Cl)cc1)c1ccccn1,0,0.16446180961291484,0.75,>=0.70
random,0,181,Cc1ccc(-n2[nH]c(C)c(N/N=C3\C=CC=C(c4cccc(C(=O)O)c4)C3=O)c2=O)cc1C.NCCO.NCCO,1,0.5077448892012815,0.2,<0.30
random,0,392,CNC(=O)c1cnn(-c2nc(N)c3ncn([C@@H]4O[C@H](CO)[C@@H](O)[C@H]4O)c3n2)c1,0,0.3071178256743447,0.5076923076923077,0.50-0.70
random,0,146,Cc1ccc(Nc2c(F)cccc2Cl)c(CC(=O)O)c1,1,0.9636845013067411,0.5652173913043478,0.50-0.70
random,0,356,CO[C@H]1C[C@@H]2CC[C@@H](C)[C@@](O)(O2)C(=O)C(=O)N2CCCC[C@H]2C(=O)O[C@H]([C@H](C)C[C@@H]2CC[C@@H](OC(=O)C(C)(CO)CO)[C@H](OC)C2)CC(=O)[C@H](C)/C=C(\C)[C@@H](O)[C@@H](OC)C(=O)[C@H](C)C[C@H](C)/C=C/C=C/C=C/1C,0,0.06840788554163801,0.19047619047619047,<0.30
random,0,168,O=C(O)Cc1csc(-c2ccc(Cl)cc2)n1,1,0.9847831123413799,0.288135593220339,<0.30
random,0,448,CN1c2c([nH]c(N)nc2=O)NC[C@@H]1CNc1ccc(C(=O)N[C@@H](CCC(=O)[O-])C(=O)[O-])cc1.[Ca+2],0,0.10122351974825466,0.625,0.50-0.70
random,0,437,O=C(CCCCC(=O)Nc1c(I)cc(I)c(C(=O)O)c1I)Nc1c(I)cc(I)c(C(=O)O)c1I,0,0.2082596830833617,0.38461538461538464,0.30-0.50
random,0,266,Cc1c(-c2ccccc2)oc2c(C(=O)OCCN3CCCCC3)cccc2c1=O,0,0.3240094919981264,0.2716049382716049,<0.30
random,0,242,O=C(CCCCCCC(=O)Nc1ccccc1)NO,0,0.67788270812115,0.2857142857142857,<0.30
random,0,414,CC[C@H](C)[C@H](NC(=O)[C@H](CCC(=O)O)NC(=O)[C@H](CO)NC(=O)[C@@H](NC(=O)[C@@H](N)CO)C(C)C)C(=O)N[C@@H](CCC(N)=O)C(=O)N[C@@H](CC(C)C)C(=O)N[C@@H](CCSC)C(=O)N[C@@H](Cc1c[nH]cn1)C(=O)N[C@@H](CC(N)=O)C(=O)N[C@@H](CC(C)C)C(=O)NCC(=O)N[C@@H](CCCCN)C(=O)N[C@@H](Cc1c[nH]cn1)C(=O)N[C@@H](CC(C)C)C(=O)N[C@@H](CC(N)=O)C(=O)N[C@@H](CO)C(=O)N[C@@H](CCSC)C(=O)N[C@@H](CCC(=O)O)C(=O)N[C@@H](CCCNC(=N)N)C(=O)N[C@H](C(=O)N[C@@H](CCC(=O)O)C(=O)N[C@@H](Cc1c[nH]c2ccccc12)C(=O)N[C@@H](CC(C)C)C(=O)N[C@@H](CCCNC(=N)N)C(=O)N[C@@H](CCCCN)C(=O)N[C@@H](CCCCN)C(=O)N[C@@H](CC(C)C)C(=O)N[C@@H](CCC(N)=O)C(=O)N[C@@H](CC(=O)O)C(=O)N[C@H](C(=O)N[C@@H](Cc1c[nH]cn1)C(=O)N[C@@H](CC(N)=O)C(=O)N[C@@H](Cc1ccccc1)C(=O)O)C(C)C)C(C)C,0,0.0033293715919702756,0.6753246753246753,0.50-0.70
random,0,111,Cc1oncc1C(=O)Nc1ccc(C(F)(F)F)cc1,1,0.7341133467371808,0.2608695652173913,<0.30
random,0,442,C/C(=N\O)[C@@H](C)NCC(C)(C)CN[C@H](C)/C(C)=N/O,0,0.09535340865275908,0.2,<0.30
random,0,381,O=S([O-])([O-])=S.[Na+].[Na+],0,0.33764828274851005,0.21428571428571427,<0.30
random,0,409,CCCCC[C@](C)(O)/C=C/[C@@H]1[C@@H](C/C=C/CCCC(=O)O)[C@@H](O)C[C@H]1O,0,0.06511222540795979,0.3508771929824561,0.30-0.50
random,0,91,CC12CCC3c4ccc(OC(=O)N(CCCl)CCCl)cc4CCC3C1CCC2O,1,0.7781169246879909,0.34285714285714286,0.30-0.50
random,0,84,CNCC[C@H](Oc1cccc2ccccc12)c1cccs1,1,0.7975879177796118,0.44,0.30-0.50
random,0,209,C[C@]12CCC(=O)C=C1CC[C@H]1[C@@H]3CC[C@](O)(C(=O)CO)[C@@]3(C)C[C@H](O)[C@@]12F,0,0.4280732793063462,0.4,0.30-0.50
random,0,112,Cc1cccc(C)c1OCC(C)N,1,0.6051655374743788,0.3870967741935484,0.30-0.50
random,0,387,C[NH+](C)CCOC(c1ccccc1)c1ccccc1.Cn1c2nc(Cl)nc-2c([O-])n(C)c1=O,0,0.5714384419670626,0.3157894736842105,0.30-0.50
random,0,215,NC[C@@H]1O[C@H](O[C@H]2[C@@H](O)[C@H](O[C@@H]3[C@@H](O)[C@H](N)C[C@H](N)[C@H]3O[C@H]3O[C@H](CO)[C@@H](O)[C@H](O)[C@H]3N)O[C@@H]2CO)[C@H](N)[C@@H](O)[C@@H]1O,0,0.017425061989305924,0.9761904761904762,>=0.70
random,0,271,O.O.O.O=S(=O)([O-])OC[C@H]1O[C@@H](O[C@]2(COS(=O)(=O)[O-])O[C@H](OS(=O)(=O)[O-])[C@@H](OS(=O)(=O)[O-])[C@@H]2OS(=O)(=O)[O-])[C@H](OS(=O)(=O)[O-])[C@@H](OS(=O)(=O)[O-])[C@@H]1OS(=O)(=O)[O-].[Al],0,0.3703932357010428,0.16176470588235295,<0.30
random,0,349,CN(C)CC[C@@H](c1ccc(Cl)cc1)c1ccccn1,0,0.16446180961291484,0.75,>=0.70
random,0,369,OCC(O)C(O)C(O)C(O)CO,0,0.03200607852053401,1.0,>=0.70
random,0,283,Cn1c(=O)c2c(ncn2CC(O)CO)n(C)c1=O,0,0.015553350890219815,0.525,0.50-0.70
random,0,324,CC[N+](CC)(CCNC(=O)C(=O)NCC[N+](CC)(CC)Cc1ccccc1Cl)Cc1ccccc1Cl,0,0.8712044504914382,0.32653061224489793,0.30-0.50
random,0,326,CN1CCCN=C1/C=C/c1cccs1,0,0.4366958510789142,0.21818181818181817,<0.30
random,0,126,Nc1ccn([C@@H]2O[C@H](CO)[C@@H](O)[C@@H]2O)c(=O)n1,1,0.17156501754892378,0.46153846153846156,0.30-0.50
random,0,223,CC(C)NCC(O)COc1cccc2[nH]ccc12,0,0.05202195317315287,0.39285714285714285,0.30-0.50
random,0,129,C1CCC(C(CC2CCCCN2)C2CCCCC2)CC1,1,0.1502243800397621,0.16666666666666666,<0.30
random,0,358,CCOC(=O)N1CCC(=C2c3ccc(Cl)cc3CCc3cccnc32)CC1,0,0.952282415383906,0.26865671641791045,<0.30
random,0,29,S=c1nc[nH]c2nc[nH]c12,1,0.6993405617560752,0.3142857142857143,0.30-0.50
random,0,175,CC(=O)N[C@@H]1[C@@H](O[C@@H]2O[C@@H](C(=O)[O-])[C@@H](O)[C@H](O)[C@H]2O)[C@@H](OS(=O)(=O)[O-])[C@@H](CO)O[C@H]1O,1,0.25074739064666235,0.3333333333333333,0.30-0.50
random,0,299,COc1ccc2c3c1O[C@H]1C(=O)CC[C@@]4(O)[C@@H](C2)N(C)CC[C@]314,0,0.07774118172107954,0.7678571428571429,>=0.70
random,0,85,c1ccc2[nH]c(-c3cscn3)nc2c1,1,0.6136064604218798,0.16129032258064516,<0.30
random,0,377,CSCC[C@H](NC(=O)[C@H](Cc1ccc(OS(=O)(=O)O)cc1)NC(=O)[C@@H](N)CC(=O)O)C(=O)NCC(=O)N[C@@H](Cc1c[nH]c2ccccc12)C(=O)N[C@@H](CCSC)C(=O)N[C@@H](CC(=O)O)C(=O)N[C@@H](Cc1ccccc1)C(N)=O,0,0.11023435769138137,0.6354166666666666,0.50-0.70
random,0,413,CCC(C)C1NC(=O)C(Cc2ccc(O)cc2)NC(=O)C(N)CSSCC(C(=O)N2CCCC2C(=O)NC(CC(C)C)C(=O)NCC(N)=O)NC(=O)C(CC(N)=O)NC(=O)C(C(C)O)NC1=O,0,0.0044594249926952195,0.8979591836734694,>=0.70
random,0,140,O=C(O)c1cc(-c2ccccc2)nc2ccccc12,1,0.9534841867612773,0.28205128205128205,<0.30
random,0,216,[Cl-].[NH4+],0,0.3037968132163741,0.08333333333333333,<0.30
random,0,376,NC(=O)[C@@H]1CCCN1C(=O)[C@H](Cc1cnc[nH]1)NC(=O)[C@@H]1CCC(=O)N1,0,0.27073609507908897,0.26973684210526316,<0.30
random,0,33,NC(=O)N1c2ccccc2C=Cc2ccccc21,1,0.7212932708267193,0.26666666666666666,<0.30
random,0,193,CN(C)C(=O)Oc1ccc[n+](C)c1,0,0.5213576804122448,0.23404255319148937,<0.30
random,0,44,O=c1nc[nH]c2c1ncn2[C@H]1CC[C@@H](CO)O1,1,0.7886411592305469,0.2698412698412698,<0.30
random,0,69,Nc1ccn([C@@H]2O[C@H](CO)[C@@H](O)C2(F)F)c(=O)n1,1,0.6224115042330914,0.27419354838709675,<0.30
random,0,92,C[C@]12CC[C@H]3[C@@H](CCC4=CC(=O)CC[C@@H]43)[C@@H]1CC[C@@H]2O,1,0.171411483492776,0.56,0.50-0.70
random,0,261,CN(C)CCc1c[nH]c2ccc(Cn3cncn3)cc12,0,0.6069329230963555,0.5084745762711864,0.50-0.70
random,0,440,CN1CCc2cccc3c2[C@H]1Cc1ccc(O)c(O)c1-3,0,0.05992231833685598,0.27941176470588236,<0.30
random,0,359,COC(=O)[C@H]1[C@H]2C[C@@H]3c4[nH]c5cc(OC)ccc5c4CCN3C[C@H]2C[C@@H](OC(=O)c2cc(OC)c(OC)c(OC)c2)[C@@H]1OC,0,0.5457707121272615,0.21052631578947367,<0.30
random,0,80,Clc1ccc2nsnc2c1NC1=NCCN1,1,0.8158457217210492,0.203125,<0.30
random,0,395,C/C=C1\NC(=O)[C@H]2CSSCC/C=C/[C@H](CC(=O)N[C@H](C(C)C)C(=O)N2)OC(=O)[C@H](C(C)C)NC1=O,0,0.8874974802997259,0.15037593984962405,<0.30
random,0,332,CC(=O)Oc1ccc(C(c2ccc(OC(C)=O)cc2)c2ccccn2)cc1,0,0.5612454307969881,0.36,0.30-0.50
random,0,263,CC#C[C@]1(O)CC[C@H]2[C@@H]3CCC4=CC(=O)CCC4=C3[C@@H](c3ccc(N(C)C)cc3)C[C@@]21C,0,0.30990556341212994,0.27710843373493976,<0.30
random,0,17,CCCCCOc1ccc(-c2cc(-c3ccc(C(=O)NC4CC(O)C(O)NC(=O)C5C(O)C(C)CN5C(=O)C(C(O)CC(N)=O)NC(=O)C(C(O)C(O)c5ccc(O)c(OS(=O)(=O)O)c5)NC(=O)C5CC(O)CN5C(=O)C(C(C)O)NC4=O)cc3)no2)cc1,1,0.5242522392515465,0.20454545454545456,<0.30
random,0,25,CC[C@H]1OC(=O)[C@H](C)[C@@H](O[C@H]2C[C@@](C)(OC)[C@@H](O)[C@H](C)O2)[C@H](C)[C@@H](O[C@@H]2O[C@H](C)C[C@H](N(C)C)[C@H]2O)[C@](C)(OC)C[C@@H](C)C(=O)[C@H](C)[C@@H](O)[C@]1(C)O,1,0.058996724152203486,0.4396551724137931,0.30-0.50
random,0,386,CC[C@H](C)[C@H](NC(=O)[C@H](Cc1ccccc1)NC(=O)[C@H](CC(C)C)NC(=O)[C@H](CCCNC(=N)N)NC(=O)[C@@H](NC(=O)[C@H](C)NC(=O)[C@H](CCC(=O)O)NC(=O)[C@H](CCC(=O)O)NC(=O)[C@H](CCC(=O)O)NC(=O)[C@H](CCSC)NC(=O)[C@H](CCC(N)=O)NC(=O)[C@H](CCCCN)NC(=O)[C@H](CO)NC(=O)[C@H](CC(C)C)NC(=O)[C@H](CC(=O)O)NC(=O)[C@H](CO)NC(=O)[C@@H](NC(=O)[C@H](Cc1ccccc1)NC(=O)[C@@H](NC(=O)CNC(=O)[C@H](CCC(=O)O)NC(=O)CNC(=O)[C@@H](N)Cc1cnc[nH]1)[C@@H](C)O)[C@@H](C)O)C(C)C)C(=O)N[C@@H](CCC(=O)O)C(=O)N[C@@H](Cc1c[nH]c2ccccc12)C(=O)N[C@@H](CC(C)C)C(=O)N[C@@H](CCCCN)C(=O)N[C@@H](CC(N)=O)C(=O)NCC(=O)NCC(=O)N1CCC[C@H]1C(=O)N[C@@H](CO)C(=O)N[C@@H](CO)C(=O)NCC(=O)N[C@@H](C)C(=O)N1CCC[C@H]1C(=O)N1CCC[C@H]1C(=O)N1CCC[C@H]1C(=O)N[C@@H](CO)C(N)=O,0,0.00039066582853895993,0.7514792899408284,>=0.70
random,0,265,CC(Cc1ccccc1)N(C)Cc1ccccc1,0,0.18015035605761529,0.625,0.50-0.70
random,0,177,CN1CCC(Nc2ncc3ncnc(Nc4ccc(F)c(Cl)c4)c3n2)CC1,1,0.9853244313055464,0.4074074074074074,0.30-0.50
random,0,443,NC(=O)CCC1NC(=O)C(Cc2ccccc2)NC(=O)C(Cc2ccc(O)cc2)NC(=O)C(N)CSSCC(C(=O)N2CCCC2C(=O)NC(CCCN=C(N)N)C(=O)NCC(N)=O)NC(=O)C(CC(N)=O)NC1=O,0,0.0003369171511230657,0.7090909090909091,>=0.70
random,0,39,O=C(O)c1cccnc1,1,0.9222712862818607,0.5151515151515151,0.50-0.70
random,0,361,Cc1cccc(C)c1NC(=O)C1CCCCN1C,0,0.11721771305200088,0.3617021276595745,0.30-0.50
random,0,379,O=C(NCC(O)CO)c1c(I)c(C(=O)NCC(O)CO)c(I)c(N(CCO)C(=O)CO)c1I,0,0.026319766394071766,0.21428571428571427,<0.30
random,0,103,Cc1cn([C@H]2C=C[C@@H](CO)O2)c(=O)[nH]c1=O,1,0.8524768579761208,0.4727272727272727,0.30-0.50
random,0,117,Cc1ccnc2c1NC(=O)c1cccnc1N2C1CC1,1,0.8237260303000303,0.23214285714285715,<0.30
random,0,145,CCOC(Nc1ccc(C(=O)O)cc1)C(=O)c1ccc(-c2ccccc2)cc1,1,0.6462257271377383,0.3333333333333333,0.30-0.50
random,0,30,CC(=O)Nc1ccc(O)cc1,1,0.20196023506371852,0.3142857142857143,0.30-0.50
random,0,213,Cc1ncc(C[n+]2csc(CCO)c2C)c(N)n1,0,0.6591807979179009,0.23076923076923078,<0.30
random,0,2,C/C=C/C[C@@H](C)[C@@H](O)C1C(=O)NC(CC)C(=O)N(C)CC(=O)N(C)C(CC(C)C)C(=O)NC(C(C)C)C(=O)N(C)C(CC(C)C)C(=O)NC(C)C(=O)NC(C)C(=O)N(C)C(CC(C)C)C(=O)N(C)C(CC(C)C)C(=O)N(C)C(C(C)C)C(=O)N1C,1,0.35149488942633966,0.23308270676691728,<0.30
random,0,66,CCN(CC)C(=O)[C@]1(c2ccccc2)C[C@@H]1CN,1,0.1285153612309264,0.3018867924528302,0.30-0.50
random,0,335,CC(C)(C)NC[C@H](O)COc1ccccc1C1CCCC1,0,0.04240033076803122,0.3673469387755102,0.30-0.50
random,0,114,C[C@]12COC(=O)C[C@@H]1CC[C@@H]1[C@@H]2CC[C@@]2(C)[C@H]1CC[C@]2(C)O,1,0.6626113904757,0.5882352941176471,0.50-0.70
random,0,36,O=C1CN(/N=C\c2ccc([N+](=O)[O-])o2)C(=O)N1,1,0.8733786938187444,0.673469387755102,0.50-0.70
random,0,298,CC(=O)[O-].CC(=O)[O-].[Ca+2],0,0.2800388403102541,0.4166666666666667,0.30-0.50
random,0,256,C[C@]12CCC(=O)C=C1CC[C@@H]1[C@@H]2[C@@H](O)C[C@@]2(C)[C@H]1CC[C@]2(O)C(=O)CO,0,0.2537518948103682,0.5294117647058824,0.50-0.70
random,0,116,CCCc1cc(=O)[nH]c(=S)[nH]1,1,0.7509200310069396,0.18181818181818182,<0.30
random,0,231,CC1C(c2ccccc2)OCCN1C,0,0.17296433506830772,0.2765957446808511,<0.30
random,0,311,C[C@H]1CN(C[C@H](Cc2ccccc2)C(=O)NCC(=O)O)CC[C@@]1(C)c1cccc(O)c1,0,0.0027074241335272808,0.29577464788732394,<0.30
random,0,351,CCCCCCC(C)(C)c1cc(O)c2c(c1)OC(C)(C)[C@@H]1CCC(=O)C[C@@H]21,0,0.5041275857601918,0.2261904761904762,<0.30
random,0,120,Cc1ccc(Nc2nccc(N(C)c3ccc4c(C)n(C)nc4c3)n2)cc1S(N)(=O)=O,1,0.9556607663514007,0.25773195876288657,<0.30
random,1,16,Cc1cc(C#N)cc(C)c1Oc1nc(Nc2ccc(C#N)cc2)nc(N)c1Br,1,0.9880628443128467,0.18823529411764706,<0.30
random,1,44,O=c1nc[nH]c2c1ncn2[C@H]1CC[C@@H](CO)O1,1,0.6395465301385379,0.2608695652173913,<0.30
random,1,280,CC(C[N+](C)(C)C)OC(N)=O,0,0.4380275094539217,0.2857142857142857,<0.30
random,1,9,CS(=O)(=O)Nc1ccc([N+](=O)[O-])cc1Oc1ccccc1,1,0.9051360013384651,0.2641509433962264,<0.30
random,1,418,CC(O)CN1CCN(CC(=O)[O-])CCN(CC(=O)[O-])CCN(CC(=O)[O-])CC1.[Gd+3],0,0.02565855473926864,0.3,0.30-0.50
random,1,384,CC[C@H](C)[C@H](NC(=O)[C@@H]1CCCN1C(=O)CNC(=O)[C@H](Cc1ccccc1)NC(=O)[C@H](CC(N)=O)NC(=O)[C@H](CC(N)=O)NC(=O)[C@H](CO)NC(=O)[C@H](CO)NC(=O)[C@H](Cc1cnc[nH]1)NC(=O)[C@@H](NC(=O)[C@H](CC(C)C)NC(=O)[C@H](Cc1ccccc1)NC(=O)[C@H](CC(N)=O)NC(=O)[C@H](C)NC(=O)[C@H](CC(C)C)NC(=O)[C@H](CCCNC(=N)N)NC(=O)[C@H](CCC(N)=O)NC(=O)[C@@H](NC(=O)[C@H](C)NC(=O)[C@H](CS)NC(=O)[C@@H](NC(=O)[C@H](C)NC(=O)[C@@H](NC(=O)[C@H](CC(N)=O)NC(=O)[C@H](CS)NC(=O)[C@@H](N)CCCCN)[C@@H](C)O)[C@@H](C)O)[C@@H](C)O)C(C)C)C(=O)N[C@@H](CC(C)C)C(=O)N1CCC[C@H]1C(=O)N1CCC[C@H]1C(=O)N[C@H](C(=O)N[C@@H](CC(N)=O)C(=O)N[C@H](C(=O)NCC(=O)N[C@@H](CO)C(=O)N[C@@H](CC(N)=O)C(=O)N[C@H](C(=O)N[C@@H](Cc1ccc(O)cc1)C(N)=O)[C@@H](C)O)C(C)C)[C@@H](C)O,0,0.00017085162157160045,0.7423312883435583,>=0.70
random,1,169,Cc1nc([N+](=O)[O-])cn1-c1ccc([N+](=O)[O-])cc1,1,0.850509917445847,0.24561403508771928,<0.30
random,1,71,COc1cc2ncnc(Nc3ccc(F)c(Cl)c3)c2cc1OCCCN1CCOCC1,1,0.9461323537983343,0.40789473684210525,0.30-0.50
random,1,247,C[N+](C)(C)C[C@H](O)CC(=O)[O-],0,0.044174809485259314,0.4583333333333333,0.30-0.50
random,1,312,CCC(=O)NCC[C@@H]1CCc2ccc3c(c21)CCO3,0,0.8536576538413034,0.20270270270270271,<0.30
random,1,241,NC(=O)C(c1ccccc1)(c1ccccc1)[C@@H]1CCN(CCc2ccc3c(c2)CCO3)C1,0,0.21949928167789018,0.3333333333333333,0.30-0.50
random,1,419,C=CC[N+]1([C@H]2C[C@H]3[C@@H]4CC[C@H]5C[C@H](O)[C@@H](N6CCOCC6)C[C@]5(C)[C@H]4CC[C@]3(C)[C@H]2OC(C)=O)CCCC1,0,0.008587163087347574,0.573170731707317,0.50-0.70
random,1,38,OC(Cn1cncn1)(Cn1cncn1)c1ccc(F)cc1F,1,0.7595459337146336,0.5849056603773585,0.50-0.70
random,1,163,CN(C)CC=C(c1ccc(Br)cc1)c1cccnc1,1,0.39175906668547533,0.35714285714285715,0.30-0.50
random,1,396,C=CCOCC1CN2CCO[Si](C)(O1)OC(COCC=C)C2,0,0.1687167990751141,0.1875,<0.30
random,1,317,CCC(C)CCCCC(=O)NC(CCNCS(=O)(=O)[O-])C(=O)NC(C(=O)NC(CCNCS(=O)(=O)[O-])C(=O)NC1CCNC(=O)C(C(C)O)NC(=O)C(CCNCS(=O)(=O)[O-])NC(=O)C(CCNCS(=O)(=O)[O-])NC(=O)C(CC(C)C)NC(=O)C(CC(C)C)NC(=O)C(CCNCS(=O)(=O)[O-])NC1=O)C(C)O.[Na+].[Na+].[Na+].[Na+].[Na+],0,0.03667160352564456,0.7019230769230769,>=0.70
random,1,323,O=[N+]([O-])OCC(CO[N+](=O)[O-])O[N+](=O)[O-],0,0.3461744696866322,0.21212121212121213,<0.30
random,1,145,CCOC(Nc1ccc(C(=O)O)cc1)C(=O)c1ccc(-c2ccccc2)cc1,1,0.7542573849460525,0.3333333333333333,0.30-0.50
random,1,417,COc1cc2c(cc1OC)[C@@H](Cc1cc(OC)c(OC)c(OC)c1)[N+](C)(CCCOC(=O)CC/C=C/CCC(=O)OCCC[N+]1(C)CCc3cc(OC)c(OC)cc3[C@H]1Cc1cc(OC)c(OC)c(OC)c1)CC2,0,0.037441426680488395,0.6825396825396826,0.50-0.70
random,1,138,CC(C(=O)O)c1ccc2oc(-c3ccc(Cl)cc3)nc2c1,1,0.9816903672548992,0.37037037037037035,0.30-0.50
random,1,315,CC(O)C(O)C1CNc2[nH]c(N)nc(=O)c2N1,0,0.27324324948599077,0.3037974683544304,0.30-0.50
random,1,112,Cc1cccc(C)c1OCC(C)N,1,0.6902673684564545,0.3870967741935484,0.30-0.50
random,1,151,CN(C)CCCC1c2ccccc2Nc2ccc(Cl)cc21,1,0.11122973656887472,0.38181818181818183,0.30-0.50
random,1,233,CN1CC[C@]23c4c5ccc(O)c4O[C@H]2[C@@H](O)C=C[C@H]3[C@H]1C5,0,0.024257685208156313,0.7592592592592593,>=0.70
random,1,21,O=c1[nH]c2cc(Cl)ccc2o1,1,0.899872522657448,0.23636363636363636,<0.30
random,1,167,CN1CCCC(CN2c3ccccc3Sc3ccccc32)C1,1,0.319193263249097,0.2459016393442623,<0.30
random,1,330,CCCC(C)(COC(N)=O)COC(=O)NC(C)C,0,0.2044261082280718,0.696969696969697,0.50-0.70
random,1,185,CCN(CC)CC#CCOC(=O)C(O)(c1ccccc1)C1CCCCC1,0,0.03918664308337649,0.46551724137931033,0.30-0.50
random,1,305,CN1[C@@H]2CC[C@@H]1CC(OC(c1ccccc1)c1ccccc1)C2,0,0.1417510471792709,0.5227272727272727,0.50-0.70
random,1,245,NS(=O)(=O)c1cc(Cl)c(Cl)c(S(N)(=O)=O)c1,0,0.7650771407025214,0.15942028985507245,<0.30
random,1,340,Nc1ncnc2c1ncn2[C@@H]1O[C@H](CO)[C@@H](O)[C@H]1O,0,0.28930913159160204,0.5076923076923077,0.50-0.70
random,1,341,CC(CCc1ccc(O)cc1)NCCc1ccc(O)c(O)c1,0,0.5781531808491059,0.41025641025641024,0.30-0.50
random,1,326,CN1CCCN=C1/C=C/c1cccs1,0,0.39981689164645606,0.21739130434782608,<0.30
random,1,382,CC[C@H](C)[C@@H]1NC(=O)[C@H](CCCNC(=N)N)NC(=O)[C@H](CC(=O)O)NC(=O)[C@H](CCSC)NC(=O)[C@H](CCCCN)NC(=O)[C@H](CCCNC(=N)N)NC(=O)CNC(=O)[C@H](Cc2ccccc2)NC(=O)[C@@H](NC(=O)CNC(=O)[C@H](CO)NC(=O)CNC(=O)[C@H](CCC(N)=O)NC(=O)[C@@H](NC(=O)[C@H](CCSC)NC(=O)[C@H](CCCCN)NC(=O)[C@@H]2CCCN2C(=O)[C@@H](N)CO)C(C)C)CSSC[C@@H](C(=O)N[C@@H](CCCCN)C(=O)N[C@H](C(=O)N[C@@H](CC(C)C)C(=O)N[C@@H](CCCNC(=N)N)C(=O)N[C@@H](CCCNC(=N)N)C(=O)N[C@@H](CC2C=NC=N2)C(=O)O)C(C)C)NC(=O)CNC(=O)[C@H](CC(C)C)NC(=O)CNC(=O)[C@H](CO)NC(=O)[C@H](CO)NC(=O)[C@H](CO)NC(=O)[C@H](CO)NC1=O,0,0.00037897735313775614,0.49416342412451364,0.30-0.50
random,1,321,C#C[C@]1(O)CC[C@H]2[C@@H]3CCC4=CC(=O)CC[C@@H]4[C@H]3CC[C@@]21CC,0,0.4217461442150207,0.5396825396825397,0.50-0.70
random,1,68,CCCN(CCOc1c(Cl)cc(Cl)cc1Cl)C(=O)n1ccnc1.O=S(=O)([O-])C(I)I.[Na+],1,0.980209501963211,0.2345679012345679,<0.30
random,1,54,Nc1nc(NC2CC2)c2ncn(C3C=C[C@H](CO)C3)c2n1,1,0.12388661366212095,0.25,<0.30
random,1,244,CN1C[C@H](C(=O)N[C@]2(C)O[C@@]3(O)[C@@H]4CCCN4C(=O)[C@H](Cc4ccccc4)N3C2=O)C[C@@H]2c3cccc4[nH]cc(c34)C[C@H]21,0,0.014757662103065233,0.32456140350877194,0.30-0.50
random,1,234,CN(CCOc1ccc(NS(C)(=O)=O)cc1)CCc1ccc(NS(C)(=O)=O)cc1,0,0.8783221359699095,0.37681159420289856,0.30-0.50
random,1,156,O=C(O)COc1nn(Cc2ccccc2)c2ccccc12,1,0.5773151236351517,0.23333333333333334,<0.30
random,1,221,CCC[C@H]1O[C@@H]2C[C@H]3[C@@H]4CCC5=CC(=O)C=C[C@]5(C)[C@H]4[C@@H](O)C[C@]3(C)[C@]2(C(=O)CO)O1,0,0.7070150749365128,0.2808988764044944,<0.30
random,1,53,CC1=C(CC(=O)O)c2cc(F)ccc2C1=Cc1ccc(S(C)=O)cc1,1,0.7902847148596844,0.25,<0.30
random,1,393,[Fe].[O]=[Fe][OH].[O]=[Fe][OH],0,0.34861912057799976,0.15384615384615385,<0.30
random,1,143,NC(=O)NS(=O)(=O)c1ccc(N)cc1,1,0.9600021903953582,0.4473684210526316,0.30-0.50
random,1,19,COc1cc(C(=O)NS(=O)(=O)c2ccccc2C)ccc1Cc1cn(C)c2ccc(NC(=O)OC3CCCC3)cc12,1,0.1718094800898355,0.25,<0.30
random,1,105,CN(Cc1cnc2nc(N)nc(N)c2n1)c1ccc(C(=O)N[C@@H](CCC(=O)O)C(=O)O)cc1,1,0.1983574673349002,0.4805194805194805,0.30-0.50
random,1,438,CSCC[C@H](N)C(=O)O,0,0.2799622443412483,0.40625,0.30-0.50
random,1,328,CC[C@@]1(O)C(=O)OCc2c1cc1n(c2=O)Cc2cc3c(CN(C)C)c(O)ccc3nc2-1,0,0.873030405118148,0.19387755102040816,<0.30
random,1,214,OC[C@@H](O)[C@H](O)[C@@H](O)[C@@H](O)CO,0,0.03696046196620478,1.0,>=0.70
random,1,439,Cc1c(C)c2c(c(C)c1O)CC[C@@](C)(CCC[C@H](C)CCC[C@H](C)CCCC(C)C)O2,0,0.4056681414280961,0.38028169014084506,0.30-0.50
random,1,0,Cc1nnc(C(=O)NC(C)(C)C2=N/C(=C(\O)NCc3ccc(F)cc3)C(=O)C(=O)N2C)o1,1,0.9335356172605237,0.2125,<0.30
random,1,14,CCC1(c2ccccc2)C(=O)NC(=O)NC1=O.CCCCOCC(CN1C(=O)N(CC(COCCCC)OC(N)=O)C(=O)C(CC)(c2ccccc2)C1=O)OC(N)=O.CCCCOCC(CN1C(=O)NC(=O)C(CC)(c2ccccc2)C1=O)OC(N)=O,1,0.7932614915258442,0.3181818181818182,0.30-0.50
random,1,325,CN[C@@H](C)[C@H](O)c1ccccc1,0,0.4693808885066268,0.4146341463414634,0.30-0.50
random,1,51,Clc1ccccc1CN1CCc2sccc2C1,1,0.6557888336873486,0.23214285714285715,<0.30
random,1,422,NC(=O)C1CSSCCC(=O)NC(CCCCN=C(N)N)C(=O)NCC(=O)NC(CC(=O)O)C(=O)NC(Cc2c[nH]c3ccccc23)C(=O)N2CCCC2C(=O)N1,0,0.03494351020119036,0.32751091703056767,0.30-0.50
random,1,88,Cc1nc(-c2ccc(OCC(C)C)c(C#N)c2)sc1C(=O)O,1,0.9316441744963296,0.23076923076923078,<0.30
random,1,400,CNC[C@H](O)c1ccc(O)c(O)c1,0,0.1413315227673363,0.6875,0.50-0.70
random,1,70,Cc1ccc(C)c(OCCCC(C)(C)C(=O)O)c1,1,0.30462287880840677,0.2631578947368421,<0.30
random,1,86,Cc1ccccc1C(=O)Nc1ccc(C(=O)N2CCCC(O)c3cc(Cl)ccc32)c(C)c1,1,0.4395841804400694,0.313953488372093,0.30-0.50
random,1,192,Cn1c(=O)c2c(ncn2C)n(C)c1=O,0,0.13535915473832238,0.525,0.50-0.70
random,1,255,OCC(S)CS,0,0.08112145749121005,0.2631578947368421,<0.30
random,1,173,O=c1[nH]c(=O)n([C@@H]2O[C@H](CO)[C@@H](O)[C@@H]2F)cc1I,1,0.7125211243528928,0.3888888888888889,0.30-0.50
random,1,359,COC(=O)[C@H]1[C@H]2C[C@@H]3c4[nH]c5cc(OC)ccc5c4CCN3C[C@H]2C[C@@H](OC(=O)c2cc(OC)c(OC)c(OC)c2)[C@@H]1OC,0,0.4406510300656052,0.23529411764705882,<0.30
random,1,425,CCCCS(=O)(=O)N[C@@H](Cc1ccc(OCCCCC2CCNCC2)cc1)C(=O)O,0,0.5425951325212535,0.24444444444444444,<0.30
random,1,114,C[C@]12COC(=O)C[C@@H]1CC[C@@H]1[C@@H]2CC[C@@]2(C)[C@H]1CC[C@]2(C)O,1,0.714391321544837,0.5882352941176471,0.50-0.70
random,1,406,CSCC[C@H](NC(=O)[C@H](Cc1c[nH]c2ccccc12)NC(=O)CCNC(=O)OCC(C)C)C(=O)N[C@@H](CC(=O)O)C(=O)N[C@@H](Cc1ccccc1)C(N)=O,0,0.10669596756895611,0.6354166666666666,0.50-0.70
random,1,270,CC(C)CC(NC(=O)CNC(=O)C(CCC(N)=O)NC(=O)C(CC(C)C)NC(=O)C(CC(C)C)NC(=O)C(CCCNC(=N)N)NC(=O)C(CCC(N)=O)NC(=O)C(CC(C)C)NC(=O)C(CCCNC(=N)N)NC(=O)C(C)NC(=O)C(CO)NC(=O)C(CC(=O)O)NC(=O)C(CCCNC(=N)N)NC(=O)C(CC(C)C)NC(=O)C(CCCNC(=N)N)NC(=O)C(CO)NC(=O)C(CC(C)C)NC(=O)C(CCC(=O)O)NC(=O)C(CO)NC(=O)C(NC(=O)C(Cc1ccccc1)NC(=O)C(NC(=O)CNC(=O)C(CC(=O)O)NC(=O)C(CO)NC(=O)C(N)Cc1ncc[nH]1)C(C)O)C(C)O)C(=O)NC(C(=O)O)C(C)C,0,0.013078242770910367,0.5547945205479452,0.50-0.70
random,1,37,CC/C(=C(\c1ccccc1)c1ccc(OCCN(C)C)cc1)c1ccccc1,1,0.2709543182031955,0.36363636363636365,0.30-0.50
random,1,150,CC(=O)Oc1ccc(C2(c3ccc(OC(C)=O)cc3)C(=O)Nc3ccccc32)cc1,1,0.8009918940417009,0.5531914893617021,0.50-0.70
random,1,399,NC[C@H](O)c1ccc(O)c(O)c1,0,0.11592233111648201,0.5454545454545454,0.50-0.70
random,1,124,OCC1OC(n2cnc3c2NC=NC[C@H]3O)CC1O,1,0.2325574255635938,0.2676056338028169,<0.30
random,1,159,COc1ccc2c(C(=O)c3ccc(Cl)cc3)c(C)n(CC(=O)O)c2c1,1,0.7476485470192027,0.5172413793103449,0.50-0.70
random,1,427,FC(F)(F)C(F)(F)C(F)(F)F,0,0.3771027249115516,0.08695652173913043,<0.30
random,1,131,O=C(O)COc1ccc(C(=O)c2cccs2)c(Cl)c1Cl,1,0.8708845706589293,0.2631578947368421,<0.30
random,1,443,NC(=O)CCC1NC(=O)C(Cc2ccccc2)NC(=O)C(Cc2ccc(O)cc2)NC(=O)C(N)CSSCC(C(=O)N2CCCC2C(=O)NC(CCCN=C(N)N)C(=O)NCC(N)=O)NC(=O)C(CC(N)=O)NC1=O,0,7.589460519946524e-05,0.7090909090909091,>=0.70
random,1,299,COc1ccc2c3c1O[C@H]1C(=O)CC[C@@]4(O)[C@@H](C2)N(C)CC[C@]314,0,0.06323574406956156,0.7678571428571429,>=0.70
random,1,421,CCCCCCCN(CC)CCCC(O)c1ccc(NS(C)(=O)=O)cc1,0,0.666266118685237,0.33783783783783783,0.30-0.50
random,1,313,CCCCC(F)(F)[C@@]1(O)CC[C@@H]2[C@H](CCCCCCC(=O)O)C(=O)C[C@H]2O1,0,0.17889412611078098,0.25,<0.30
random,1,206,CN[C@@H](C)[C@@H](O)c1ccccc1,0,0.4693808885066268,0.4146341463414634,0.30-0.50
random,1,191,N[C@@H](Cc1cc(I)c(Oc2ccc(O)c(I)c2)c(I)c1)C(=O)O,0,0.6601523812078881,0.25925925925925924,<0.30
random,1,111,Cc1oncc1C(=O)Nc1ccc(C(F)(F)F)cc1,1,0.7990418079328585,0.2727272727272727,<0.30
random,1,48,Cc1c2oc3c(C)ccc(C(=O)NC4C(=O)NC(C(C)C)C(=O)N5CCCC5C(=O)N(C)CC(=O)N(C)C(C(C)C)C(=O)OC4C)c3nc-2c(C(=O)NC2C(=O)NC(C(C)C)C(=O)N3CCCC3C(=O)N(C)CC(=O)N(C)C(C(C)C)C(=O)OC2C)c(N)c1=O,1,0.8114269946204281,0.23308270676691728,<0.30
random,1,387,C[NH+](C)CCOC(c1ccccc1)c1ccccc1.Cn1c2nc(Cl)nc-2c([O-])n(C)c1=O,0,0.40949576161665113,0.3157894736842105,0.30-0.50
random,1,153,NC(=O)C1CCN(CCCN2c3ccccc3Sc3ccc(Cl)cc32)CC1,1,0.7277439511663086,0.3384615384615385,0.30-0.50
random,1,429,NCC[C@H](O)C(=O)N[C@@H]1C[C@H](N)[C@@H](O[C@H]2O[C@H](CN)[C@@H](O)[C@H](O)[C@H]2O)[C@H](O)[C@H]1O[C@H]1O[C@H](CO)[C@@H](O)[C@H](N)[C@H]1O,0,0.10157660111186506,0.6551724137931034,0.50-0.70
random,1,256,C[C@]12CCC(=O)C=C1CC[C@@H]1[C@@H]2[C@@H](O)C[C@@]2(C)[C@H]1CC[C@]2(O)C(=O)CO,0,0.19270407999897093,0.578125,0.50-0.70
random,1,333,OC(CCN1CCCC1)(c1ccccc1)C1CCCCC1,0,0.001608531350695808,1.0,>=0.70
random,1,123,Cc1cccc(Nc2ccccc2C(=O)O)c1C,1,0.9493813421086765,0.30434782608695654,0.30-0.50
random,1,285,CC(C)[N+](C)(CCOC(=O)C1c2ccccc2Oc2ccccc21)C(C)C,0,0.325777800263042,0.28888888888888886,<0.30
random,1,362,Oc1ccc2c(c1)[C@@]13CCCC[C@@]1(O)[C@@H](C2)N(CC1CCC1)CC3,0,0.010607951598583994,0.4626865671641791,0.30-0.50
random,1,252,O=C(NC(CO)C(O)c1ccc([N+](=O)[O-])cc1)C(Cl)Cl,0,0.3084489271499317,0.23728813559322035,<0.30
random,2,133,O=C(OCC(O)CO)c1ccccc1Nc1ccnc2cc(Cl)ccc12,1,0.6270414117206495,0.25,<0.30
random,2,217,CC[C@@H](CO)NC(=O)[C@@H]1C=C2c3cccc4c3c(cn4C)C[C@H]2N(C)C1,0,0.29764781673163276,0.7230769230769231,>=0.70
random,2,183,Cc1nnc(C(C)C)n1C1C[C@H]2CC[C@@H](C1)N2CC[C@H](NC(=O)C1CCC(F)(F)CC1)c1ccccc1,1,0.11142644306695741,0.2222222222222222,<0.30
random,2,171,CC(N)C(=O)OC(C)(C)Cc1ccc(Cl)cc1,1,0.2772868611225801,0.3409090909090909,0.30-0.50
random,2,43,O=C(O)c1cn(C2CC2)c2cc(N3CCNCC3)c(F)cc2c1=O,1,0.8618738890884343,0.38571428571428573,0.30-0.50
random,2,264,CCC(c1cccc(O)c1)C(C)CN(C)C,0,0.25648936694435726,0.3333333333333333,0.30-0.50
random,2,320,Cc1cc2nc3c(=O)[nH]c(=O)nc-3n(C[C@@H](O)[C@@H](O)[C@@H](O)CO)c2cc1C,0,0.3524797607674848,0.2127659574468085,<0.30
random,2,272,O=C([O-])CCCO.[Na+],0,0.09033823907136292,0.3333333333333333,0.30-0.50
random,2,140,O=C(O)c1cc(-c2ccccc2)nc2ccccc12,1,0.947596864419954,0.26666666666666666,<0.30
random,2,108,C#C[C@]1(O)CC[C@H]2[C@@H]3CCC4=Cc5oncc5C[C@]4(C)[C@H]3CC[C@@]21C,1,0.30898530240142746,0.3235294117647059,0.30-0.50
random,2,391,CCCC(=O)OCOC(=O)C1=C(C)NC(C)=C(C(=O)OC)C1c1cccc(Cl)c1Cl,0,0.7889660158884568,0.22388059701492538,<0.30
random,2,346,CC(=O)OCC[N+](C)(C)C,0,0.042030660572003366,0.6521739130434783,0.50-0.70
random,2,188,CN1CCC[C@@H]1CCO[C@](C)(c1ccccc1)c1ccc(Cl)cc1,0,0.024931845076182825,0.29411764705882354,<0.30
random,2,388,CCN1CC(CCN2CCOCC2)C(c2ccccc2)(c2ccccc2)C1=O,0,0.2520798733807377,0.2833333333333333,<0.30
random,2,362,Oc1ccc2c(c1)[C@@]13CCCC[C@@]1(O)[C@@H](C2)N(CC1CCC1)CC3,0,0.008372368920329706,0.4626865671641791,0.30-0.50
random,2,112,Cc1cccc(C)c1OCC(C)N,1,0.6336678806068652,0.32432432432432434,0.30-0.50
random,2,259,C#CCN(C)[C@H](C)Cc1ccccc1,0,0.13320611905661192,0.625,0.50-0.70
random,2,234,CN(CCOc1ccc(NS(C)(=O)=O)cc1)CCc1ccc(NS(C)(=O)=O)cc1,0,0.8021838280472472,0.37681159420289856,0.30-0.50
random,2,231,CC1C(c2ccccc2)OCCN1C,0,0.16432184686672105,0.2765957446808511,<0.30
random,2,352,CN(C)CCc1c[nH]c2ccc(CS(=O)(=O)N3CCCC3)cc12,0,0.04105567195683661,0.5084745762711864,0.50-0.70
random,2,222,CN1[C@@H]2CC[C@H]1CC(OC(=O)C(CO)c1ccccc1)C2,0,0.02557107840010824,0.6,0.50-0.70
random,2,118,O=C1C=CC=C/C1=C1\N/C(=C2/C=CC=CC2=O)N(c2ccc(C(=O)O)cc2)N1,1,0.9846677864189111,0.20408163265306123,<0.30
random,2,13,CN1c2c(oc(=O)n(-c3ccccn3)c2=O)-c2ccccc2S1(=O)=O,1,0.5434095010113832,0.21739130434782608,<0.30
random,2,157,CCc1oc2ccccc2c1C(=O)c1ccc(O)cc1,1,0.9181117484935858,0.6904761904761905,0.50-0.70
random,2,95,O=C1NC(c2ccccc2)(c2ccccc2)C(=O)N1COP(=O)(O)O,1,0.7711713919379025,0.2653061224489796,<0.30
random,2,329,CN1C2CC(OC(=O)C(CO)c3ccccc3)CC1C1OC12,0,0.022050947444469227,0.6938775510204082,0.50-0.70
random,2,445,c1cc(CN2CCCNCCNCCCNCC2)ccc1CN1CCCNCCNCCCNCC1,0,0.14501736512081004,0.2413793103448276,<0.30
random,2,287,CN1C(=O)CC(C)(c2ccccc2)C1=O,0,0.5256304139871032,0.3170731707317073,0.30-0.50
random,2,358,CCOC(=O)N1CCC(=C2c3ccc(Cl)cc3CCc3cccnc32)CC1,0,0.7424100377138255,0.26865671641791045,<0.30
random,2,138,CC(C(=O)O)c1ccc2oc(-c3ccc(Cl)cc3)nc2c1,1,0.9270811387054987,0.37037037037037035,0.30-0.50
random,2,380,CC[C@H](C)[C@H](NC(=O)[C@H](CC(=O)O)NC(=O)[C@H](CC(C)C)NC(=O)[C@H](CC(C)C)NC(=O)[C@H](CCCCN)NC(=O)[C@H](CCCNC(=N)N)NC(=O)[C@H](CC(N)=O)NC(=O)[C@H](CO)NC(=O)[C@H](Cc1cnc[nH]1)NC(=O)[C@H](C)NC(=O)[C@H](CCC(N)=O)NC(=O)[C@H](CCC(N)=O)NC(=O)[C@H](C)NC(=O)[C@H](CC(C)C)NC(=O)[C@H](CCC(N)=O)NC(=O)[C@H](CC(=O)O)NC(=O)[C@H](C)NC(=O)[C@H](CCCCN)NC(=O)[C@@H](NC(=O)[C@H](CCSC)NC(=O)[C@H](CCC(=O)O)NC(=O)[C@H](CC(C)C)NC(=O)[C@@H](NC(=O)[C@H](CCC(=O)O)NC(=O)[C@H](CCCNC(=N)N)NC(=O)[C@H](CC(C)C)NC(=O)[C@H](CC(C)C)NC(=O)[C@H](Cc1cnc[nH]1)NC(=O)[C@H](Cc1ccccc1)NC(=O)[C@@H](NC(=O)[C@H](CC(C)C)NC(=O)[C@H](CC(=O)O)NC(=O)[C@H](CC(C)C)NC(=O)[C@H](CO)NC(=O)[C@@H](NC(=O)[C@@H]1CCCN1C(=O)[C@@H]1CCCN1C(=O)[C@H](CCC(=O)O)NC(=O)[C@H](CCC(N)=O)NC(=O)[C@@H](N)CO)[C@@H](C)CC)[C@@H](C)O)C(C)C)[C@@H](C)O)C(=O)N[C@@H](C)C(N)=O,0,0.0009602282665662401,0.9568345323741008,>=0.70
random,2,441,C#CC1(OC(C)=O)CCC2C3CCC4=CC(=O)CCC4C3CCC21C,0,0.7042274664189792,0.5396825396825397,0.50-0.70
random,2,447,Nc1nc(=O)c2c([nH]1)NCC(CNc1ccc(C(=O)NC(CCC(=O)O)C(=O)O)cc1)N2C=O,0,0.059431548826490155,1.0,>=0.70
random,2,251,C[C@H](N)Cc1ccccc1,0,0.22095628772908,0.5384615384615384,0.50-0.70
random,2,316,COc1ccc2c3c1O[C@H]1[C@@H](O)C=C[C@H]4[C@@H](C2)N(C)CC[C@@]341,0,0.06129331331932111,0.42857142857142855,0.30-0.50
random,2,402,CC(=O)Nc1c(I)c(NC(C)=O)c(I)c(C(=O)O)c1I,0,0.330498823972594,0.7333333333333333,>=0.70
random,2,397,CC[C@H](C)[C@@H]1NC(=O)[C@H](Cc2ccccc2)NC(=O)[C@H](CCC(=O)O)NC(=O)[C@H](CCC(=O)O)NC(=O)[C@@H]2CSSC[C@@H]3NC(=O)[C@H](CCC(=O)O)NC(=O)[C@H](CCC(=O)O)NC(=O)[C@H](CC(C)C)NC(=O)[C@H](CO)NC(=O)[C@H](CCC(=O)O)NC(=O)[C@H](Cc4ccccc4)NC(=O)[C@H](CCCNC(=N)N)NC(=O)[C@H](CC(N)=O)NC(=O)[C@H](CCC(N)=O)NC(=O)[C@H](CC(N)=O)NC(=O)CNC(=O)[C@H](CCC(=O)O)NC(=O)[C@H](CSSC[C@H](NC(=O)[C@@H]4CCCN4C(=O)CNC(=O)[C@H](CC(=O)O)NC(=O)[C@H](CC(=O)O)NC(=O)[C@H](C)NC(=O)[C@H](CCCCN)NC(=O)[C@H](Cc4ccccc4)NC(=O)[C@H](C)NC(=O)[C@@H](NC(=O)[C@H](Cc4ccccc4)NC(=O)[C@H](CO)NC(=O)[C@H](Cc4cnc[nH]4)NC(=O)[C@H](CCSC)NC(=O)[C@H](C)NC(=O)[C@@H](N)CCC(=O)O)CSSC[C@@H](C(=O)N[C@H](C(=O)N[C@@H](CCCNC(=N)N)C(=O)N[C@@H](CC(=O)O)C(=O)O)[C@H](C)O)NC(=O)[C@H](CCSC)NC(=O)[C@H](CCCCN)NC(=O)[C@H](CCCCN)NC3=O)C(=O)N[C@@H](CCCNC(=N)N)C(=O)N[C@@H](C)C(=O)N[C@@H](C)C(=O)N[C@@H](Cc3cnc[nH]3)C(=O)N3CCC[C@H]3C(=O)N[C@@H](CCCNC(=N)N)C(=O)N[C@@H](Cc3c[nH]c4ccccc34)C(=O)N[C@@H](Cc3ccccc3)C(=O)N[C@@H](Cc3ccccc3)C(=O)N[C@@H](CC(N)=O)C(=O)N[C@@H]([C@@H](C)CC)C(=O)N[C@@H](Cc3ccccc3)C(=O)N[C@@H]([C@H](C)O)C(=O)N[C@@H](CCCNC(=N)N)C(=O)N[C@@H](CCC(N)=O)C(=O)N2)NC(=O)CNC(=O)CNC(=O)[C@H](Cc2ccc(O)cc2)NC1=O,0,9.289204590071403e-06,0.41295546558704455,0.30-0.50
random,2,177,CN1CCC(Nc2ncc3ncnc(Nc4ccc(F)c(Cl)c4)c3n2)CC1,1,0.9516777064238516,0.4074074074074074,0.30-0.50
random,2,6,C=C(c1ccc(C(=O)O)cc1)c1cc2c(cc1C)C(C)(C)CCC2(C)C,1,0.9568977008013329,0.23529411764705882,<0.30
random,2,286,CN(C)CCOC(c1ccc(Cl)cc1)c1ccccn1,0,0.05024568921406384,0.6222222222222222,0.50-0.70
random,2,379,O=C(NCC(O)CO)c1c(I)c(C(=O)NCC(O)CO)c(I)c(N(CCO)C(=O)CO)c1I,0,0.03262697360406155,0.21428571428571427,<0.30
random,2,354,C[C@]12CCC3[C@@H](CC[C@H]4NC(=O)C=C[C@]34C)[C@@H]1CC[C@@H]2C(=O)Nc1cc(C(F)(F)F)ccc1C(F)(F)F,0,0.9908356864208556,0.24390243902439024,<0.30
random,2,98,CCc1nn(CCCN2CCN(c3cccc(Cl)c3)CC2)c(=O)n1CCOc1ccccc1,1,0.41470401084003056,0.24705882352941178,<0.30
random,2,223,CC(C)NCC(O)COc1cccc2[nH]ccc12,0,0.14623370009721176,0.39285714285714285,0.30-0.50
random,2,83,O=C1Nc2ccc(Cl)cc2[C@@](C#CC2CC2)(C(F)(F)F)O1,1,0.9262963772758224,0.24615384615384617,<0.30
random,2,104,Cc1cn([C@H]2C[C@H](N=[N+]=[N-])[C@@H](CO)O2)c(=O)[nH]c1=O,1,0.8352337617332614,0.4727272727272727,0.30-0.50
random,2,378,[Cl][Cu][Cl],0,0.3750727334515189,0.041666666666666664,<0.30
random,2,128,Nc1c(CC(=O)O)cccc1C(=O)c1ccc(Br)cc1,1,0.9482221094358408,0.2826086956521739,<0.30
random,2,175,CC(=O)N[C@@H]1[C@@H](O[C@@H]2O[C@@H](C(=O)[O-])[C@@H](O)[C@H](O)[C@H]2O)[C@@H](OS(=O)(=O)[O-])[C@@H](CO)O[C@H]1O,1,0.2915533411414266,0.3333333333333333,0.30-0.50
random,2,173,O=c1[nH]c(=O)n([C@@H]2O[C@H](CO)[C@@H](O)[C@@H]2F)cc1I,1,0.6922836206318418,0.3888888888888889,0.30-0.50
random,2,230,CN1CC[C@]23c4c5ccc(O)c4O[C@H]2C(=O)CC[C@@]3(O)[C@H]1C5,0,0.03696217391014695,0.7678571428571429,>=0.70
random,2,236,OCCOCCN1CCN(C(c2ccccc2)c2ccc(Cl)cc2)CC1,0,0.008424725517848146,0.5,0.50-0.70
random,2,253,CC(C)NCC(O)c1cc(O)cc(O)c1,0,0.1363352903448223,0.6060606060606061,0.50-0.70
random,2,162,CCCCCCCCNC(C)C(O)c1ccc(SC(C)C)cc1,1,0.13187869223724547,0.3181818181818182,0.30-0.50
random,2,242,O=C(CCCCCCC(=O)Nc1ccccc1)NO,0,0.7482598788280838,0.38095238095238093,0.30-0.50
random,2,305,CN1[C@@H]2CC[C@@H]1CC(OC(c1ccccc1)c1ccccc1)C2,0,0.1115398296234253,0.3170731707317073,0.30-0.50
random,2,90,C[C@@H](c1ncncc1F)[C@](O)(Cn1cncn1)c1ccc(F)cc1F,1,0.6342957291494693,0.5849056603773585,0.50-0.70
random,2,418,CC(O)CN1CCN(CC(=O)[O-])CCN(CC(=O)[O-])CCN(CC(=O)[O-])CC1.[Gd+3],0,0.018065485934325613,0.3,0.30-0.50
random,2,440,CN1CCc2cccc3c2[C@H]1Cc1ccc(O)c(O)c1-3,0,0.06642506963086017,0.234375,<0.30
random,2,179,CO/N=C(\N)c1ccc(-c2ccc(-c3ccc(/C(N)=N/OC)cc3)o2)cc1,1,0.8760819034455093,0.2,<0.30
random,2,3,CC(C(=O)O)c1cccc(Oc2ccccc2)c1,1,0.7407417968982947,0.4,0.30-0.50
random,2,221,CCC[C@H]1O[C@@H]2C[C@H]3[C@@H]4CCC5=CC(=O)C=C[C@]5(C)[C@H]4[C@@H](O)C[C@]3(C)[C@]2(C(=O)CO)O1,0,0.8777242824933438,0.2808988764044944,<0.30
random,2,49,CN1CCN(C2=c3ccccc3=Nc3ccc(Cl)cc3N2)CC1,1,0.7979643073320476,0.2698412698412698,<0.30
random,2,279,CN(C)CCOC(C)(c1ccccc1)c1ccccn1,0,0.18258922051275517,0.37209302325581395,0.30-0.50
random,2,54,Nc1nc(NC2CC2)c2ncn(C3C=C[C@H](CO)C3)c2n1,1,0.2985709222954037,0.26865671641791045,<0.30
random,2,233,CN1CC[C@]23c4c5ccc(O)c4O[C@H]2[C@@H](O)C=C[C@H]3[C@H]1C5,0,0.04949271431575855,0.3561643835616438,0.30-0.50
random,2,122,CN1C(=O)CCS(=O)(=O)C1c1ccc(Cl)cc1,1,0.7834829707252692,0.20689655172413793,<0.30
random,2,247,C[N+](C)(C)C[C@H](O)CC(=O)[O-],0,0.011263215647920306,0.4583333333333333,0.30-0.50
random,2,81,CCC(C)n1ncn(-c2ccc(N3CCN(c4ccc(OC[C@H]5CO[C@](Cn6cncn6)(c6ccc(Cl)cc6Cl)O5)cc4)CC3)cc2)c1=O,1,0.7069250465923169,0.19230769230769232,<0.30
random,2,450,CC1/C=C/C=C/CC/C=C/C=C/C=C/C=C/C(OC2O[C@H](C)[C@@H](O)[C@H](N)[C@@H]2O)CC(O)C(C(=O)O)C(O)CC(=O)CC(O)C(O)CCC(O)CC(O)CC(O)CC(=O)OC(C)C(C)C1O,0,0.9731328375769658,0.19327731092436976,<0.30
random,2,308,CC(=O)Oc1ccccc1C(=O)Nc1ncc([N+](=O)[O-])s1,0,0.9471065361618441,0.26229508196721313,<0.30
random,2,93,CCc1cccc2c3c([nH]c12)C(CC)(CC(=O)O)OCC3,1,0.26178936970233524,0.22033898305084745,<0.30
random,2,42,O=C(O)Cc1ccccc1Nc1c(Cl)cccc1Cl,1,0.8849890203612994,0.5652173913043478,0.50-0.70
random,2,235,COc1ccccc1OCC(O)CO,0,0.38487463243556413,0.4339622641509434,0.30-0.50
random,2,50,CCCCCCCCCCC[C@@H](C[C@@H]1OC(=O)[C@H]1CCCCCC)OC(=O)[C@H](CC(C)C)NC=O,1,0.33526558953797014,0.2235294117647059,<0.30
random,2,8,COc1ccc(Cc2nccc3cc(OC)c(OC)cc23)cc1OC,1,0.7811739183015427,0.25,<0.30
random,2,99,CCCC(CCC)C(=O)O,1,0.5663034537583747,0.7272727272727273,>=0.70
random,2,382,CC[C@H](C)[C@@H]1NC(=O)[C@H](CCCNC(=N)N)NC(=O)[C@H](CC(=O)O)NC(=O)[C@H](CCSC)NC(=O)[C@H](CCCCN)NC(=O)[C@H](CCCNC(=N)N)NC(=O)CNC(=O)[C@H](Cc2ccccc2)NC(=O)[C@@H](NC(=O)CNC(=O)[C@H](CO)NC(=O)CNC(=O)[C@H](CCC(N)=O)NC(=O)[C@@H](NC(=O)[C@H](CCSC)NC(=O)[C@H](CCCCN)NC(=O)[C@@H]2CCCN2C(=O)[C@@H](N)CO)C(C)C)CSSC[C@@H](C(=O)N[C@@H](CCCCN)C(=O)N[C@H](C(=O)N[C@@H](CC(C)C)C(=O)N[C@@H](CCCNC(=N)N)C(=O)N[C@@H](CCCNC(=N)N)C(=O)N[C@@H](CC2C=NC=N2)C(=O)O)C(C)C)NC(=O)CNC(=O)[C@H](CC(C)C)NC(=O)CNC(=O)[C@H](CO)NC(=O)[C@H](CO)NC(=O)[C@H](CO)NC(=O)[C@H](CO)NC1=O,0,0.00029854740309731456,0.4413145539906103,0.30-0.50
random,2,300,OCCN1C[C@H](O)[C@@H](O)[C@H](O)[C@H]1CO,0,0.03891302777049899,0.6774193548387096,0.50-0.70
random,2,408,O=C1OC2(c3ccc(O)cc3Oc3cc(O)ccc32)c2ccccc21,0,0.4340845329741417,0.19298245614035087,<0.30
random,2,215,NC[C@@H]1O[C@H](O[C@H]2[C@@H](O)[C@H](O[C@@H]3[C@@H](O)[C@H](N)C[C@H](N)[C@H]3O[C@H]3O[C@H](CO)[C@@H](O)[C@H](O)[C@H]3N)O[C@@H]2CO)[C@H](N)[C@@H](O)[C@@H]1O,0,0.027213242965113325,0.9761904761904762,>=0.70
random,2,47,Nc1ccc(C(=O)O)c(O)c1,1,0.9163130817366352,0.325,0.30-0.50
random,2,256,C[C@]12CCC(=O)C=C1CC[C@@H]1[C@@H]2[C@@H](O)C[C@@]2(C)[C@H]1CC[C@]2(O)C(=O)CO,0,0.28528870671130474,0.578125,0.50-0.70
random,2,291,CCN(CC)C(C)C(=O)c1ccccc1,0,0.5262461161790137,0.3333333333333333,0.30-0.50
random,2,35,CN(C)c1ccc(O)c2c1C[C@H]1C[C@H]3[C@H](N(C)C)C(=O)/C(=C(\N)O)C(=O)[C@@]3(O)C(=O)C1=C2O,1,0.7541926372898331,0.1782178217821782,<0.30
random,2,31,O=C1NC(=O)C(c2ccccc2)(c2ccccc2)N1,1,0.7839679851791849,0.3611111111111111,0.30-0.50
random,2,97,CC(=O)N1CCN(c2ccc(OC[C@@H]3CO[C@@](Cn4ccnc4)(c4ccc(Cl)cc4Cl)O3)cc2)CC1,1,0.846556592236021,0.26666666666666666,<0.30
random,2,351,CCCCCCC(C)(C)c1cc(O)c2c(c1)OC(C)(C)[C@@H]1CCC(=O)C[C@@H]21,0,0.3621686840077554,0.2261904761904762,<0.30
random,2,206,CN[C@@H](C)[C@@H](O)c1ccccc1,0,0.11972657346530072,1.0,>=0.70
random,2,395,C/C=C1\NC(=O)[C@H]2CSSCC/C=C/[C@H](CC(=O)N[C@H](C(C)C)C(=O)N2)OC(=O)[C@H](C(C)C)NC1=O,0,0.9484397085610213,0.16666666666666666,<0.30
random,2,199,C=C1CC[C@H](O)C/C1=C/C=C1\CCC[C@]2(C)[C@@H]([C@H](C)/C=C/[C@H](C)C(C)C)CC[C@@H]12,0,0.21730270480507255,0.4931506849315068,0.30-0.50
random,3,18,CC[C@H]1OC(=O)[C@H](C)[C@@H](O[C@H]2C[C@@](C)(OC)[C@@H](O)[C@H](C)O2)[C@H](C)[C@@H](O[C@@H]2O[C@H](C)C[C@H](N(C)C)[C@H]2O)[C@](C)(O)C[C@@H](C)C(=O)[C@H](C)[C@@H](O)[C@]1(C)O,1,0.10597837405460449,0.42016806722689076,0.30-0.50
random,3,131,O=C(O)COc1ccc(C(=O)c2cccs2)c(Cl)c1Cl,1,0.9114246412216025,0.27586206896551724,<0.30
random,3,265,CC(Cc1ccccc1)N(C)Cc1ccccc1,0,0.14322995386128123,0.625,0.50-0.70
random,3,93,CCc1cccc2c3c([nH]c12)C(CC)(CC(=O)O)OCC3,1,0.38523302288923666,0.22033898305084745,<0.30
random,3,360,OC(CCN1CCCCC1)(c1ccccc1)C1CCCCC1,0,0.003081034918567759,0.6086956521739131,0.50-0.70
random,3,263,CC#C[C@]1(O)CC[C@H]2[C@@H]3CCC4=CC(=O)CCC4=C3[C@@H](c3ccc(N(C)C)cc3)C[C@@]21C,0,0.6202499158988894,0.27710843373493976,<0.30
random,3,440,CN1CCc2cccc3c2[C@H]1Cc1ccc(O)c(O)c1-3,0,0.015495036050607081,0.27941176470588236,<0.30
random,3,376,NC(=O)[C@@H]1CCCN1C(=O)[C@H](Cc1cnc[nH]1)NC(=O)[C@@H]1CCC(=O)N1,0,0.304010381882155,0.26973684210526316,<0.30
random,3,29,S=c1nc[nH]c2nc[nH]c12,1,0.7879674430855497,0.3142857142857143,0.30-0.50
random,3,191,N[C@@H](Cc1cc(I)c(Oc2ccc(O)c(I)c2)c(I)c1)C(=O)O,0,0.5952049405379465,0.25925925925925924,<0.30
random,3,399,NC[C@H](O)c1ccc(O)c(O)c1,0,0.07228997803030444,0.5806451612903226,0.50-0.70
random,3,50,CCCCCCCCCCC[C@@H](C[C@@H]1OC(=O)[C@H]1CCCCCC)OC(=O)[C@H](CC(C)C)NC=O,1,0.28836553891463373,0.18947368421052632,<0.30
random,3,69,Nc1ccn([C@@H]2O[C@H](CO)[C@@H](O)C2(F)F)c(=O)n1,1,0.9475939907904963,0.6041666666666666,0.50-0.70
random,3,179,CO/N=C(\N)c1ccc(-c2ccc(-c3ccc(/C(N)=N/OC)cc3)o2)cc1,1,0.8482999992938407,0.2,<0.30
random,3,290,C=Cc1ccccc1S(=O)(=O)[O-].[Ca+2],0,0.6277177627230991,0.2,<0.30
random,3,331,CC(C)(N)CO.Cn1c(=O)c2[nH]c(Br)nc2n(C)c1=O,0,0.17691674756632939,0.3695652173913043,0.30-0.50
random,3,142,Nc1ccc(S(=O)(=O)Nc2nccs2)cc1,1,0.9737659419276311,0.4473684210526316,0.30-0.50
random,3,21,O=c1[nH]c2cc(Cl)ccc2o1,1,0.967692131409492,0.25,<0.30
random,3,119,CCN(CC)CCNC(=O)c1c(C)[nH]c(/C=C2\C(=O)Nc3ccc(F)cc32)c1C,1,0.4180677294253441,0.24691358024691357,<0.30
random,3,300,OCCN1C[C@H](O)[C@@H](O)[C@H](O)[C@H]1CO,0,0.03804819718950514,0.6774193548387096,0.50-0.70
random,3,443,NC(=O)CCC1NC(=O)C(Cc2ccccc2)NC(=O)C(Cc2ccc(O)cc2)NC(=O)C(N)CSSCC(C(=O)N2CCCC2C(=O)NC(CCCN=C(N)N)C(=O)NCC(N)=O)NC(=O)C(CC(N)=O)NC1=O,0,0.0007773677415807758,0.7090909090909091,>=0.70
random,3,375,[13CH3]C(O)C(=O)[O-].[Na+],0,0.30153922929941923,0.4,0.30-0.50
random,3,68,CCCN(CCOc1c(Cl)cc(Cl)cc1Cl)C(=O)n1ccnc1.O=S(=O)([O-])C(I)I.[Na+],1,0.9752175260405901,0.2345679012345679,<0.30
random,3,217,CC[C@@H](CO)NC(=O)[C@@H]1C=C2c3cccc4c3c(cn4C)C[C@H]2N(C)C1,0,0.1366197497980427,0.7230769230769231,>=0.70
random,3,278,Cn1c(=O)c2[nH]cnc2n(C)c1=O.Cn1c(=O)c2[nH]cnc2n(C)c1=O.NCCN,0,0.07202248639534083,0.8387096774193549,>=0.70
random,3,233,CN1CC[C@]23c4c5ccc(O)c4O[C@H]2[C@@H](O)C=C[C@H]3[C@H]1C5,0,0.02946304068456364,0.7592592592592593,>=0.70
random,3,294,CC(C)(C(=O)c1cccnc1)c1cccnc1,0,0.8083460706026386,0.5151515151515151,0.50-0.70
random,3,204,CN(C)C(=O)C(CCN1CCC(O)(c2ccc(Cl)cc2)CC1)(c1ccccc1)c1ccccc1,0,0.021324489467309495,0.37681159420289856,0.30-0.50
random,3,246,NCC1CCC(C(=O)O)CC1,0,0.2027430697739924,0.26666666666666666,<0.30
random,3,210,CC(C)(C(=O)O)c1ccc(C(O)CCCN2CCC(C(O)(c3ccccc3)c3ccccc3)CC2)cc1,0,0.004051261235416169,0.3333333333333333,0.30-0.50
random,3,184,CC(COc1ccccc1)N(CCCl)Cc1ccccc1,0,0.3790070486032688,0.40476190476190477,0.30-0.50
random,3,115,CS(=O)(=O)CCNCc1ccc(-c2ccc3ncnc(Nc4ccc(OCc5cccc(F)c5)c(Cl)c4)c3c2)o1,1,0.9969219182842237,0.31683168316831684,0.30-0.50
random,3,169,Cc1nc([N+](=O)[O-])cn1-c1ccc([N+](=O)[O-])cc1,1,0.8435179873351375,0.24074074074074073,<0.30
random,3,35,CN(C)c1ccc(O)c2c1C[C@H]1C[C@H]3[C@H](N(C)C)C(=O)/C(=C(\N)O)C(=O)[C@@]3(O)C(=O)C1=C2O,1,0.6660066649109886,0.19540229885057472,<0.30
random,3,46,CS(=O)(=O)OCCCCOS(C)(=O)=O,1,0.03887594393599894,0.18181818181818182,<0.30
random,3,355,CCCCCN(C)CCC(O)(P(=O)(O)O)P(=O)(O)O,0,0.01681058543102033,0.28125,<0.30
random,3,281,CC(=O)OCC(=O)[C@@]1(O)CC[C@H]2[C@@H]3CCC4=CC(=O)CC[C@]4(C)[C@H]3C(=O)C[C@@]21C,0,0.22271985138586498,0.5294117647058824,0.50-0.70
random,3,160,CC(=O)Oc1ccc(C(=C2CCCCC2)c2ccc(OC(C)=O)cc2)cc1,1,0.7836183827159809,0.3137254901960784,0.30-0.50
random,3,341,CC(CCc1ccc(O)cc1)NCCc1ccc(O)c(O)c1,0,0.16421117988329448,0.41025641025641024,0.30-0.50
random,3,451,[C-]#N.[C-]#N.[C-]#N.[C-]#N.[C-]#N.[Fe+4].[N-]=O,0,0.48316840844321157,0.07692307692307693,<0.30
random,3,353,CN[C@@H]1CCc2[nH]c3ccc(C(N)=O)cc3c2C1,0,0.9308772569172612,0.20689655172413793,<0.30
random,3,26,CO[C@H]1/C=C/O[C@@]2(C)Oc3c(C)c(O)c4c(c3C2=O)C(=O)/C(=C/NN2CCN(C)CC2)C(=C4O)NC(=O)/C(C)=C\C=C\[C@H](C)[C@H](O)[C@@H](C)[C@@H](O)[C@@H](C)[C@H](OC(C)=O)[C@@H]1C,1,0.5329876387167066,0.17647058823529413,<0.30
random,3,45,C[C@](N)(Cc1ccc(O)c(O)c1)C(=O)O,1,0.3761942182341438,0.6666666666666666,0.50-0.70
random,3,11,O=C(O)CCCCCC[NH2+]C1c2ccccc2CCc2ccccc21.[Cl-],1,0.03615217380258419,0.2926829268292683,<0.30
random,3,77,Cc1ccc(NC(=O)c2ccc(CN3CCN(C)CC3)cc2)cc1Nc1nccc(-c2cccnc2)n1,1,0.9890802328331985,0.2708333333333333,<0.30
random,3,349,CN(C)CC[C@@H](c1ccc(Cl)cc1)c1ccccn1,0,0.11727586164198642,1.0,>=0.70
random,3,75,CC1(C)NC(=O)N(c2ccc([N+](=O)[O-])c(C(F)(F)F)c2)C1=O,1,0.9767149839912543,0.4,0.30-0.50
random,3,250,NC(N)=NCCN1CCCCCCC1,0,0.0251206814476909,0.3142857142857143,0.30-0.50
random,3,274,O=C(OC1CC2CC[C@@H](C1)[N+]21CCCC1)C(O)(c1ccccc1)c1ccccc1.[Cl-],0,0.027335352205163765,0.43636363636363634,0.30-0.50
random,3,386,CC[C@H](C)[C@H](NC(=O)[C@H](Cc1ccccc1)NC(=O)[C@H](CC(C)C)NC(=O)[C@H](CCCNC(=N)N)NC(=O)[C@@H](NC(=O)[C@H](C)NC(=O)[C@H](CCC(=O)O)NC(=O)[C@H](CCC(=O)O)NC(=O)[C@H](CCC(=O)O)NC(=O)[C@H](CCSC)NC(=O)[C@H](CCC(N)=O)NC(=O)[C@H](CCCCN)NC(=O)[C@H](CO)NC(=O)[C@H](CC(C)C)NC(=O)[C@H](CC(=O)O)NC(=O)[C@H](CO)NC(=O)[C@@H](NC(=O)[C@H](Cc1ccccc1)NC(=O)[C@@H](NC(=O)CNC(=O)[C@H](CCC(=O)O)NC(=O)CNC(=O)[C@@H](N)Cc1cnc[nH]1)[C@@H](C)O)[C@@H](C)O)C(C)C)C(=O)N[C@@H](CCC(=O)O)C(=O)N[C@@H](Cc1c[nH]c2ccccc12)C(=O)N[C@@H](CC(C)C)C(=O)N[C@@H](CCCCN)C(=O)N[C@@H](CC(N)=O)C(=O)NCC(=O)NCC(=O)N1CCC[C@H]1C(=O)N[C@@H](CO)C(=O)N[C@@H](CO)C(=O)NCC(=O)N[C@@H](C)C(=O)N1CCC[C@H]1C(=O)N1CCC[C@H]1C(=O)N1CCC[C@H]1C(=O)N[C@@H](CO)C(N)=O,0,0.00010843978710182423,0.7514792899408284,>=0.70
random,3,25,CC[C@H]1OC(=O)[C@H](C)[C@@H](O[C@H]2C[C@@](C)(OC)[C@@H](O)[C@H](C)O2)[C@H](C)[C@@H](O[C@@H]2O[C@H](C)C[C@H](N(C)C)[C@H]2O)[C@](C)(OC)C[C@@H](C)C(=O)[C@H](C)[C@@H](O)[C@]1(C)O,1,0.12982925559937997,0.4396551724137931,0.30-0.50
random,3,333,OC(CCN1CCCC1)(c1ccccc1)C1CCCCC1,0,0.003081034918567759,0.6086956521739131,0.50-0.70
random,3,125,NC(=O)OCC(COC(N)=O)c1ccccc1,1,0.3642738041089323,0.3170731707317073,0.30-0.50
random,3,315,CC(O)C(O)C1CNc2[nH]c(N)nc(=O)c2N1,0,0.19410974223239114,0.3037974683544304,0.30-0.50
random,3,30,CC(=O)Nc1ccc(O)cc1,1,0.34280062114352416,0.3142857142857143,0.30-0.50
random,3,334,CCCC(C)(COC(N)=O)COC(N)=O,0,0.08088768682811621,0.696969696969697,0.50-0.70
random,3,433,O=C(CNC(=O)c1ccccc1)CC(Cc1ccccc1)C(=O)O,0,0.27343659668482323,0.37209302325581395,0.30-0.50
random,3,76,CN(CC=CC#CC(C)(C)C)Cc1cccc2ccccc12,1,0.191866983116365,0.20588235294117646,<0.30
random,3,149,CC(=O)Oc1cc(C(C)C)c(OCCN(C)C)cc1C,1,0.5007347288080637,0.2962962962962963,<0.30
random,3,434,COC(=O)CCc1ccc(OCC(O)CNC(C)C)cc1,0,0.5036753531105468,0.39285714285714285,0.30-0.50
random,3,363,Oc1ccc2c3c1OC1[C@@H](O)CC[C@@]4(O)[C@@H](C2)N(CC2CCC2)CC[C@]314,0,0.04564846226865879,0.4626865671641791,0.30-0.50
random,3,5,CNCCC=C1c2ccccc2CCc2ccccc21,1,0.42105723864027905,0.29545454545454547,<0.30
random,3,221,CCC[C@H]1O[C@@H]2C[C@H]3[C@@H]4CCC5=CC(=O)C=C[C@]5(C)[C@H]4[C@@H](O)C[C@]3(C)[C@]2(C(=O)CO)O1,0,0.6658021335245108,0.3950617283950617,0.30-0.50
random,3,307,C=CCN1C[C@H](C(=O)N(CCCN(C)C)C(=O)NCC)C[C@@H]2c3cccc4[nH]cc(c34)C[C@H]21,0,0.030753689640079757,0.2857142857142857,<0.30
random,3,253,CC(C)NCC(O)c1cc(O)cc(O)c1,0,0.11333482329348134,0.6060606060606061,0.50-0.70
random,3,113,COc1ccccc1Oc1c(NS(=O)(=O)c2ccc(C(C)(C)C)cc2)nc(-c2ncccn2)nc1OCCO,1,0.809245514904364,0.2463768115942029,<0.30
random,3,332,CC(=O)Oc1ccc(C(c2ccc(OC(C)=O)cc2)c2ccccn2)cc1,0,0.2890313377403386,0.33962264150943394,0.30-0.50
random,3,390,C=CCN1CC[C@]23c4c5ccc(O)c4O[C@H]2C(=O)CC[C@@]3(O)[C@H]1C5,0,0.019516014836025535,0.7288135593220338,>=0.70
random,3,186,CN(C)CCOC(c1ccccc1)c1ccccc1,0,0.06880123997877362,0.7272727272727273,>=0.70
random,3,277,CCN(C(C)=O)c1cccc(-c2ccnc3c(C#N)cnn23)c1,0,0.5468175483606051,0.22972972972972974,<0.30
random,3,336,CC[N+](C)(C)c1cccc(O)c1,0,0.17321386218033827,0.3333333333333333,0.30-0.50
random,3,140,O=C(O)c1cc(-c2ccccc2)nc2ccccc12,1,0.9586214277871136,0.26666666666666666,<0.30
random,3,212,Nc1nc(=O)c2nc(CNc3ccc(C(=O)N[C@@H](CCC(=O)O)C(=O)O)cc3)cnc2[nH]1,0,0.5639456242225164,0.5125,0.50-0.70
random,3,70,Cc1ccc(C)c(OCCCC(C)(C)C(=O)O)c1,1,0.19331402860655011,0.25,<0.30
random,3,402,CC(=O)Nc1c(I)c(NC(C)=O)c(I)c(C(=O)O)c1I,0,0.3249870522657807,0.7333333333333333,>=0.70
random,3,244,CN1C[C@H](C(=O)N[C@]2(C)O[C@@]3(O)[C@@H]4CCCN4C(=O)[C@H](Cc4ccccc4)N3C2=O)C[C@@H]2c3cccc4[nH]cc(c34)C[C@H]21,0,0.025933413867922542,0.27522935779816515,<0.30
random,3,47,Nc1ccc(C(=O)O)c(O)c1,1,0.9107626092988922,0.325,0.30-0.50
random,3,313,CCCCC(F)(F)[C@@]1(O)CC[C@@H]2[C@H](CCCCCCC(=O)O)C(=O)C[C@H]2O1,0,0.07566521031571505,0.25,<0.30
random,3,79,CCC(CO)NCCNC(CC)CO,1,0.08780605134181993,0.21739130434782608,<0.30
random,3,288,C[N+]1(C)CCCC(OC(=O)C(O)(c2ccccc2)c2ccccc2)C1,0,0.04496917300392391,0.6382978723404256,0.50-0.70
random,3,150,CC(=O)Oc1ccc(C2(c3ccc(OC(C)=O)cc3)C(=O)Nc3ccccc32)cc1,1,0.8409973293556727,0.5531914893617021,0.50-0.70
random,3,238,CN(C)CC[C@@H](c1ccc(Br)cc1)c1ccccn1,0,0.11164018345779972,1.0,>=0.70
random,3,23,CC(C)c1nc(CN(C)C(=O)N[C@H](C(=O)N[C@@H](Cc2ccccc2)C[C@H](O)[C@H](Cc2ccccc2)NC(=O)OCc2cncs2)C(C)C)cs1,1,0.5362110525317991,0.26,<0.30
random,3,322,C[N+]1(C)C2CC(OC(=O)C(CO)c3ccccc3)CC1C1OC12,0,0.013256849811536896,0.6938775510204082,0.50-0.70
random,3,202,O=c1[nH]c2ccccc2n1C1CCN(CCCC(c2ccc(F)cc2)c2ccc(F)cc2)CC1,0,0.14478517939434443,0.3972602739726027,0.30-0.50
random,3,303,C=CCN.ClCC1CO1,0,0.2403262183069656,0.1875,<0.30
random,3,368,CC(C)(CO)C(O)C(=O)NCCCO,0,0.03718173953192157,0.22857142857142856,<0.30
random,3,0,Cc1nnc(C(=O)NC(C)(C)C2=N/C(=C(\O)NCc3ccc(F)cc3)C(=O)C(=O)N2C)o1,1,0.7780826057195077,0.2125,<0.30
random,3,311,C[C@H]1CN(C[C@H](Cc2ccccc2)C(=O)NCC(=O)O)CC[C@@]1(C)c1cccc(O)c1,0,0.009666931900144565,0.24390243902439024,<0.30
random,3,38,OC(Cn1cncn1)(Cn1cncn1)c1ccc(F)cc1F,1,0.7662196754954455,0.5849056603773585,0.50-0.70
random,3,65,C#Cc1cccc(Nc2ncnc3cc(OCCOC)c(OCCOC)cc23)c1,1,0.9155444988362789,0.40789473684210525,0.30-0.50
random,4,391,CCCC(=O)OCOC(=O)C1=C(C)NC(C)=C(C(=O)OC)C1c1cccc(Cl)c1Cl,0,0.8885393498149127,0.22388059701492538,<0.30
random,4,293,C[N+]1(C)CCC(OC(=O)C(O)(c2ccccc2)C2CCCC2)C1,0,0.03974510691861927,0.6382978723404256,0.50-0.70
random,4,86,Cc1ccccc1C(=O)Nc1ccc(C(=O)N2CCCC(O)c3cc(Cl)ccc32)c(C)c1,1,0.8373370639041293,0.313953488372093,0.30-0.50
random,4,315,CC(O)C(O)C1CNc2[nH]c(N)nc(=O)c2N1,0,0.11278507609871607,0.2875,<0.30
random,4,333,OC(CCN1CCCC1)(c1ccccc1)C1CCCCC1,0,0.003469113412098273,0.6086956521739131,0.50-0.70
random,4,41,COc1ccc2c(c1)c(CC(=O)O)c(C)n2C(=O)c1ccc(Cl)cc1,1,0.9372576842800343,0.5172413793103449,0.50-0.70
random,4,348,Cl.N#C[C@@H]1C[C@@H]2C[C@@H]2N1C(=O)[C@@H](N)C12CC3CC(CC(O)(C3)C1)C2,0,0.0919403926513475,0.24,<0.30
random,4,234,CN(CCOc1ccc(NS(C)(=O)=O)cc1)CCc1ccc(NS(C)(=O)=O)cc1,0,0.8438580186276506,0.37681159420289856,0.30-0.50
random,4,69,Nc1ccn([C@@H]2O[C@H](CO)[C@@H](O)C2(F)F)c(=O)n1,1,0.9621099589691584,0.6041666666666666,0.50-0.70
random,4,16,Cc1cc(C#N)cc(C)c1Oc1nc(Nc2ccc(C#N)cc2)nc(N)c1Br,1,0.9969928459944425,0.18823529411764706,<0.30
random,4,278,Cn1c(=O)c2[nH]cnc2n(C)c1=O.Cn1c(=O)c2[nH]cnc2n(C)c1=O.NCCN,0,0.05151247823399898,0.8387096774193549,>=0.70
random,4,113,COc1ccccc1Oc1c(NS(=O)(=O)c2ccc(C(C)(C)C)cc2)nc(-c2ncccn2)nc1OCCO,1,0.8383275265963497,0.2463768115942029,<0.30
random,4,370,Nc1ccc(C(=O)NCC(=O)O)cc1,0,0.9526648236370754,0.37209302325581395,0.30-0.50
random,4,130,CCc1oc2ccccc2c1C(=O)c1cc(Br)c(O)c(Br)c1,1,0.9906440821776217,0.7441860465116279,>=0.70
random,4,90,C[C@@H](c1ncncc1F)[C@](O)(Cn1cncn1)c1ccc(F)cc1F,1,0.13088355668863974,0.2236842105263158,<0.30
random,4,369,OCC(O)C(O)C(O)C(O)CO,0,0.03448015109134106,0.2894736842105263,<0.30
random,4,250,NC(N)=NCCN1CCCCCCC1,0,0.037623115210779344,0.24,<0.30
random,4,357,Nc1nc(F)nc2c1ncn2[C@@H]1O[C@H](COP(=O)(O)O)[C@@H](O)[C@@H]1O,0,0.8363506947313282,0.4533333333333333,0.30-0.50
random,4,441,C#CC1(OC(C)=O)CCC2C3CCC4=CC(=O)CCC4C3CCC21C,0,0.8383796872580177,0.5396825396825397,0.50-0.70
random,4,98,CCc1nn(CCCN2CCN(c3cccc(Cl)c3)CC2)c(=O)n1CCOc1ccccc1,1,0.30632918182421803,0.25,<0.30
random,4,38,OC(Cn1cncn1)(Cn1cncn1)c1ccc(F)cc1F,1,0.45155100330560166,0.25396825396825395,<0.30
random,4,448,CN1c2c([nH]c(N)nc2=O)NC[C@@H]1CNc1ccc(C(=O)N[C@@H](CCC(=O)[O-])C(=O)[O-])cc1.[Ca+2],0,0.13583581372345196,0.625,0.50-0.70
random,4,23,CC(C)c1nc(CN(C)C(=O)N[C@H](C(=O)N[C@@H](Cc2ccccc2)C[C@H](O)[C@H](Cc2ccccc2)NC(=O)OCc2cncs2)C(C)C)cs1,1,0.31423641277996534,0.26,<0.30
random,4,99,CCCC(CCC)C(=O)O,1,0.05673163026776911,0.32142857142857145,0.30-0.50
random,4,401,C[N+](C)(C)CCOC(=O)CCC(=O)OCC[N+](C)(C)C,0,0.01431034505801166,0.6521739130434783,0.50-0.70
random,4,79,CCC(CO)NCCNC(CC)CO,1,0.07126712387368783,0.2,<0.30
random,4,88,Cc1nc(-c2ccc(OCC(C)C)c(C#N)c2)sc1C(=O)O,1,0.8998312781588597,0.23076923076923078,<0.30
random,4,381,O=S([O-])([O-])=S.[Na+].[Na+],0,0.3517879697125992,0.21428571428571427,<0.30
random,4,240,CC(=CCC1=C(C)C(=O)c2ccccc2C1=O)CCCC(C)CCCC(C)CCCC(C)C,0,0.1335441558589483,0.23529411764705882,<0.30
random,4,184,CC(COc1ccccc1)N(CCCl)Cc1ccccc1,0,0.3417587494831846,0.40476190476190477,0.30-0.50
random,4,46,CS(=O)(=O)OCCCCOS(C)(=O)=O,1,0.08786124136236491,0.1724137931034483,<0.30
random,4,131,O=C(O)COc1ccc(C(=O)c2cccs2)c(Cl)c1Cl,1,0.9640381912002167,0.27586206896551724,<0.30
random,4,170,Cc1cc2c(cc1CC(=O)c1sccc1S(=O)(=O)Nc1onc(C)c1Cl)OCO2,1,0.9559398445237823,0.21176470588235294,<0.30
random,4,360,OC(CCN1CCCCC1)(c1ccccc1)C1CCCCC1,0,0.003469113412098273,0.6086956521739131,0.50-0.70
random,4,40,O=C(O)C1=C/C(=N/Nc2ccc(S(=O)(=O)Nc3ccccn3)cc2)C=CC1=O,1,0.9197629999227188,0.24615384615384617,<0.30
random,4,128,Nc1c(CC(=O)O)cccc1C(=O)c1ccc(Br)cc1,1,0.9718351927018932,0.32653061224489793,0.30-0.50
random,4,354,C[C@]12CCC3[C@@H](CC[C@H]4NC(=O)C=C[C@]34C)[C@@H]1CC[C@@H]2C(=O)Nc1cc(C(F)(F)F)ccc1C(F)(F)F,0,0.9929838497426916,0.24390243902439024,<0.30
random,4,118,O=C1C=CC=C/C1=C1\N/C(=C2/C=CC=CC2=O)N(c2ccc(C(=O)O)cc2)N1,1,0.9926254695945755,0.22033898305084745,<0.30
random,4,344,CCC(C)[C@H](N)C1=NCC(C(=O)N[C@@H](CC(C)C)C(=O)N[C@H](CCC(=O)O)C(=O)N[C@H](C(=O)N[C@H]2CCCCNC(=O)[C@H](CC(N)=O)NC(=O)[C@@H](CC(=O)O)NC(=O)[C@H](Cc3cnc[nH]3)NC(=O)[C@@H](Cc3ccccc3)NC(=O)[C@H](C(C)CC)NC(=O)[C@@H](CCCN)NC2=O)C(C)CC)S1,0,0.03441388027409336,0.40397350993377484,0.30-0.50
random,4,214,OC[C@@H](O)[C@H](O)[C@@H](O)[C@@H](O)CO,0,0.03448015109134106,0.2894736842105263,<0.30
random,4,180,COc1cccc2c1[C@@H]1CN(CCCCn3c(=O)[nH]c4c(sc5ncc(-c6ccccc6)nc54)c3=O)C[C@@H]1CO2,1,0.05676866759848798,0.2,<0.30
random,4,205,CC(COc1ccccc1)NC(C)C(O)c1ccc(O)cc1,0,0.10627990568346961,0.4878048780487805,0.30-0.50
random,4,104,Cc1cn([C@H]2C[C@H](N=[N+]=[N-])[C@@H](CO)O2)c(=O)[nH]c1=O,1,0.9274277270173913,0.4727272727272727,0.30-0.50
random,4,73,CC(C)c1c(C(=O)Nc2ccccc2)c(-c2ccccc2)c(-c2ccc(F)cc2)n1CC[C@@H](O)C[C@@H](O)CC(=O)O,1,0.060740107512006175,0.21794871794871795,<0.30
random,4,257,N=c1nc(N2CCCCC2)cc(N)n1O,0,0.3097945470898519,0.18840579710144928,<0.30
random,4,228,CNC1(C)C2CCC(C2)C1(C)C,0,0.2485896987890646,0.16,<0.30
random,4,352,CN(C)CCc1c[nH]c2ccc(CS(=O)(=O)N3CCCC3)cc12,0,0.05584418923941472,0.5084745762711864,0.50-0.70
random,4,388,CCN1CC(CCN2CCOCC2)C(c2ccccc2)(c2ccccc2)C1=O,0,0.07799122464415241,0.32075471698113206,0.30-0.50
random,4,393,[Fe].[O]=[Fe][OH].[O]=[Fe][OH],0,0.3351374974103249,0.15384615384615385,<0.30
random,4,345,NC(N)=NCCC[C@H](N)C(=O)O,0,0.1088888769163779,0.40625,0.30-0.50
random,4,350,CNCCCC1c2ccccc2C=Cc2ccccc21,0,0.7408595104836038,0.29545454545454547,<0.30
random,4,378,[Cl][Cu][Cl],0,0.3522616305615864,0.041666666666666664,<0.30
random,4,71,COc1cc2ncnc(Nc3ccc(F)c(Cl)c3)c2cc1OCCCN1CCOCC1,1,0.9127891550313911,0.40789473684210525,0.30-0.50
random,4,414,CC[C@H](C)[C@H](NC(=O)[C@H](CCC(=O)O)NC(=O)[C@H](CO)NC(=O)[C@@H](NC(=O)[C@@H](N)CO)C(C)C)C(=O)N[C@@H](CCC(N)=O)C(=O)N[C@@H](CC(C)C)C(=O)N[C@@H](CCSC)C(=O)N[C@@H](Cc1c[nH]cn1)C(=O)N[C@@H](CC(N)=O)C(=O)N[C@@H](CC(C)C)C(=O)NCC(=O)N[C@@H](CCCCN)C(=O)N[C@@H](Cc1c[nH]cn1)C(=O)N[C@@H](CC(C)C)C(=O)N[C@@H](CC(N)=O)C(=O)N[C@@H](CO)C(=O)N[C@@H](CCSC)C(=O)N[C@@H](CCC(=O)O)C(=O)N[C@@H](CCCNC(=N)N)C(=O)N[C@H](C(=O)N[C@@H](CCC(=O)O)C(=O)N[C@@H](Cc1c[nH]c2ccccc12)C(=O)N[C@@H](CC(C)C)C(=O)N[C@@H](CCCNC(=N)N)C(=O)N[C@@H](CCCCN)C(=O)N[C@@H](CCCCN)C(=O)N[C@@H](CC(C)C)C(=O)N[C@@H](CCC(N)=O)C(=O)N[C@@H](CC(=O)O)C(=O)N[C@H](C(=O)N[C@@H](Cc1c[nH]cn1)C(=O)N[C@@H](CC(N)=O)C(=O)N[C@@H](Cc1ccccc1)C(=O)O)C(C)C)C(C)C,0,0.0010840748318599164,0.6753246753246753,0.50-0.70
random,4,306,CCCCN1C[C@H](O)[C@@H](O)[C@H](O)[C@H]1CO,0,0.04831442696247318,0.6774193548387096,0.50-0.70
random,4,271,O.O.O.O=S(=O)([O-])OC[C@H]1O[C@@H](O[C@]2(COS(=O)(=O)[O-])O[C@H](OS(=O)(=O)[O-])[C@@H](OS(=O)(=O)[O-])[C@@H]2OS(=O)(=O)[O-])[C@H](OS(=O)(=O)[O-])[C@@H](OS(=O)(=O)[O-])[C@@H]1OS(=O)(=O)[O-].[Al],0,0.4229379293933251,0.21794871794871795,<0.30
random,4,358,CCOC(=O)N1CCC(=C2c3ccc(Cl)cc3CCc3cccnc32)CC1,0,0.8640983799622222,0.26865671641791045,<0.30
random,4,279,CN(C)CCOC(C)(c1ccccc1)c1ccccn1,0,0.22616771094199165,0.38461538461538464,0.30-0.50
random,4,340,Nc1ncnc2c1ncn2[C@@H]1O[C@H](CO)[C@@H](O)[C@H]1O,0,0.6443663196724437,0.5076923076923077,0.50-0.70
random,4,310,C[C@@H](NCCCc1cccc(C(F)(F)F)c1)c1cccc2ccccc12,0,0.659538237557465,0.24,<0.30
random,4,329,CN1C2CC(OC(=O)C(CO)c3ccccc3)CC1C1OC12,0,0.00938503937398284,0.6938775510204082,0.50-0.70
random,4,301,O=P(O)(O)C(Sc1ccc(Cl)cc1)P(=O)(O)O,0,0.8649547568274419,0.2391304347826087,<0.30
random,4,167,CN1CCCC(CN2c3ccccc3Sc3ccccc32)C1,1,0.2374283822050342,0.3548387096774194,0.30-0.50
random,4,182,CCCC(CCC)C(=O)O.CCCC(CCC)C(=O)[O-].[Na+],1,0.04118848729428818,0.34615384615384615,0.30-0.50
random,4,335,CC(C)(C)NC[C@H](O)COc1ccccc1C1CCCC1,0,0.08615007737904798,0.3673469387755102,0.30-0.50
random,4,371,CC[C@H](C)[C@H](NC(=O)[C@@H](NC(=O)[C@H](CCC(=O)O)NC(=O)[C@H](CC(C)C)NC(=O)[C@H](CCSC)NC(=O)[C@H](CCCCN)NC(=O)[C@H](CCCNC(=N)N)NC(=O)[C@H](CC(N)=O)NC(=O)[C@H](CO)NC(=O)[C@H](Cc1cnc[nH]1)NC(=O)[C@H](C)NC(=O)[C@H](CCC(N)=O)NC(=O)[C@H](CCC(N)=O)NC(=O)[C@H](C)NC(=O)[C@H](CC(C)C)NC(=O)[C@H](CCC(N)=O)NC(=O)[C@H](CCC(=O)O)NC(=O)[C@H](C)NC(=O)[C@H](CCCNC(=N)N)NC(=O)[C@H](C)NC(=O)[C@H](CCSC)NC(=O)[C@H](CCC(=O)O)NC(=O)[C@H](CC(C)C)NC(=O)[C@@H](NC(=O)[C@H](CCC(=O)O)NC(=O)[C@H](CCCNC(=N)N)NC(=O)[C@H](CC(C)C)NC(=O)[C@H](CC(C)C)NC(=O)[C@H](Cc1cnc[nH]1)NC(=O)[C@H](Cc1ccccc1)NC(=O)[C@@H](NC(=O)[C@H](CC(C)C)NC(=O)[C@H](CC(=O)O)NC(=O)[C@H](CC(C)C)NC(=O)[C@H](CO)NC(=O)[C@@H](NC(=O)[C@@H]1CCCN1C(=O)[C@@H]1CCCN1C(=O)[C@H](CCC(=O)O)NC(=O)[C@H](CCC(=O)O)NC(=O)[C@@H](N)CO)[C@@H](C)CC)[C@@H](C)O)C(C)C)[C@@H](C)CC)C(=O)O,0,0.00012550389674546224,0.9568345323741008,>=0.70
random,4,367,CCC(=O)N(c1ccccc1)C1(COC)CCN(CCn2nnn(CC)c2=O)CC1,0,0.03439578086977812,0.6153846153846154,0.50-0.70
random,4,93,CCc1cccc2c3c([nH]c12)C(CC)(CC(=O)O)OCC3,1,0.28853702213308596,0.22033898305084745,<0.30
random,4,299,COc1ccc2c3c1O[C@H]1C(=O)CC[C@@]4(O)[C@@H](C2)N(C)CC[C@]314,0,0.04780276206961621,0.7678571428571429,>=0.70
random,4,125,NC(=O)OCC(COC(N)=O)c1ccccc1,1,0.3815939508628629,0.3170731707317073,0.30-0.50
random,4,135,CC(C(=O)O)c1ccc(N2CC=CC2)c(Cl)c1,1,0.12031684254295787,0.4,0.30-0.50
random,4,75,CC1(C)NC(=O)N(c2ccc([N+](=O)[O-])c(C(F)(F)F)c2)C1=O,1,0.9700039504791247,0.4,0.30-0.50
random,4,28,C[C@]12CC[C@H]3[C@@H](CCC4=CC(=O)CC[C@@]43C)[C@@H]1CC[C@@H]2O,1,0.7467874699484801,0.56,0.50-0.70
random,4,137,CN1Cc2c(N)cccc2C(c2ccccc2)C1,1,0.37205321234403593,0.2765957446808511,<0.30
random,4,27,C[C@H]1COc2c(N3CCN(C)CC3)c(F)cc3c(=O)c(C(=O)O)cn1c23,1,0.9014189658381425,0.38571428571428573,0.30-0.50
random,4,110,Cc1ccc(C(=O)c2cc(O)c(O)c([N+](=O)[O-])c2)cc1,1,0.9456383562891407,0.35714285714285715,0.30-0.50
random,4,112,Cc1cccc(C)c1OCC(C)N,1,0.5976853781501836,0.3870967741935484,0.30-0.50
random,4,298,CC(=O)[O-].CC(=O)[O-].[Ca+2],0,0.2638378784849843,0.4166666666666667,0.30-0.50
random,4,282,CCN(CC)CCOC(=O)C1(C2CCCCC2)CCCCC1,0,0.053384097570284894,0.2903225806451613,<0.30
random,4,49,CN1CCN(C2=c3ccccc3=Nc3ccc(Cl)cc3N2)CC1,1,0.6948262864928375,0.2698412698412698,<0.30
random,4,22,CNCC[C@@H](Oc1ccccc1C)c1ccccc1,1,0.538346897254991,0.44,0.30-0.50
random,4,385,O.O=C([O-])CN(CCN(CC(=O)[O-])C[C@H](COP(=O)([O-])OC1CCC(c2ccccc2)(c2ccccc2)CC1)N(CC(=O)[O-])CC(=O)[O-])CC(=O)[O-].[Gd+3].[Na+].[Na+].[Na+],0,0.013466701693019481,0.2765957446808511,<0.30
random,4,236,OCCOCCN1CCN(C(c2ccccc2)c2ccc(Cl)cc2)CC1,0,0.007918358732016392,0.5,0.50-0.70
random,4,436,COc1ccc(N(C)C)cc1CN[C@H]1CCCN[C@H]1c1ccccc1,0,0.49518391713260224,0.1917808219178082,<0.30
random,4,242,O=C(CCCCCCC(=O)Nc1ccccc1)NO,0,0.6707712674079233,0.38095238095238093,0.30-0.50
random,4,187,Cc1ccccc1C(OCCN(C)C)c1ccccc1,0,0.05782982866445957,0.7272727272727273,>=0.70
random,4,94,C=C1C[C@@H]2[C@H](CC[C@]3(C)C(=O)CC[C@@H]23)[C@@]2(C)C=CC(=O)C=C12,1,0.44509933212311714,0.23809523809523808,<0.30
random,4,233,CN1CC[C@]23c4c5ccc(O)c4O[C@H]2[C@@H](O)C=C[C@H]3[C@H]1C5,0,0.028786368576986736,0.7592592592592593,>=0.70
random,4,450,CC1/C=C/C=C/CC/C=C/C=C/C=C/C=C/C(OC2O[C@H](C)[C@@H](O)[C@H](N)[C@@H]2O)CC(O)C(C(=O)O)C(O)CC(=O)CC(O)C(O)CCC(O)CC(O)CC(O)CC(=O)OC(C)C(C)C1O,0,0.8894637702792402,0.19327731092436976,<0.30
random,4,320,Cc1cc2nc3c(=O)[nH]c(=O)nc-3n(C[C@@H](O)[C@@H](O)[C@@H](O)CO)c2cc1C,0,0.17586714663126707,0.208955223880597,<0.30
random,4,216,[Cl-].[NH4+],0,0.3605538721752137,0.05263157894736842,<0.30
random,5,19,COc1cc(C(=O)NS(=O)(=O)c2ccccc2C)ccc1Cc1cn(C)c2ccc(NC(=O)OC3CCCC3)cc12,1,0.38245630660138663,0.25742574257425743,<0.30
random,5,316,COc1ccc2c3c1O[C@H]1[C@@H](O)C=C[C@H]4[C@@H](C2)N(C)CC[C@@]341,0,0.030857395425833878,0.7592592592592593,>=0.70
random,5,297,CC(N)C12CC3CC(CC(C3)C1)C2,0,0.13902117666966732,0.15625,<0.30
random,5,25,CC[C@H]1OC(=O)[C@H](C)[C@@H](O[C@H]2C[C@@](C)(OC)[C@@H](O)[C@H](C)O2)[C@H](C)[C@@H](O[C@@H]2O[C@H](C)C[C@H](N(C)C)[C@H]2O)[C@](C)(OC)C[C@@H](C)C(=O)[C@H](C)[C@@H](O)[C@]1(C)O,1,0.9007814396247176,0.922077922077922,>=0.70
random,5,313,CCCCC(F)(F)[C@@]1(O)CC[C@@H]2[C@H](CCCCCCC(=O)O)C(=O)C[C@H]2O1,0,0.21713156113123416,0.2261904761904762,<0.30
random,5,451,[C-]#N.[C-]#N.[C-]#N.[C-]#N.[C-]#N.[Fe+4].[N-]=O,0,0.41298295648456995,0.07692307692307693,<0.30
random,5,348,Cl.N#C[C@@H]1C[C@@H]2C[C@@H]2N1C(=O)[C@@H](N)C12CC3CC(CC(O)(C3)C1)C2,0,0.44227955414792597,0.11842105263157894,<0.30
random,5,305,CN1[C@@H]2CC[C@@H]1CC(OC(c1ccccc1)c1ccccc1)C2,0,0.15530987190321513,0.32075471698113206,0.30-0.50
random,5,113,COc1ccccc1Oc1c(NS(=O)(=O)c2ccc(C(C)(C)C)cc2)nc(-c2ncccn2)nc1OCCO,1,0.6720004683482165,0.2463768115942029,<0.30
random,5,252,O=C(NC(CO)C(O)c1ccc([N+](=O)[O-])cc1)C(Cl)Cl,0,0.2435223916916605,0.24074074074074073,<0.30
random,5,94,C=C1C[C@@H]2[C@H](CC[C@]3(C)C(=O)CC[C@@H]23)[C@@]2(C)C=CC(=O)C=C12,1,0.47677541237098553,0.2903225806451613,<0.30
random,5,39,O=C(O)c1cccnc1,1,0.9434226059557629,0.35714285714285715,0.30-0.50
random,5,137,CN1Cc2c(N)cccc2C(c2ccccc2)C1,1,0.5531698303012281,0.2765957446808511,<0.30
random,5,191,N[C@@H](Cc1cc(I)c(Oc2ccc(O)c(I)c2)c(I)c1)C(=O)O,0,0.7460433961866398,0.25925925925925924,<0.30
random,5,192,Cn1c(=O)c2c(ncn2C)n(C)c1=O,0,0.24116517777641344,0.525,0.50-0.70
random,5,417,COc1cc2c(cc1OC)[C@@H](Cc1cc(OC)c(OC)c(OC)c1)[N+](C)(CCCOC(=O)CC/C=C/CCC(=O)OCCC[N+]1(C)CCc3cc(OC)c(OC)cc3[C@H]1Cc1cc(OC)c(OC)c(OC)c1)CC2,0,0.03792981906699856,0.6825396825396826,0.50-0.70
random,5,22,CNCC[C@@H](Oc1ccccc1C)c1ccccc1,1,0.4080434094038761,0.3076923076923077,0.30-0.50
random,5,225,COc1cc(NC(C)CCCN)c2ncccc2c1,0,0.6253133938943761,0.24489795918367346,<0.30
random,5,359,COC(=O)[C@H]1[C@H]2C[C@@H]3c4[nH]c5cc(OC)ccc5c4CCN3C[C@H]2C[C@@H](OC(=O)c2cc(OC)c(OC)c(OC)c2)[C@@H]1OC,0,0.307663508624173,0.23529411764705882,<0.30
random,5,405,CC(=O)O[C@H]1C[C@@H]2CC[C@@H]3[C@H](CC[C@@]4(C)[C@H]3C[C@H]([N+]3(C)CCCCC3)[C@@H]4OC(C)=O)[C@@]2(C)C[C@@H]1[N+]1(C)CCCCC1.[Br-].[Br-],0,0.06371328530306725,0.7936507936507936,>=0.70
random,5,189,Cn1c(=O)c2[nH]cnc2n(C)c1=O,0,0.4440161788967782,0.8387096774193549,>=0.70
random,5,270,CC(C)CC(NC(=O)CNC(=O)C(CCC(N)=O)NC(=O)C(CC(C)C)NC(=O)C(CC(C)C)NC(=O)C(CCCNC(=N)N)NC(=O)C(CCC(N)=O)NC(=O)C(CC(C)C)NC(=O)C(CCCNC(=N)N)NC(=O)C(C)NC(=O)C(CO)NC(=O)C(CC(=O)O)NC(=O)C(CCCNC(=N)N)NC(=O)C(CC(C)C)NC(=O)C(CCCNC(=N)N)NC(=O)C(CO)NC(=O)C(CC(C)C)NC(=O)C(CCC(=O)O)NC(=O)C(CO)NC(=O)C(NC(=O)C(Cc1ccccc1)NC(=O)C(NC(=O)CNC(=O)C(CC(=O)O)NC(=O)C(CO)NC(=O)C(N)Cc1ncc[nH]1)C(C)O)C(C)O)C(=O)NC(C(=O)O)C(C)C,0,0.010396791773053738,0.5547945205479452,0.50-0.70
random,5,294,CC(C)(C(=O)c1cccnc1)c1cccnc1,0,0.5029258011242999,0.32653061224489793,0.30-0.50
random,5,389,C[N+]1(CC2CC2)CC[C@]23c4c5ccc(O)c4O[C@H]2C(=O)CC[C@@]3(O)[C@H]1C5.[Br-],0,0.08333922273515718,0.5757575757575758,0.50-0.70
random,5,287,CN1C(=O)CC(C)(c2ccccc2)C1=O,0,0.6850201603670617,0.3170731707317073,0.30-0.50
random,5,51,Clc1ccccc1CN1CCc2sccc2C1,1,0.21017253670283426,0.23214285714285715,<0.30
random,5,136,NC1=NC(=O)C(c2ccccc2)O1,1,0.9269577625294961,0.23255813953488372,<0.30
random,5,396,C=CCOCC1CN2CCO[Si](C)(O1)OC(COCC=C)C2,0,0.1767809681219012,0.1875,<0.30
random,5,77,Cc1ccc(NC(=O)c2ccc(CN3CCN(C)CC3)cc2)cc1Nc1nccc(-c2cccnc2)n1,1,0.9592834648250051,0.2708333333333333,<0.30
random,5,390,C=CCN1CC[C@]23c4c5ccc(O)c4O[C@H]2C(=O)CC[C@@]3(O)[C@H]1C5,0,0.04971756345043961,0.7288135593220338,>=0.70
random,5,74,CCN(CC)C(=S)SSC(=S)N(CC)CC,1,0.10615980088974811,0.18604651162790697,<0.30
random,5,222,CN1[C@@H]2CC[C@H]1CC(OC(=O)C(CO)c1ccccc1)C2,0,0.030704326875977423,0.6808510638297872,0.50-0.70
random,5,442,C/C(=N\O)[C@@H](C)NCC(C)(C)CN[C@H](C)/C(C)=N/O,0,0.06516951772617761,0.2,<0.30
random,5,186,CN(C)CCOC(c1ccccc1)c1ccccc1,0,0.17287237312663534,0.7272727272727273,>=0.70
random,5,228,CNC1(C)C2CCC(C2)C1(C)C,0,0.1251898076214737,0.1509433962264151,<0.30
random,5,374,OC[C@H]1OC(O)[C@H](O)[C@@H](O)[C@@H]1O,0,0.27498231118234995,0.3783783783783784,0.30-0.50
random,5,8,COc1ccc(Cc2nccc3cc(OC)c(OC)cc23)cc1OC,1,0.47303514053738205,0.25,<0.30
random,5,95,O=C1NC(c2ccccc2)(c2ccccc2)C(=O)N1COP(=O)(O)O,1,0.7443354411777442,0.35714285714285715,0.30-0.50
random,5,184,CC(COc1ccccc1)N(CCCl)Cc1ccccc1,0,0.4425634046241917,0.38095238095238093,0.30-0.50
random,5,215,NC[C@@H]1O[C@H](O[C@H]2[C@@H](O)[C@H](O[C@@H]3[C@@H](O)[C@H](N)C[C@H](N)[C@H]3O[C@H]3O[C@H](CO)[C@@H](O)[C@H](O)[C@H]3N)O[C@@H]2CO)[C@H](N)[C@@H](O)[C@@H]1O,0,0.03359186681754443,0.9761904761904762,>=0.70
random,5,114,C[C@]12COC(=O)C[C@@H]1CC[C@@H]1[C@@H]2CC[C@@]2(C)[C@H]1CC[C@]2(C)O,1,0.7852883394685818,0.5882352941176471,0.50-0.70
random,5,394,Cn1c(CCCC(=O)O)nc2cc(N(CCCl)CCCl)ccc21,0,0.724480463449766,0.21621621621621623,<0.30
random,5,289,Cc1ccc(/C(=C\CN2CCCC2)c2ccccn2)cc1,0,0.3706933580078955,0.25,<0.30
random,5,81,CCC(C)n1ncn(-c2ccc(N3CCN(c4ccc(OC[C@H]5CO[C@](Cn6cncn6)(c6ccc(Cl)cc6Cl)O5)cc4)CC3)cc2)c1=O,1,0.9844757398505419,0.5531914893617021,0.50-0.70
random,5,242,O=C(CCCCCCC(=O)Nc1ccccc1)NO,0,0.615958860091767,0.38095238095238093,0.30-0.50
random,5,330,CCCC(C)(COC(N)=O)COC(=O)NC(C)C,0,0.2199524840144314,0.696969696969697,0.50-0.70
random,5,158,CCc1oc2ccccc2c1C(=O)c1cc(I)c(O)c(I)c1,1,0.9871231285794185,0.7441860465116279,>=0.70
random,5,181,Cc1ccc(-n2[nH]c(C)c(N/N=C3\C=CC=C(c4cccc(C(=O)O)c4)C3=O)c2=O)cc1C.NCCO.NCCO,1,0.7064221365034155,0.2,<0.30
random,5,154,CC(COc1ccccc1)NN,1,0.8070663685478224,0.4878048780487805,0.30-0.50
random,5,16,Cc1cc(C#N)cc(C)c1Oc1nc(Nc2ccc(C#N)cc2)nc(N)c1Br,1,0.9947686853035538,0.18823529411764706,<0.30
random,5,143,NC(=O)NS(=O)(=O)c1ccc(N)cc1,1,0.8806777173777558,0.32432432432432434,0.30-0.50
random,5,249,Cc1ccc(N(CC2=NCCN2)c2cccc(O)c2)cc1,0,0.03234410931632345,0.2549019607843137,<0.30
random,5,445,c1cc(CN2CCCNCCNCCCNCC2)ccc1CN1CCCNCCNCCCNCC1,0,0.18570984115979658,0.2413793103448276,<0.30
random,5,11,O=C(O)CCCCCC[NH2+]C1c2ccccc2CCc2ccccc21.[Cl-],1,0.07209035432978513,0.2926829268292683,<0.30
random,5,387,C[NH+](C)CCOC(c1ccccc1)c1ccccc1.Cn1c2nc(Cl)nc-2c([O-])n(C)c1=O,0,0.5248569479227898,0.28125,<0.30
random,5,342,CCOC(=O)c1ncn2c1CN(C)C(=O)c1cc(F)ccc1-2,0,0.8612062475325326,0.2608695652173913,<0.30
random,5,59,CN(C)CCCN1c2ccccc2CCc2ccc(Cl)cc21,1,0.6635965908156374,0.38181818181818183,0.30-0.50
random,5,83,O=C1Nc2ccc(Cl)cc2[C@@](C#CC2CC2)(C(F)(F)F)O1,1,0.9555342819333823,0.24615384615384617,<0.30
random,5,257,N=c1nc(N2CCCCC2)cc(N)n1O,0,0.3691350854900811,0.23809523809523808,<0.30
random,5,159,COc1ccc2c(C(=O)c3ccc(Cl)cc3)c(C)n(CC(=O)O)c2c1,1,0.8073200747252678,0.5172413793103449,0.50-0.70
random,5,309,COc1ccccc1OCC(O)CN1CCN(CC(=O)Nc2c(C)cccc2C)CC1,0,0.0267824952486076,0.4339622641509434,0.30-0.50
random,5,373,CNC(=O)c1c(I)c(NC(C)=O)c(I)c(C(=O)O)c1I,0,0.044389450792070184,0.7333333333333333,>=0.70
random,5,321,C#C[C@]1(O)CC[C@H]2[C@@H]3CCC4=CC(=O)CC[C@@H]4[C@H]3CC[C@@]21CC,0,0.10866898564606797,0.5396825396825397,0.50-0.70
random,5,388,CCN1CC(CCN2CCOCC2)C(c2ccccc2)(c2ccccc2)C1=O,0,0.6349560046978163,0.2833333333333333,<0.30
random,5,170,Cc1cc2c(cc1CC(=O)c1sccc1S(=O)(=O)Nc1onc(C)c1Cl)OCO2,1,0.959274916760957,0.21176470588235294,<0.30
random,5,302,Cc1ccc(O)c([C@@H](CCN(C(C)C)C(C)C)c2ccccc2)c1,0,0.0822725675231609,0.4262295081967213,0.30-0.50
random,5,296,C=C1C(=CC=C2CCC[C@]3(C)[C@@H]([C@H](C)CCCC(C)(C)O)CC[C@@H]23)C[C@@H](O)C[C@@H]1O,0,0.13108392494667884,0.4931506849315068,0.30-0.50
random,5,15,NC(N)=Nc1nc(CSCCN=CNS(=O)(=O)c2ccc(Br)cc2)cs1,1,0.8814943404773293,0.19540229885057472,<0.30
random,5,290,C=Cc1ccccc1S(=O)(=O)[O-].[Ca+2],0,0.6850558361567247,0.17857142857142858,<0.30
random,5,434,COC(=O)CCc1ccc(OCC(O)CNC(C)C)cc1,0,0.46284098308296395,0.39285714285714285,0.30-0.50
random,5,46,CS(=O)(=O)OCCCCOS(C)(=O)=O,1,0.038186705863168906,0.18181818181818182,<0.30
random,5,96,COc1cc(C)c(/C=C/C(C)=C/C=C/C(C)=C\C(=O)O)c(C)c1C,1,0.9584184603608649,0.42857142857142855,0.30-0.50
random,5,58,NC(=O)NO,1,0.6709034113902972,0.21739130434782608,<0.30
random,5,80,Clc1ccc2nsnc2c1NC1=NCCN1,1,0.7528051343659682,0.1724137931034483,<0.30
random,5,412,CCCCCCCC/C=C/CCCCCCCC(=O)O.NCCO,0,0.14609186137053826,0.4838709677419355,0.30-0.50
random,5,61,Cn1cc[nH]c1=S,1,0.6882537805564525,0.22580645161290322,<0.30
random,5,92,C[C@]12CC[C@H]3[C@@H](CCC4=CC(=O)CC[C@@H]43)[C@@H]1CC[C@@H]2O,1,0.2732613667289284,0.56,0.50-0.70
random,5,264,CCC(c1cccc(O)c1)C(C)CN(C)C,0,0.178330240620622,0.3333333333333333,0.30-0.50
random,5,105,CN(Cc1cnc2nc(N)nc(N)c2n1)c1ccc(C(=O)N[C@@H](CCC(=O)O)C(=O)O)cc1,1,0.15365044485041937,0.4805194805194805,0.30-0.50
random,5,78,CC(C)C[C@@H](NC(=O)[C@@H](Cc1ccccc1)NC(=O)c1cnccn1)B(O)O,1,0.22065807148642588,0.26785714285714285,<0.30
random,5,214,OC[C@@H](O)[C@H](O)[C@@H](O)[C@@H](O)CO,0,0.023881149817370082,1.0,>=0.70
random,5,211,NC[C@H]1O[C@H](O[C@H]2[C@H](O)[C@@H](O[C@H]3O[C@H](CO)[C@@H](O)[C@H](N)[C@H]3O)[C@H](N)C[C@@H]2N)[C@H](O)[C@@H](O)[C@@H]1O,0,0.05785287456269636,0.6551724137931034,0.50-0.70
random,5,142,Nc1ccc(S(=O)(=O)Nc2nccs2)cc1,1,0.8711605022018463,0.24615384615384617,<0.30
random,5,415,CNC[C@H](O)[C@@H](O)[C@H](O)[C@H](O)CO.CNC[C@H](O)[C@@H](O)[C@H](O)[C@H](O)CO.O=C([O-])CN(CCN(CC(=O)[O-])CC(=O)O)CCN(CC(=O)[O-])CC(=O)O.[Gd+3],0,0.009986563644606454,0.6229508196721312,0.50-0.70
random,5,327,Fc1ccccc1C1=NCC(=S)N(CC(F)(F)F)c2ccc(Cl)cc21,0,0.6333092449296776,0.5166666666666667,0.50-0.70
random,5,45,C[C@](N)(Cc1ccc(O)c(O)c1)C(=O)O,1,0.37699170782573904,0.6666666666666666,0.50-0.70
random,5,365,COc1ccc(C[C@@H]2c3cc(OC)c(OC)cc3CC[N@+]2(C)CCC(=O)OCCCCCOC(=O)CC[N@@+]2(C)CCc3cc(OC)c(OC)cc3[C@H]2Cc2ccc(OC)c(OC)c2)cc1OC.O=S(=O)([O-])c1ccccc1.O=S(=O)([O-])c1ccccc1,0,0.029354104615723346,0.8095238095238095,>=0.70
random,5,392,CNC(=O)c1cnn(-c2nc(N)c3ncn([C@@H]4O[C@H](CO)[C@@H](O)[C@H]4O)c3n2)c1,0,0.3095880207608577,0.5076923076923077,0.50-0.70
random,5,328,CC[C@@]1(O)C(=O)OCc2c1cc1n(c2=O)Cc2cc3c(CN(C)C)c(O)ccc3nc2-1,0,0.8018951466147544,0.1935483870967742,<0.30
random,5,363,Oc1ccc2c3c1OC1[C@@H](O)CC[C@@]4(O)[C@@H](C2)N(CC2CCC2)CC[C@]314,0,0.1322879292865063,0.4626865671641791,0.30-0.50
random,5,84,CNCC[C@H](Oc1cccc2ccccc12)c1cccs1,1,0.3499973460439797,0.24074074074074073,<0.30
random,6,125,NC(=O)OCC(COC(N)=O)c1ccccc1,1,0.11566467728756492,0.3125,0.30-0.50
random,6,65,C#Cc1cccc(Nc2ncnc3cc(OCCOC)c(OCCOC)cc23)c1,1,0.9656543160871376,0.40789473684210525,0.30-0.50
random,6,7,CNC(=O)c1cc(Oc2ccc(NC(=O)Nc3ccc(Cl)c(C(F)(F)F)c3)cc2)ccn1,1,0.9664597682141645,0.29411764705882354,<0.30
random,6,269,CO[Si](C)(C)O[Si](C)(C)C.O=[Si]=O,0,0.5821694507541224,0.1282051282051282,<0.30
random,6,224,CN(C)CCC(c1ccc(Br)cc1)c1ccccn1,0,0.06467649506516483,1.0,>=0.70
random,6,290,C=Cc1ccccc1S(=O)(=O)[O-].[Ca+2],0,0.8399793711198782,0.2,<0.30
random,6,210,CC(C)(C(=O)O)c1ccc(C(O)CCCN2CCC(C(O)(c3ccccc3)c3ccccc3)CC2)cc1,0,0.00139703979443984,0.3472222222222222,0.30-0.50
random,6,262,CC1(C)S[C@@H]2[C@H](NC(=O)COc3ccccc3)C(=O)N2[C@H]1C(=O)O,0,0.5533917828535083,0.2625,<0.30
random,6,168,O=C(O)Cc1csc(-c2ccc(Cl)cc2)n1,1,0.9749435562395526,0.288135593220339,<0.30
random,6,42,O=C(O)Cc1ccccc1Nc1c(Cl)cccc1Cl,1,0.6799059817813377,0.32653061224489793,0.30-0.50
random,6,144,CC(=O)Oc1ccc(C2(c3ccc(OC(C)=O)cc3)C(=O)N(C(C)=O)c3ccccc32)cc1,1,0.8812787487316682,0.5531914893617021,0.50-0.70
random,6,436,COc1ccc(N(C)C)cc1CN[C@H]1CCCN[C@H]1c1ccccc1,0,0.6043444506151087,0.1917808219178082,<0.30
random,6,402,CC(=O)Nc1c(I)c(NC(C)=O)c(I)c(C(=O)O)c1I,0,0.3989440558323719,0.7333333333333333,>=0.70
random,6,254,CN(C)CCC(c1ccc(Cl)cc1)c1ccccn1,0,0.046396057510673244,1.0,>=0.70
random,6,427,FC(F)(F)C(F)(F)C(F)(F)F,0,0.40299714584925006,0.075,<0.30
random,6,317,CCC(C)CCCCC(=O)NC(CCNCS(=O)(=O)[O-])C(=O)NC(C(=O)NC(CCNCS(=O)(=O)[O-])C(=O)NC1CCNC(=O)C(C(C)O)NC(=O)C(CCNCS(=O)(=O)[O-])NC(=O)C(CCNCS(=O)(=O)[O-])NC(=O)C(CC(C)C)NC(=O)C(CC(C)C)NC(=O)C(CCNCS(=O)(=O)[O-])NC1=O)C(C)O.[Na+].[Na+].[Na+].[Na+].[Na+],0,0.008648669610994813,0.7019230769230769,>=0.70
random,6,105,CN(Cc1cnc2nc(N)nc(N)c2n1)c1ccc(C(=O)N[C@@H](CCC(=O)O)C(=O)O)cc1,1,0.15323255099155494,0.33695652173913043,0.30-0.50
random,6,182,CCCC(CCC)C(=O)O.CCCC(CCC)C(=O)[O-].[Na+],1,0.05314983320854059,0.34615384615384615,0.30-0.50
random,6,270,CC(C)CC(NC(=O)CNC(=O)C(CCC(N)=O)NC(=O)C(CC(C)C)NC(=O)C(CC(C)C)NC(=O)C(CCCNC(=N)N)NC(=O)C(CCC(N)=O)NC(=O)C(CC(C)C)NC(=O)C(CCCNC(=N)N)NC(=O)C(C)NC(=O)C(CO)NC(=O)C(CC(=O)O)NC(=O)C(CCCNC(=N)N)NC(=O)C(CC(C)C)NC(=O)C(CCCNC(=N)N)NC(=O)C(CO)NC(=O)C(CC(C)C)NC(=O)C(CCC(=O)O)NC(=O)C(CO)NC(=O)C(NC(=O)C(Cc1ccccc1)NC(=O)C(NC(=O)CNC(=O)C(CC(=O)O)NC(=O)C(CO)NC(=O)C(N)Cc1ncc[nH]1)C(C)O)C(C)O)C(=O)NC(C(=O)O)C(C)C,0,0.0050330923363427265,0.5547945205479452,0.50-0.70
random,6,355,CCCCCN(C)CCC(O)(P(=O)(O)O)P(=O)(O)O,0,0.05753441518739006,0.28125,<0.30
random,6,77,Cc1ccc(NC(=O)c2ccc(CN3CCN(C)CC3)cc2)cc1Nc1nccc(-c2cccnc2)n1,1,0.9762812344289616,0.2708333333333333,<0.30
random,6,146,Cc1ccc(Nc2c(F)cccc2Cl)c(CC(=O)O)c1,1,0.859381564558911,0.25,<0.30
random,6,338,CNC(=O)Oc1ccc2c(c1)[C@]1(C)CCN(C)[C@@H]1N2C,0,0.07109039316228065,0.3230769230769231,0.30-0.50
random,6,259,C#CCN(C)[C@H](C)Cc1ccccc1,0,0.12197315676734909,0.625,0.50-0.70
random,6,99,CCCC(CCC)C(=O)O,1,0.0697802799969402,0.32142857142857145,0.30-0.50
random,6,401,C[N+](C)(C)CCOC(=O)CCC(=O)OCC[N+](C)(C)C,0,0.017524990082388846,0.6521739130434783,0.50-0.70
random,6,385,O.O=C([O-])CN(CCN(CC(=O)[O-])C[C@H](COP(=O)([O-])OC1CCC(c2ccccc2)(c2ccccc2)CC1)N(CC(=O)[O-])CC(=O)[O-])CC(=O)[O-].[Gd+3].[Na+].[Na+].[Na+],0,0.0019549549875977792,0.2765957446808511,<0.30
random,6,369,OCC(O)C(O)C(O)C(O)CO,0,0.024101632025337744,1.0,>=0.70
random,6,308,CC(=O)Oc1ccccc1C(=O)Nc1ncc([N+](=O)[O-])s1,0,0.9696496976842918,0.26229508196721313,<0.30
random,6,97,CC(=O)N1CCN(c2ccc(OC[C@@H]3CO[C@@](Cn4ccnc4)(c4ccc(Cl)cc4Cl)O3)cc2)CC1,1,0.9409144133890772,0.5531914893617021,0.50-0.70
random,6,22,CNCC[C@@H](Oc1ccccc1C)c1ccccc1,1,0.552978461435958,0.44,0.30-0.50
random,6,396,C=CCOCC1CN2CCO[Si](C)(O1)OC(COCC=C)C2,0,0.3208474256855953,0.14754098360655737,<0.30
random,6,247,C[N+](C)(C)C[C@H](O)CC(=O)[O-],0,0.015555137346192818,0.4583333333333333,0.30-0.50
random,6,381,O=S([O-])([O-])=S.[Na+].[Na+],0,0.4503768255927946,0.21428571428571427,<0.30
random,6,246,NCC1CCC(C(=O)O)CC1,0,0.09140664790806147,0.26666666666666666,<0.30
random,6,316,COc1ccc2c3c1O[C@H]1[C@@H](O)C=C[C@H]4[C@@H](C2)N(C)CC[C@@]341,0,0.06728939805160064,0.7592592592592593,>=0.70
random,6,199,C=C1CC[C@H](O)C/C1=C/C=C1\CCC[C@]2(C)[C@@H]([C@H](C)/C=C/[C@H](C)C(C)C)CC[C@@H]12,0,0.22624057369092923,0.4931506849315068,0.30-0.50
random,6,227,CN[C@@H](C)Cc1ccccc1,0,0.3089767435745586,0.45161290322580644,0.30-0.50
random,6,49,CN1CCN(C2=c3ccccc3=Nc3ccc(Cl)cc3N2)CC1,1,0.7882325683579906,0.2698412698412698,<0.30
random,6,294,CC(C)(C(=O)c1cccnc1)c1cccnc1,0,0.7013241313254879,0.5151515151515151,0.50-0.70
random,6,212,Nc1nc(=O)c2nc(CNc3ccc(C(=O)N[C@@H](CCC(=O)O)C(=O)O)cc3)cnc2[nH]1,0,0.14449268435862334,0.5125,0.50-0.70
random,6,167,CN1CCCC(CN2c3ccccc3Sc3ccccc32)C1,1,0.4859859659689504,0.3548387096774194,0.30-0.50
random,6,110,Cc1ccc(C(=O)c2cc(O)c(O)c([N+](=O)[O-])c2)cc1,1,0.954890110794494,0.35714285714285715,0.30-0.50
random,6,331,CC(C)(N)CO.Cn1c(=O)c2[nH]c(Br)nc2n(C)c1=O,0,0.3211165607257043,0.3877551020408163,0.30-0.50
random,6,415,CNC[C@H](O)[C@@H](O)[C@H](O)[C@H](O)CO.CNC[C@H](O)[C@@H](O)[C@H](O)[C@H](O)CO.O=C([O-])CN(CCN(CC(=O)[O-])CC(=O)O)CCN(CC(=O)[O-])CC(=O)O.[Gd+3],0,0.007696158273894397,0.6229508196721312,0.50-0.70
random,6,83,O=C1Nc2ccc(Cl)cc2[C@@](C#CC2CC2)(C(F)(F)F)O1,1,0.9717035909757807,0.24615384615384617,<0.30
random,6,136,NC1=NC(=O)C(c2ccccc2)O1,1,0.9415611979040429,0.23255813953488372,<0.30
random,6,250,NC(N)=NCCN1CCCCCCC1,0,0.057193791525182926,0.2727272727272727,<0.30
random,6,361,Cc1cccc(C)c1NC(=O)C1CCCCN1C,0,0.11346064145847667,0.3617021276595745,0.30-0.50
random,6,183,Cc1nnc(C(C)C)n1C1C[C@H]2CC[C@@H](C1)N2CC[C@H](NC(=O)C1CCC(F)(F)CC1)c1ccccc1,1,0.09917044005401472,0.2857142857142857,<0.30
random,6,388,CCN1CC(CCN2CCOCC2)C(c2ccccc2)(c2ccccc2)C1=O,0,0.15400735347463432,0.32075471698113206,0.30-0.50
random,6,417,COc1cc2c(cc1OC)[C@@H](Cc1cc(OC)c(OC)c(OC)c1)[N+](C)(CCCOC(=O)CC/C=C/CCC(=O)OCCC[N+]1(C)CCc3cc(OC)c(OC)cc3[C@H]1Cc1cc(OC)c(OC)c(OC)c1)CC2,0,0.045697766217438575,0.5733333333333334,0.50-0.70
random,6,185,CCN(CC)CC#CCOC(=O)C(O)(c1ccccc1)C1CCCCC1,0,0.02658126068734353,0.46551724137931033,0.30-0.50
random,6,298,CC(=O)[O-].CC(=O)[O-].[Ca+2],0,0.34569781712235875,0.4166666666666667,0.30-0.50
random,6,314,Cc1nc2n(c(=O)c1CCN1CCC(c3noc4cc(F)ccc34)CC1)CCCC2O,0,0.3544501746052748,0.21739130434782608,<0.30
random,6,426,COCCNC(=O)CN(CCN(CCN(CC(=O)[O-])CC(=O)NCCOC)CC(=O)[O-])CC(=O)[O-].[Gd+3],0,0.011828851089801903,0.3055555555555556,0.30-0.50
random,6,311,C[C@H]1CN(C[C@H](Cc2ccccc2)C(=O)NCC(=O)O)CC[C@@]1(C)c1cccc(O)c1,0,0.008502487930861363,0.29577464788732394,<0.30
random,6,3,CC(C(=O)O)c1cccc(Oc2ccccc2)c1,1,0.29339984184229356,0.3269230769230769,0.30-0.50
random,6,126,Nc1ccn([C@@H]2O[C@H](CO)[C@@H](O)[C@@H]2O)c(=O)n1,1,0.31313940296351706,0.6041666666666666,0.50-0.70
random,6,170,Cc1cc2c(cc1CC(=O)c1sccc1S(=O)(=O)Nc1onc(C)c1Cl)OCO2,1,0.982882367915909,0.21176470588235294,<0.30
random,6,413,CCC(C)C1NC(=O)C(Cc2ccc(O)cc2)NC(=O)C(N)CSSCC(C(=O)N2CCCC2C(=O)NC(CC(C)C)C(=O)NCC(N)=O)NC(=O)C(CC(N)=O)NC(=O)C(C(C)O)NC1=O,0,0.018765238988197833,0.631578947368421,0.50-0.70
random,6,152,CC(C)Nc1ncccn1,1,0.44722816476867916,0.2571428571428571,<0.30
random,6,157,CCc1oc2ccccc2c1C(=O)c1ccc(O)cc1,1,0.854790891017993,0.6904761904761905,0.50-0.70
random,6,435,CCOC(=O)c1cncn1C(C)c1ccccc1,0,0.1882765044576704,0.3333333333333333,0.30-0.50
random,6,50,CCCCCCCCCCC[C@@H](C[C@@H]1OC(=O)[C@H]1CCCCCC)OC(=O)[C@H](CC(C)C)NC=O,1,0.29119506905305265,0.2235294117647059,<0.30
random,6,100,NNC(=O)c1ccncc1,1,0.9284475979740886,0.5161290322580645,0.50-0.70
random,6,234,CN(CCOc1ccc(NS(C)(=O)=O)cc1)CCc1ccc(NS(C)(=O)=O)cc1,0,0.937169392601722,0.37681159420289856,0.30-0.50
random,6,241,NC(=O)C(c1ccccc1)(c1ccccc1)[C@@H]1CCN(CCc2ccc3c(c2)CCO3)C1,0,0.058414753194680126,0.30303030303030304,0.30-0.50
random,6,194,CC(=O)N[C@@H](CS)C(=O)O,0,0.052143998479256194,0.23529411764705882,<0.30
random,6,403,CC[C@H](C)[C@@H]1NC(=O)[C@H](Cc2ccc(O)cc2)NC(=O)[C@@H](N)CSSC[C@@H](C(=O)N2CCC[C@H]2C(=O)N[C@@H](CC(C)C)C(=O)NCC(N)=O)NC(=O)[C@H](CC(N)=O)NC(=O)[C@H](CCC(N)=O)NC1=O,0,0.005564347720868676,0.7090909090909091,>=0.70
random,6,139,CC(C)Cc1ccc(CC(=O)O)cc1,1,0.4315435060014133,0.32558139534883723,0.30-0.50
random,6,251,C[C@H](N)Cc1ccccc1,0,0.42591091843160844,0.4827586206896552,0.30-0.50
random,6,20,CC(c1cc2ccccc2s1)N(O)C(N)=O,1,0.8037850387112375,0.26666666666666666,<0.30
random,6,114,C[C@]12COC(=O)C[C@@H]1CC[C@@H]1[C@@H]2CC[C@@]2(C)[C@H]1CC[C@]2(C)O,1,0.642551069162861,0.5882352941176471,0.50-0.70
random,6,133,O=C(OCC(O)CO)c1ccccc1Nc1ccnc2cc(Cl)ccc12,1,0.39574860873737444,0.2786885245901639,<0.30
random,6,74,CCN(CC)C(=S)SSC(=S)N(CC)CC,1,0.13482322361276367,0.18604651162790697,<0.30
random,6,445,c1cc(CN2CCCNCCNCCCNCC2)ccc1CN1CCCNCCNCCCNCC1,0,0.22975324289897991,0.2413793103448276,<0.30
random,6,215,NC[C@@H]1O[C@H](O[C@H]2[C@@H](O)[C@H](O[C@@H]3[C@@H](O)[C@H](N)C[C@H](N)[C@H]3O[C@H]3O[C@H](CO)[C@@H](O)[C@H](O)[C@H]3N)O[C@@H]2CO)[C@H](N)[C@@H](O)[C@@H]1O,0,0.02230917454000434,0.9761904761904762,>=0.70
random,6,420,CC1=C(CCC(=O)O)c2cc3nc(cc4[nH]c(cc5[nH]c(cc1n2)c(C)c5C(C)O)c(C)c4C(C)OC(C)c1c(C)c2cc4nc(cc5nc(cc6[nH]c(cc1[nH]2)c(C)c6C(C)O)C(C)=C5CCC(=O)O)C(CCC(=O)O)=C4C)C(C)=C3CCC(=O)O,0,0.09440111212599163,0.189873417721519,<0.30
random,6,345,NC(N)=NCCC[C@H](N)C(=O)O,0,0.11873514734142628,0.40625,0.30-0.50
random,6,264,CCC(c1cccc(O)c1)C(C)CN(C)C,0,0.09828179747105303,0.3333333333333333,0.30-0.50
random,6,1,Nc1nc2ccc(OC(F)(F)F)cc2s1,1,0.9317334422701259,0.140625,<0.30
random,6,303,C=CCN.ClCC1CO1,0,0.2975655249255622,0.13513513513513514,<0.30
random,6,11,O=C(O)CCCCCC[NH2+]C1c2ccccc2CCc2ccccc21.[Cl-],1,0.028881856198703135,0.2926829268292683,<0.30
random,6,411,COc1ccc(CC2c3cc(OC)c(OC)cc3CC[N+]2(C)CCC(=O)OCCCCCOC(=O)CC[N+]2(C)CCc3cc(OC)c(OC)cc3C2Cc2ccc(OC)c(OC)c2)cc1OC,0,0.0807870326220763,0.8095238095238095,>=0.70
random,6,378,[Cl][Cu][Cl],0,0.43164381999063206,0.038461538461538464,<0.30
random,6,124,OCC1OC(n2cnc3c2NC=NC[C@H]3O)CC1O,1,0.17221826265822388,0.27692307692307694,<0.30
random,6,135,CC(C(=O)O)c1ccc(N2CC=CC2)c(Cl)c1,1,0.043300973403485404,0.37037037037037035,0.30-0.50
random,6,309,COc1ccccc1OCC(O)CN1CCN(CC(=O)Nc2c(C)cccc2C)CC1,0,0.06559243751859681,0.4339622641509434,0.30-0.50
random,6,5,CNCCC=C1c2ccccc2CCc2ccccc21,1,0.41544621939318416,0.29545454545454547,<0.30
random,6,96,COc1cc(C)c(/C=C/C(C)=C/C=C/C(C)=C\C(=O)O)c(C)c1C,1,0.9762054119581927,0.42857142857142855,0.30-0.50
random,7,380,CC[C@H](C)[C@H](NC(=O)[C@H](CC(=O)O)NC(=O)[C@H](CC(C)C)NC(=O)[C@H](CC(C)C)NC(=O)[C@H](CCCCN)NC(=O)[C@H](CCCNC(=N)N)NC(=O)[C@H](CC(N)=O)NC(=O)[C@H](CO)NC(=O)[C@H](Cc1cnc[nH]1)NC(=O)[C@H](C)NC(=O)[C@H](CCC(N)=O)NC(=O)[C@H](CCC(N)=O)NC(=O)[C@H](C)NC(=O)[C@H](CC(C)C)NC(=O)[C@H](CCC(N)=O)NC(=O)[C@H](CC(=O)O)NC(=O)[C@H](C)NC(=O)[C@H](CCCCN)NC(=O)[C@@H](NC(=O)[C@H](CCSC)NC(=O)[C@H](CCC(=O)O)NC(=O)[C@H](CC(C)C)NC(=O)[C@@H](NC(=O)[C@H](CCC(=O)O)NC(=O)[C@H](CCCNC(=N)N)NC(=O)[C@H](CC(C)C)NC(=O)[C@H](CC(C)C)NC(=O)[C@H](Cc1cnc[nH]1)NC(=O)[C@H](Cc1ccccc1)NC(=O)[C@@H](NC(=O)[C@H](CC(C)C)NC(=O)[C@H](CC(=O)O)NC(=O)[C@H](CC(C)C)NC(=O)[C@H](CO)NC(=O)[C@@H](NC(=O)[C@@H]1CCCN1C(=O)[C@@H]1CCCN1C(=O)[C@H](CCC(=O)O)NC(=O)[C@H](CCC(N)=O)NC(=O)[C@@H](N)CO)[C@@H](C)CC)[C@@H](C)O)C(C)C)[C@@H](C)O)C(=O)N[C@@H](C)C(N)=O,0,0.0005629040682451037,0.9568345323741008,>=0.70
random,7,70,Cc1ccc(C)c(OCCCC(C)(C)C(=O)O)c1,1,0.2562800440532919,0.26,<0.30
random,7,88,Cc1nc(-c2ccc(OCC(C)C)c(C#N)c2)sc1C(=O)O,1,0.8898866792980872,0.23076923076923078,<0.30
random,7,271,O.O.O.O=S(=O)([O-])OC[C@H]1O[C@@H](O[C@]2(COS(=O)(=O)[O-])O[C@H](OS(=O)(=O)[O-])[C@@H](OS(=O)(=O)[O-])[C@@H]2OS(=O)(=O)[O-])[C@H](OS(=O)(=O)[O-])[C@@H](OS(=O)(=O)[O-])[C@@H]1OS(=O)(=O)[O-].[Al],0,0.2786624278280775,0.21794871794871795,<0.30
random,7,402,CC(=O)Nc1c(I)c(NC(C)=O)c(I)c(C(=O)O)c1I,0,0.5813106893130513,0.30303030303030304,0.30-0.50
random,7,367,CCC(=O)N(c1ccccc1)C1(COC)CCN(CCn2nnn(CC)c2=O)CC1,0,0.04002581715819772,0.6153846153846154,0.50-0.70
random,7,252,O=C(NC(CO)C(O)c1ccc([N+](=O)[O-])cc1)C(Cl)Cl,0,0.27858170454607717,0.24074074074074073,<0.30
random,7,140,O=C(O)c1cc(-c2ccccc2)nc2ccccc12,1,0.9667687585835588,0.28205128205128205,<0.30
random,7,414,CC[C@H](C)[C@H](NC(=O)[C@H](CCC(=O)O)NC(=O)[C@H](CO)NC(=O)[C@@H](NC(=O)[C@@H](N)CO)C(C)C)C(=O)N[C@@H](CCC(N)=O)C(=O)N[C@@H](CC(C)C)C(=O)N[C@@H](CCSC)C(=O)N[C@@H](Cc1c[nH]cn1)C(=O)N[C@@H](CC(N)=O)C(=O)N[C@@H](CC(C)C)C(=O)NCC(=O)N[C@@H](CCCCN)C(=O)N[C@@H](Cc1c[nH]cn1)C(=O)N[C@@H](CC(C)C)C(=O)N[C@@H](CC(N)=O)C(=O)N[C@@H](CO)C(=O)N[C@@H](CCSC)C(=O)N[C@@H](CCC(=O)O)C(=O)N[C@@H](CCCNC(=N)N)C(=O)N[C@H](C(=O)N[C@@H](CCC(=O)O)C(=O)N[C@@H](Cc1c[nH]c2ccccc12)C(=O)N[C@@H](CC(C)C)C(=O)N[C@@H](CCCNC(=N)N)C(=O)N[C@@H](CCCCN)C(=O)N[C@@H](CCCCN)C(=O)N[C@@H](CC(C)C)C(=O)N[C@@H](CCC(N)=O)C(=O)N[C@@H](CC(=O)O)C(=O)N[C@H](C(=O)N[C@@H](Cc1c[nH]cn1)C(=O)N[C@@H](CC(N)=O)C(=O)N[C@@H](Cc1ccccc1)C(=O)O)C(C)C)C(C)C,0,0.003987864782670578,0.6753246753246753,0.50-0.70
random,7,253,CC(C)NCC(O)c1cc(O)cc(O)c1,0,0.29603563993348303,0.3783783783783784,0.30-0.50
random,7,437,O=C(CCCCC(=O)Nc1c(I)cc(I)c(C(=O)O)c1I)Nc1c(I)cc(I)c(C(=O)O)c1I,0,0.3763735433886034,0.38095238095238093,0.30-0.50
random,7,351,CCCCCCC(C)(C)c1cc(O)c2c(c1)OC(C)(C)[C@@H]1CCC(=O)C[C@@H]21,0,0.29643038798612475,0.2261904761904762,<0.30
random,7,15,NC(N)=Nc1nc(CSCCN=CNS(=O)(=O)c2ccc(Br)cc2)cs1,1,0.9712407694252373,0.21875,<0.30
random,7,356,CO[C@H]1C[C@@H]2CC[C@@H](C)[C@@](O)(O2)C(=O)C(=O)N2CCCC[C@H]2C(=O)O[C@H]([C@H](C)C[C@@H]2CC[C@@H](OC(=O)C(C)(CO)CO)[C@H](OC)C2)CC(=O)[C@H](C)/C=C(\C)[C@@H](O)[C@@H](OC)C(=O)[C@H](C)C[C@H](C)/C=C/C=C/C=C/1C,0,0.22688724922824563,0.19047619047619047,<0.30
random,7,319,Clc1ccc2c(c1)C(c1ccccc1)=NCc1nncn1-2,0,0.6231438425191997,0.3709677419354839,0.30-0.50
random,7,207,CC(C)NCC(O)c1ccc(O)c(O)c1,0,0.38487536962138386,0.6875,0.50-0.70
random,7,336,CC[N+](C)(C)c1cccc(O)c1,0,0.1446912761687017,0.3333333333333333,0.30-0.50
random,7,68,CCCN(CCOc1c(Cl)cc(Cl)cc1Cl)C(=O)n1ccnc1.O=S(=O)([O-])C(I)I.[Na+],1,0.943393667903928,0.2345679012345679,<0.30
random,7,418,CC(O)CN1CCN(CC(=O)[O-])CCN(CC(=O)[O-])CCN(CC(=O)[O-])CC1.[Gd+3],0,0.015622939877878063,0.29310344827586204,<0.30
random,7,46,CS(=O)(=O)OCCCCOS(C)(=O)=O,1,0.04188183372496997,0.18181818181818182,<0.30
random,7,55,CCCSc1ccc2nc(NC(=O)OC)[nH]c2c1,1,0.4073594601828245,0.19402985074626866,<0.30
random,7,443,NC(=O)CCC1NC(=O)C(Cc2ccccc2)NC(=O)C(Cc2ccc(O)cc2)NC(=O)C(N)CSSCC(C(=O)N2CCCC2C(=O)NC(CCCN=C(N)N)C(=O)NCC(N)=O)NC(=O)C(CC(N)=O)NC1=O,0,0.0007212756559322904,0.7090909090909091,>=0.70
random,7,343,CCN(CC)CC(=O)Nc1c(C)cccc1C,0,0.5782332609257895,0.3617021276595745,0.30-0.50
random,7,130,CCc1oc2ccccc2c1C(=O)c1cc(Br)c(O)c(Br)c1,1,0.990786395043781,0.7441860465116279,>=0.70
random,7,91,CC12CCC3c4ccc(OC(=O)N(CCCl)CCCl)cc4CCC3C1CCC2O,1,0.8830018528426977,0.36231884057971014,0.30-0.50
random,7,157,CCc1oc2ccccc2c1C(=O)c1ccc(O)cc1,1,0.9135034138294348,0.6904761904761905,0.50-0.70
random,7,226,CCOC(=O)C1(c2ccccc2)CCN(C)CC1,0,0.3687438326633615,0.6078431372549019,0.50-0.70
random,7,239,C/C1=C2/[N-]C([C@H](CC(N)=O)[C@@]2(C)CCC(=O)NCC(C)OP(=O)(O)OC2C(O)[C@@H](n3cnc4cc(C)c(C)cc43)O[C@H]2CO)[C@]2(C)N=C(/C(C)=C3N=C(/C=C4N=C1[C@@H](CCC(N)=O)C\4(C)C)[C@@H](CCC(N)=O)[C@]\3(C)CC(N)=O)[C@@H](CCC(N)=O)[C@]2(C)CC(N)=O.[C-]#N.[Co+3],0,0.24339521148069507,0.19607843137254902,<0.30
random,7,99,CCCC(CCC)C(=O)O,1,0.4639793486118442,0.7272727272727273,>=0.70
random,7,209,C[C@]12CCC(=O)C=C1CC[C@H]1[C@@H]3CC[C@](O)(C(=O)CO)[C@@]3(C)C[C@H](O)[C@@]12F,0,0.5031132921745305,0.4,0.30-0.50
random,7,93,CCc1cccc2c3c([nH]c12)C(CC)(CC(=O)O)OCC3,1,0.4633962341398364,0.22033898305084745,<0.30
random,7,379,O=C(NCC(O)CO)c1c(I)c(C(=O)NCC(O)CO)c(I)c(N(CCO)C(=O)CO)c1I,0,0.023701524582656473,0.18461538461538463,<0.30
random,7,39,O=C(O)c1cccnc1,1,0.8840276742110259,0.5151515151515151,0.50-0.70
random,7,190,C[C@H]1O[C@@H](O[C@H]2[C@@H](O)C[C@H](O[C@H]3[C@@H](O)C[C@H](O[C@H]4CC[C@@]5(C)[C@H](CC[C@@H]6[C@@H]5C[C@@H](O)[C@]5(C)C(C7=CC(=O)OC7)CC[C@]65O)C4)O[C@@H]3C)O[C@@H]2C)C[C@H](O)[C@@H]1O,0,0.3086546568455551,0.22988505747126436,<0.30
random,7,20,CC(c1cc2ccccc2s1)N(O)C(N)=O,1,0.9221748378795789,0.26666666666666666,<0.30
random,7,321,C#C[C@]1(O)CC[C@H]2[C@@H]3CCC4=CC(=O)CC[C@@H]4[C@H]3CC[C@@]21CC,0,0.4885779412067475,0.5396825396825397,0.50-0.70
random,7,328,CC[C@@]1(O)C(=O)OCc2c1cc1n(c2=O)Cc2cc3c(CN(C)C)c(O)ccc3nc2-1,0,0.6031253168855466,0.1935483870967742,<0.30
random,7,218,CC[C@@H](CO)NC(=O)[C@@H]1C=C2c3cccc4[nH]cc(c34)C[C@H]2N(C)C1,0,0.011067794230300748,0.7230769230769231,>=0.70
random,7,144,CC(=O)Oc1ccc(C2(c3ccc(OC(C)=O)cc3)C(=O)N(C(C)=O)c3ccccc32)cc1,1,0.7916661784068556,0.33962264150943394,0.30-0.50
random,7,359,COC(=O)[C@H]1[C@H]2C[C@@H]3c4[nH]c5cc(OC)ccc5c4CCN3C[C@H]2C[C@@H](OC(=O)c2cc(OC)c(OC)c(OC)c2)[C@@H]1OC,0,0.3880470842372072,0.23529411764705882,<0.30
random,7,240,CC(=CCC1=C(C)C(=O)c2ccccc2C1=O)CCCC(C)CCCC(C)CCCC(C)C,0,0.09900489293427824,0.23529411764705882,<0.30
random,7,222,CN1[C@@H]2CC[C@H]1CC(OC(=O)C(CO)c1ccccc1)C2,0,0.018295773049372827,0.6808510638297872,0.50-0.70
random,7,44,O=c1nc[nH]c2c1ncn2[C@H]1CC[C@@H](CO)O1,1,0.6022325416998281,0.2698412698412698,<0.30
random,7,124,OCC1OC(n2cnc3c2NC=NC[C@H]3O)CC1O,1,0.23411426303417623,0.27692307692307694,<0.30
random,7,434,COC(=O)CCc1ccc(OCC(O)CNC(C)C)cc1,0,0.5188169711175284,0.39285714285714285,0.30-0.50
random,7,16,Cc1cc(C#N)cc(C)c1Oc1nc(Nc2ccc(C#N)cc2)nc(N)c1Br,1,0.9933525017607268,0.18823529411764706,<0.30
random,7,256,C[C@]12CCC(=O)C=C1CC[C@@H]1[C@@H]2[C@@H](O)C[C@@]2(C)[C@H]1CC[C@]2(O)C(=O)CO,0,0.27226616058518605,0.5294117647058824,0.50-0.70
random,7,267,Clc1ccc(C(c2ccccc2Cl)C(Cl)Cl)cc1,0,0.6786408192064526,0.2765957446808511,<0.30
random,7,103,Cc1cn([C@H]2C=C[C@@H](CO)O2)c(=O)[nH]c1=O,1,0.6903504508931716,0.3888888888888889,0.30-0.50
random,7,228,CNC1(C)C2CCC(C2)C1(C)C,0,0.21234980962480585,0.16,<0.30
random,7,373,CNC(=O)c1c(I)c(NC(C)=O)c(I)c(C(=O)O)c1I,0,0.26919087906629086,0.2564102564102564,<0.30
random,7,150,CC(=O)Oc1ccc(C2(c3ccc(OC(C)=O)cc3)C(=O)Nc3ccccc32)cc1,1,0.7389334425635653,0.3617021276595745,0.30-0.50
random,7,5,CNCCC=C1c2ccccc2CCc2ccccc21,1,0.6177478011585477,0.29545454545454547,<0.30
random,7,184,CC(COc1ccccc1)N(CCCl)Cc1ccccc1,0,0.3435084813574586,0.40476190476190477,0.30-0.50
random,7,251,C[C@H](N)Cc1ccccc1,0,0.38038014515861046,0.5384615384615384,0.50-0.70
random,7,9,CS(=O)(=O)Nc1ccc([N+](=O)[O-])cc1Oc1ccccc1,1,0.6640597175887453,0.2641509433962264,<0.30
random,7,121,CCC[C@@]1(CCc2ccccc2)CC(=O)C([C@H](CC)c2cccc(NS(=O)(=O)c3ccc(C(F)(F)F)cn3)c2)=C(O)O1,1,0.5406946784749389,0.2087912087912088,<0.30
random,7,170,Cc1cc2c(cc1CC(=O)c1sccc1S(=O)(=O)Nc1onc(C)c1Cl)OCO2,1,0.9540931753105814,0.21176470588235294,<0.30
random,7,390,C=CCN1CC[C@]23c4c5ccc(O)c4O[C@H]2C(=O)CC[C@@]3(O)[C@H]1C5,0,0.026115024725516026,0.7288135593220338,>=0.70
random,7,188,CN1CCC[C@@H]1CCO[C@](C)(c1ccccc1)c1ccc(Cl)cc1,0,0.011033750539102459,0.3157894736842105,0.30-0.50
random,7,149,CC(=O)Oc1cc(C(C)C)c(OCCN(C)C)cc1C,1,0.30566007234418147,0.2962962962962963,<0.30
random,7,18,CC[C@H]1OC(=O)[C@H](C)[C@@H](O[C@H]2C[C@@](C)(OC)[C@@H](O)[C@H](C)O2)[C@H](C)[C@@H](O[C@@H]2O[C@H](C)C[C@H](N(C)C)[C@H]2O)[C@](C)(O)C[C@@H](C)C(=O)[C@H](C)[C@@H](O)[C@]1(C)O,1,0.8881493644465008,0.922077922077922,>=0.70
random,7,424,C[C@@H]1CCN(C(=O)[C@H](CCCN=C(N)N)NS(=O)(=O)c2cccc3c2NC[C@H](C)C3)[C@@H](C(=O)O)C1,0,0.03314391462076183,0.24,<0.30
random,7,296,C=C1C(=CC=C2CCC[C@]3(C)[C@@H]([C@H](C)CCCC(C)(C)O)CC[C@@H]23)C[C@@H](O)C[C@@H]1O,0,0.07836016288782215,0.4931506849315068,0.30-0.50
random,7,360,OC(CCN1CCCCC1)(c1ccccc1)C1CCCCC1,0,0.0027226254076116872,1.0,>=0.70
random,7,385,O.O=C([O-])CN(CCN(CC(=O)[O-])C[C@H](COP(=O)([O-])OC1CCC(c2ccccc2)(c2ccccc2)CC1)N(CC(=O)[O-])CC(=O)[O-])CC(=O)[O-].[Gd+3].[Na+].[Na+].[Na+],0,0.009079442389650897,0.2765957446808511,<0.30
random,7,133,O=C(OCC(O)CO)c1ccccc1Nc1ccnc2cc(Cl)ccc12,1,0.5888365058944972,0.2786885245901639,<0.30
random,7,369,OCC(O)C(O)C(O)C(O)CO,0,0.020085114000045208,1.0,>=0.70
random,7,73,CC(C)c1c(C(=O)Nc2ccccc2)c(-c2ccccc2)c(-c2ccc(F)cc2)n1CC[C@@H](O)C[C@@H](O)CC(=O)O,1,0.15660611096793892,0.21794871794871795,<0.30
random,7,302,Cc1ccc(O)c([C@@H](CCN(C(C)C)C(C)C)c2ccccc2)c1,0,0.0319004393638807,0.4262295081967213,0.30-0.50
random,7,375,[13CH3]C(O)C(=O)[O-].[Na+],0,0.27237736274578533,0.4,0.30-0.50
random,7,43,O=C(O)c1cn(C2CC2)c2cc(N3CCNCC3)c(F)cc2c1=O,1,0.7090299191438246,0.38571428571428573,0.30-0.50
random,7,259,C#CCN(C)[C@H](C)Cc1ccccc1,0,0.21893599371636588,0.625,0.50-0.70
random,7,54,Nc1nc(NC2CC2)c2ncn(C3C=C[C@H](CO)C3)c2n1,1,0.11731804563247554,0.26865671641791045,<0.30
random,7,277,CCN(C(C)=O)c1cccc(-c2ccnc3c(C#N)cnn23)c1,0,0.3693147072701037,0.22972972972972974,<0.30
random,7,178,CCCCN1C(=O)[C@@H]([C@H](O)C2CCCCC2)NC(=O)C12CCN(Cc1ccc(Oc3ccc(C(=O)O)cc3)cc1)CC2,1,0.9260416526628691,0.2403846153846154,<0.30
random,7,104,Cc1cn([C@H]2C[C@H](N=[N+]=[N-])[C@@H](CO)O2)c(=O)[nH]c1=O,1,0.6679918358267307,0.34375,0.30-0.50
random,7,376,NC(=O)[C@@H]1CCCN1C(=O)[C@H](Cc1cnc[nH]1)NC(=O)[C@@H]1CCC(=O)N1,0,0.26970718197382376,0.26973684210526316,<0.30
random,7,287,CN1C(=O)CC(C)(c2ccccc2)C1=O,0,0.6551052730855549,0.32075471698113206,0.30-0.50
random,7,372,CC1(C)C(=CC=CC=CC=CC2=[N+](CCCCS(=O)(=O)[O-])c3ccc4ccccc4c3C2(C)C)N(CCCCS(=O)(=O)[O-])c2ccc3ccccc3c21.[Na+],0,0.4360112443892552,0.16483516483516483,<0.30
random,7,37,CC/C(=C(\c1ccccc1)c1ccc(OCCN(C)C)cc1)c1ccccc1,1,0.34811526160007306,0.36363636363636365,0.30-0.50
random,7,177,CN1CCC(Nc2ncc3ncnc(Nc4ccc(F)c(Cl)c4)c3n2)CC1,1,0.9853688517553149,0.4074074074074074,0.30-0.50
random,7,185,CCN(CC)CC#CCOC(=O)C(O)(c1ccccc1)C1CCCCC1,0,0.05353047382714846,0.46551724137931033,0.30-0.50
random,7,365,COc1ccc(C[C@@H]2c3cc(OC)c(OC)cc3CC[N@+]2(C)CCC(=O)OCCCCCOC(=O)CC[N@@+]2(C)CCc3cc(OC)c(OC)cc3[C@H]2Cc2ccc(OC)c(OC)c2)cc1OC.O=S(=O)([O-])c1ccccc1.O=S(=O)([O-])c1ccccc1,0,0.023916314648818836,0.8095238095238095,>=0.70
random,7,4,CC(=O)Nc1nnc(S(N)(=O)=O)s1,1,0.7920954877652369,0.2631578947368421,<0.30
random,7,276,NCC1OC(OC2C(CO)OC(OC3C(O)C(N)CC(N)C3OC3OC(CN)C(O)C(O)C3N)C2O)C(N)C(O)C1O,0,0.027158866098550553,0.9761904761904762,>=0.70
random,7,395,C/C=C1\NC(=O)[C@H]2CSSCC/C=C/[C@H](CC(=O)N[C@H](C(C)C)C(=O)N2)OC(=O)[C@H](C(C)C)NC1=O,0,0.9002131003590236,0.16666666666666666,<0.30
random,7,311,C[C@H]1CN(C[C@H](Cc2ccccc2)C(=O)NCC(=O)O)CC[C@@]1(C)c1cccc(O)c1,0,0.008454163554814782,0.29577464788732394,<0.30
random,7,102,CC(C)C(=O)Nc1ccc([N+](=O)[O-])c(C(F)(F)F)c1,1,0.8658429405254853,0.4,0.30-0.50
random,7,86,Cc1ccccc1C(=O)Nc1ccc(C(=O)N2CCCC(O)c3cc(Cl)ccc32)c(C)c1,1,0.8761450106694472,0.313953488372093,0.30-0.50
random,7,203,COc1ccc2c(c1)[C@]13CCCC[C@@H]1[C@H](C2)N(C)CC3,0,0.07551468770755015,0.7083333333333334,>=0.70
random,8,60,COC1=CC(=O)C[C@@H](C)[C@]12Oc1c(Cl)c(OC)cc(OC)c1C2=O,1,0.8529922554893373,0.17894736842105263,<0.30
random,8,73,CC(C)c1c(C(=O)Nc2ccccc2)c(-c2ccccc2)c(-c2ccc(F)cc2)n1CC[C@@H](O)C[C@@H](O)CC(=O)O,1,0.04597381049665754,0.21794871794871795,<0.30
random,8,319,Clc1ccc2c(c1)C(c1ccccc1)=NCc1nncn1-2,0,0.943374192129457,0.23809523809523808,<0.30
random,8,338,CNC(=O)Oc1ccc2c(c1)[C@]1(C)CCN(C)[C@@H]1N2C,0,0.1296476322931203,0.3230769230769231,0.30-0.50
random,8,248,Cl.Cl.NCCNCCNCCN,0,0.22195871188165225,0.32142857142857145,0.30-0.50
random,8,100,NNC(=O)c1ccncc1,1,0.9355211073788009,0.5161290322580645,0.50-0.70
random,8,40,O=C(O)C1=C/C(=N/Nc2ccc(S(=O)(=O)Nc3ccccn3)cc2)C=CC1=O,1,0.8985222185017199,0.24615384615384617,<0.30
random,8,202,O=c1[nH]c2ccccc2n1C1CCN(CCCC(c2ccc(F)cc2)c2ccc(F)cc2)CC1,0,0.08742822292869294,0.3972602739726027,0.30-0.50
random,8,199,C=C1CC[C@H](O)C/C1=C/C=C1\CCC[C@]2(C)[C@@H]([C@H](C)/C=C/[C@H](C)C(C)C)CC[C@@H]12,0,0.27363534837116854,0.4931506849315068,0.30-0.50
random,8,292,OC(CCN1CCCCC1)(c1ccccc1)C1CC2C=CC1C2,0,0.0012903869031894544,0.6086956521739131,0.50-0.70
random,8,105,CN(Cc1cnc2nc(N)nc(N)c2n1)c1ccc(C(=O)N[C@@H](CCC(=O)O)C(=O)O)cc1,1,0.3924569818863756,0.33695652173913043,0.30-0.50
random,8,339,CN[C@@H]1[C@H](O[C@H]2[C@H](O[C@H]3[C@H](O)[C@@H](O)[C@H](N=C(N)N)[C@@H](O)[C@@H]3N=C(N)N)O[C@@H](C)[C@]2(O)C=O)O[C@@H](CO)[C@H](O)[C@H]1O,0,0.2646411822396657,0.2916666666666667,<0.30
random,8,85,c1ccc2[nH]c(-c3cscn3)nc2c1,1,0.7792362141837895,0.16129032258064516,<0.30
random,8,384,CC[C@H](C)[C@H](NC(=O)[C@@H]1CCCN1C(=O)CNC(=O)[C@H](Cc1ccccc1)NC(=O)[C@H](CC(N)=O)NC(=O)[C@H](CC(N)=O)NC(=O)[C@H](CO)NC(=O)[C@H](CO)NC(=O)[C@H](Cc1cnc[nH]1)NC(=O)[C@@H](NC(=O)[C@H](CC(C)C)NC(=O)[C@H](Cc1ccccc1)NC(=O)[C@H](CC(N)=O)NC(=O)[C@H](C)NC(=O)[C@H](CC(C)C)NC(=O)[C@H](CCCNC(=N)N)NC(=O)[C@H](CCC(N)=O)NC(=O)[C@@H](NC(=O)[C@H](C)NC(=O)[C@H](CS)NC(=O)[C@@H](NC(=O)[C@H](C)NC(=O)[C@@H](NC(=O)[C@H](CC(N)=O)NC(=O)[C@H](CS)NC(=O)[C@@H](N)CCCCN)[C@@H](C)O)[C@@H](C)O)[C@@H](C)O)C(C)C)C(=O)N[C@@H](CC(C)C)C(=O)N1CCC[C@H]1C(=O)N1CCC[C@H]1C(=O)N[C@H](C(=O)N[C@@H](CC(N)=O)C(=O)N[C@H](C(=O)NCC(=O)N[C@@H](CO)C(=O)N[C@@H](CC(N)=O)C(=O)N[C@H](C(=O)N[C@@H](Cc1ccc(O)cc1)C(N)=O)[C@@H](C)O)C(C)C)[C@@H](C)O,0,0.0017868196996933866,0.7317073170731707,>=0.70
random,8,322,C[N+]1(C)C2CC(OC(=O)C(CO)c3ccccc3)CC1C1OC12,0,0.016187735087296925,0.6938775510204082,0.50-0.70
random,8,81,CCC(C)n1ncn(-c2ccc(N3CCN(c4ccc(OC[C@H]5CO[C@](Cn6cncn6)(c6ccc(Cl)cc6Cl)O5)cc4)CC3)cc2)c1=O,1,0.8915628246050828,0.5531914893617021,0.50-0.70
random,8,317,CCC(C)CCCCC(=O)NC(CCNCS(=O)(=O)[O-])C(=O)NC(C(=O)NC(CCNCS(=O)(=O)[O-])C(=O)NC1CCNC(=O)C(C(C)O)NC(=O)C(CCNCS(=O)(=O)[O-])NC(=O)C(CCNCS(=O)(=O)[O-])NC(=O)C(CC(C)C)NC(=O)C(CC(C)C)NC(=O)C(CCNCS(=O)(=O)[O-])NC1=O)C(C)O.[Na+].[Na+].[Na+].[Na+].[Na+],0,0.013498260602658322,0.7019230769230769,>=0.70
random,8,32,O=c1ncnc2[nH][nH]cc1-2,1,0.6752680492993987,0.16666666666666666,<0.30
random,8,412,CCCCCCCC/C=C/CCCCCCCC(=O)O.NCCO,0,0.284387635089077,0.4838709677419355,0.30-0.50
random,8,138,CC(C(=O)O)c1ccc2oc(-c3ccc(Cl)cc3)nc2c1,1,0.9314144955588778,0.37037037037037035,0.30-0.50
random,8,350,CNCCCC1c2ccccc2C=Cc2ccccc21,0,0.8415740079101929,0.29545454545454547,<0.30
random,8,245,NS(=O)(=O)c1cc(Cl)c(Cl)c(S(N)(=O)=O)c1,0,0.6992430565618363,0.175,<0.30
random,8,98,CCc1nn(CCCN2CCN(c3cccc(Cl)c3)CC2)c(=O)n1CCOc1ccccc1,1,0.464681970108221,0.2597402597402597,<0.30
random,8,375,[13CH3]C(O)C(=O)[O-].[Na+],0,0.2337494306642378,0.4,0.30-0.50
random,8,99,CCCC(CCC)C(=O)O,1,0.49217136255735655,0.7272727272727273,>=0.70
random,8,186,CN(C)CCOC(c1ccccc1)c1ccccc1,0,0.2275176008917246,0.7272727272727273,>=0.70
random,8,70,Cc1ccc(C)c(OCCCC(C)(C)C(=O)O)c1,1,0.47223753029860654,0.2631578947368421,<0.30
random,8,250,NC(N)=NCCN1CCCCCCC1,0,0.0476438287319277,0.3142857142857143,0.30-0.50
random,8,365,COc1ccc(C[C@@H]2c3cc(OC)c(OC)cc3CC[N@+]2(C)CCC(=O)OCCCCCOC(=O)CC[N@@+]2(C)CCc3cc(OC)c(OC)cc3[C@H]2Cc2ccc(OC)c(OC)c2)cc1OC.O=S(=O)([O-])c1ccccc1.O=S(=O)([O-])c1ccccc1,0,0.04668835063975086,0.8095238095238095,>=0.70
random,8,247,C[N+](C)(C)C[C@H](O)CC(=O)[O-],0,0.010976639753933393,0.4583333333333333,0.30-0.50
random,8,140,O=C(O)c1cc(-c2ccccc2)nc2ccccc12,1,0.9591350271578218,0.28205128205128205,<0.30
random,8,193,CN(C)C(=O)Oc1ccc[n+](C)c1,0,0.6608287809707709,0.21818181818181817,<0.30
random,8,69,Nc1ccn([C@@H]2O[C@H](CO)[C@@H](O)C2(F)F)c(=O)n1,1,0.9445841006385957,0.6041666666666666,0.50-0.70
random,8,220,Cc1ncc(CO)c(CO)c1O,0,0.503121037386237,0.2391304347826087,<0.30
random,8,88,Cc1nc(-c2ccc(OCC(C)C)c(C#N)c2)sc1C(=O)O,1,0.9103348644821091,0.23076923076923078,<0.30
random,8,354,C[C@]12CCC3[C@@H](CC[C@H]4NC(=O)C=C[C@]34C)[C@@H]1CC[C@@H]2C(=O)Nc1cc(C(F)(F)F)ccc1C(F)(F)F,0,0.9697136420810536,0.24390243902439024,<0.30
random,8,368,CC(C)(CO)C(O)C(=O)NCCCO,0,0.0647406990364956,0.22857142857142856,<0.30
random,8,270,CC(C)CC(NC(=O)CNC(=O)C(CCC(N)=O)NC(=O)C(CC(C)C)NC(=O)C(CC(C)C)NC(=O)C(CCCNC(=N)N)NC(=O)C(CCC(N)=O)NC(=O)C(CC(C)C)NC(=O)C(CCCNC(=N)N)NC(=O)C(C)NC(=O)C(CO)NC(=O)C(CC(=O)O)NC(=O)C(CCCNC(=N)N)NC(=O)C(CC(C)C)NC(=O)C(CCCNC(=N)N)NC(=O)C(CO)NC(=O)C(CC(C)C)NC(=O)C(CCC(=O)O)NC(=O)C(CO)NC(=O)C(NC(=O)C(Cc1ccccc1)NC(=O)C(NC(=O)CNC(=O)C(CC(=O)O)NC(=O)C(CO)NC(=O)C(N)Cc1ncc[nH]1)C(C)O)C(C)O)C(=O)NC(C(=O)O)C(C)C,0,0.015878290970545786,0.5547945205479452,0.50-0.70
random,8,299,COc1ccc2c3c1O[C@H]1C(=O)CC[C@@]4(O)[C@@H](C2)N(C)CC[C@]314,0,0.043912079640906036,0.7678571428571429,>=0.70
random,8,159,COc1ccc2c(C(=O)c3ccc(Cl)cc3)c(C)n(CC(=O)O)c2c1,1,0.8222618826300176,0.5172413793103449,0.50-0.70
random,8,422,NC(=O)C1CSSCCC(=O)NC(CCCCN=C(N)N)C(=O)NCC(=O)NC(CC(=O)O)C(=O)NC(Cc2c[nH]c3ccccc23)C(=O)N2CCCC2C(=O)N1,0,0.22792864479347932,0.34057971014492755,0.30-0.50
random,8,115,CS(=O)(=O)CCNCc1ccc(-c2ccc3ncnc(Nc4ccc(OCc5cccc(F)c5)c(Cl)c4)c3c2)o1,1,0.9993165822881055,0.31683168316831684,0.30-0.50
random,8,235,COc1ccccc1OCC(O)CO,0,0.4743369502248909,0.3673469387755102,0.30-0.50
random,8,2,C/C=C/C[C@@H](C)[C@@H](O)C1C(=O)NC(CC)C(=O)N(C)CC(=O)N(C)C(CC(C)C)C(=O)NC(C(C)C)C(=O)N(C)C(CC(C)C)C(=O)NC(C)C(=O)NC(C)C(=O)N(C)C(CC(C)C)C(=O)N(C)C(CC(C)C)C(=O)N(C)C(C(C)C)C(=O)N1C,1,0.11202811098055,0.23308270676691728,<0.30
random,8,418,CC(O)CN1CCN(CC(=O)[O-])CCN(CC(=O)[O-])CCN(CC(=O)[O-])CC1.[Gd+3],0,0.02387394451673123,0.24242424242424243,<0.30
random,8,205,CC(COc1ccccc1)NC(C)C(O)c1ccc(O)cc1,0,0.29357515273819085,0.4878048780487805,0.30-0.50
random,8,6,C=C(c1ccc(C(=O)O)cc1)c1cc2c(cc1C)C(C)(C)CCC2(C)C,1,0.9517050377418118,0.23529411764705882,<0.30
random,8,61,Cn1cc[nH]c1=S,1,0.7108765709075044,0.22580645161290322,<0.30
random,8,320,Cc1cc2nc3c(=O)[nH]c(=O)nc-3n(C[C@@H](O)[C@@H](O)[C@@H](O)CO)c2cc1C,0,0.5088707207723894,0.2127659574468085,<0.30
random,8,13,CN1c2c(oc(=O)n(-c3ccccn3)c2=O)-c2ccccc2S1(=O)=O,1,0.549064565696858,0.21739130434782608,<0.30
random,8,289,Cc1ccc(/C(=C\CN2CCCC2)c2ccccn2)cc1,0,0.30781282254327497,0.25,<0.30
random,8,357,Nc1nc(F)nc2c1ncn2[C@@H]1O[C@H](COP(=O)(O)O)[C@@H](O)[C@@H]1O,0,0.528874424325972,0.48333333333333334,0.30-0.50
random,8,237,COc1ccc(OC)c(C(O)CNC(=O)CN)c1,0,0.10227762595544736,0.2833333333333333,<0.30
random,8,232,C[C@](N)(Cc1ccc(O)cc1)C(=O)O,0,0.6955533561481022,0.6666666666666666,0.50-0.70
random,8,380,CC[C@H](C)[C@H](NC(=O)[C@H](CC(=O)O)NC(=O)[C@H](CC(C)C)NC(=O)[C@H](CC(C)C)NC(=O)[C@H](CCCCN)NC(=O)[C@H](CCCNC(=N)N)NC(=O)[C@H](CC(N)=O)NC(=O)[C@H](CO)NC(=O)[C@H](Cc1cnc[nH]1)NC(=O)[C@H](C)NC(=O)[C@H](CCC(N)=O)NC(=O)[C@H](CCC(N)=O)NC(=O)[C@H](C)NC(=O)[C@H](CC(C)C)NC(=O)[C@H](CCC(N)=O)NC(=O)[C@H](CC(=O)O)NC(=O)[C@H](C)NC(=O)[C@H](CCCCN)NC(=O)[C@@H](NC(=O)[C@H](CCSC)NC(=O)[C@H](CCC(=O)O)NC(=O)[C@H](CC(C)C)NC(=O)[C@@H](NC(=O)[C@H](CCC(=O)O)NC(=O)[C@H](CCCNC(=N)N)NC(=O)[C@H](CC(C)C)NC(=O)[C@H](CC(C)C)NC(=O)[C@H](Cc1cnc[nH]1)NC(=O)[C@H](Cc1ccccc1)NC(=O)[C@@H](NC(=O)[C@H](CC(C)C)NC(=O)[C@H](CC(=O)O)NC(=O)[C@H](CC(C)C)NC(=O)[C@H](CO)NC(=O)[C@@H](NC(=O)[C@@H]1CCCN1C(=O)[C@@H]1CCCN1C(=O)[C@H](CCC(=O)O)NC(=O)[C@H](CCC(N)=O)NC(=O)[C@@H](N)CO)[C@@H](C)CC)[C@@H](C)O)C(C)C)[C@@H](C)O)C(=O)N[C@@H](C)C(N)=O,0,0.0017971182301238094,0.9568345323741008,>=0.70
random,8,90,C[C@@H](c1ncncc1F)[C@](O)(Cn1cncn1)c1ccc(F)cc1F,1,0.6063299429878712,0.5849056603773585,0.50-0.70
random,8,215,NC[C@@H]1O[C@H](O[C@H]2[C@@H](O)[C@H](O[C@@H]3[C@@H](O)[C@H](N)C[C@H](N)[C@H]3O[C@H]3O[C@H](CO)[C@@H](O)[C@H](O)[C@H]3N)O[C@@H]2CO)[C@H](N)[C@@H](O)[C@@H]1O,0,0.032883182721901674,0.9761904761904762,>=0.70
random,8,440,CN1CCc2cccc3c2[C@H]1Cc1ccc(O)c(O)c1-3,0,0.01438084253932039,0.27941176470588236,<0.30
random,8,171,CC(N)C(=O)OC(C)(C)Cc1ccc(Cl)cc1,1,0.22353034103705888,0.2916666666666667,<0.30
random,8,204,CN(C)C(=O)C(CCN1CCC(O)(c2ccc(Cl)cc2)CC1)(c1ccccc1)c1ccccc1,0,0.03638847704144689,0.37681159420289856,0.30-0.50
random,8,243,Cc1ncc2n1-c1ccc(Cl)cc1C(c1ccccc1F)=NC2,0,0.9653122074740177,0.23880597014925373,<0.30
random,8,161,O=C(c1cc(O)c(O)c(O)c1)c1ccc(O)c(O)c1O,1,0.8474706575817332,0.3142857142857143,0.30-0.50
random,8,110,Cc1ccc(C(=O)c2cc(O)c(O)c([N+](=O)[O-])c2)cc1,1,0.8760243189919086,0.22807017543859648,<0.30
random,8,231,CC1C(c2ccccc2)OCCN1C,0,0.0926425874046375,0.25,<0.30
random,8,286,CN(C)CCOC(c1ccc(Cl)cc1)c1ccccn1,0,0.10794162927209461,0.6222222222222222,0.50-0.70
random,8,383,CCNC(=NCCCC[C@H](NC(=O)[C@H](CC(C)C)NC(=O)[C@@H](CCCCN=C(NCC)NCC)NC(=O)[C@H](Cc1ccc(O)cc1)NC(=O)[C@H](CO)NC(=O)[C@@H](Cc1cccnc1)NC(=O)[C@@H](Cc1ccc(Cl)cc1)NC(=O)[C@@H](Cc1ccc2ccccc2c1)NC(C)=O)C(=O)N1CCC[C@H]1C(=O)N[C@H](C)C(N)=O)NCC,0,0.6062549701436442,0.40789473684210525,0.30-0.50
random,8,407,O=C(O)CN(CCN(CC(=O)O)CC(=O)O)CCN(CC(=O)O)CC(=O)O,0,0.174705215142739,0.39473684210526316,0.30-0.50
random,8,101,CCCCc1oc2ccccc2c1C(=O)c1cc(I)c(OCCN(CC)CC)c(I)c1,1,0.9677436251477173,0.5254237288135594,0.50-0.70
random,8,174,Cc1nc(C)c2c(n1)N(Cc1ccc(-c3ccccc3-c3nn[nH]n3)cc1)C(=O)CC2,1,0.6878127205661492,0.2087912087912088,<0.30
random,8,75,CC1(C)NC(=O)N(c2ccc([N+](=O)[O-])c(C(F)(F)F)c2)C1=O,1,0.9224123858952896,0.24561403508771928,<0.30
random,8,150,CC(=O)Oc1ccc(C2(c3ccc(OC(C)=O)cc3)C(=O)Nc3ccccc32)cc1,1,0.8262869831287176,0.5531914893617021,0.50-0.70
random,8,291,CCN(CC)C(C)C(=O)c1ccccc1,0,0.45532966004234887,0.3333333333333333,0.30-0.50
random,8,124,OCC1OC(n2cnc3c2NC=NC[C@H]3O)CC1O,1,0.3634861777832199,0.27692307692307694,<0.30
random,8,255,OCC(S)CS,0,0.09252470741513272,0.2631578947368421,<0.30
random,8,102,CC(C)C(=O)Nc1ccc([N+](=O)[O-])c(C(F)(F)F)c1,1,0.5771997521799387,0.25862068965517243,<0.30
random,8,7,CNC(=O)c1cc(Oc2ccc(NC(=O)Nc3ccc(Cl)c(C(F)(F)F)c3)cc2)ccn1,1,0.9738590027101837,0.2608695652173913,<0.30
random,8,277,CCN(C(C)=O)c1cccc(-c2ccnc3c(C#N)cnn23)c1,0,0.4791190081295993,0.22972972972972974,<0.30
random,8,327,Fc1ccccc1C1=NCC(=S)N(CC(F)(F)F)c2ccc(Cl)cc21,0,0.9635547450651603,0.2537313432835821,<0.30
random,8,437,O=C(CCCCC(=O)Nc1c(I)cc(I)c(C(=O)O)c1I)Nc1c(I)cc(I)c(C(=O)O)c1I,0,0.07074407880196736,0.38461538461538464,0.30-0.50
random,8,212,Nc1nc(=O)c2nc(CNc3ccc(C(=O)N[C@@H](CCC(=O)O)C(=O)O)cc3)cnc2[nH]1,0,0.3433623715591466,0.5125,0.50-0.70
random,8,3,CC(C(=O)O)c1cccc(Oc2ccccc2)c1,1,0.6484829494750075,0.4,0.30-0.50
random,8,57,C[C@](O)(CS(=O)(=O)c1ccc(F)cc1)C(=O)Nc1ccc(C#N)c(C(F)(F)F)c1,1,0.7018211630621266,0.2112676056338028,<0.30
random,8,413,CCC(C)C1NC(=O)C(Cc2ccc(O)cc2)NC(=O)C(N)CSSCC(C(=O)N2CCCC2C(=O)NC(CC(C)C)C(=O)NCC(N)=O)NC(=O)C(CC(N)=O)NC(=O)C(C(C)O)NC1=O,0,0.015359099431716388,0.8979591836734694,>=0.70
random,8,404,CSCC[C@H](NC(=O)[C@H](CO)NC(=O)[C@H](Cc1ccc(O)cc1)NC(=O)C(N)CO)C(=O)N[C@@H](CCC(=O)O)C(=O)N[C@@H](Cc1c[nH]cn1)C(=O)N[C@@H](Cc1ccccc1)C(=O)N[C@@H](CCCNC(=N)N)C(=O)N[C@@H](Cc1c[nH]c2ccccc12)C(=O)NCC(=O)N[C@@H](CCCCN)C(=O)N1CCC[C@H]1C(=O)N[C@H](C(=O)NCC(=O)N[C@H](CCCCN)C(=O)N[C@H](CCCCN)C(=O)N[C@H](CCCNC(=N)N)C(=O)N[C@H](CCCNC(=N)N)C(=O)N1CCC[C@H]1C(=O)N[C@H](C(=O)N[C@@H](CCCCN)C(=O)N[C@H](C(=O)N[C@@H](Cc1ccc(O)cc1)C(=O)N1CCC[C@H]1C(=O)O)C(C)C)C(C)C)C(C)C,0,0.0011259570149550827,0.6753246753246753,0.50-0.70
random,8,82,CC(C)CN(C[C@@H](O)[C@H](Cc1ccccc1)NC(=O)O[C@H]1CO[C@H]2OCC[C@H]21)S(=O)(=O)c1ccc(N)cc1,1,0.05845924347170254,0.25217391304347825,<0.30
random,8,265,CC(Cc1ccccc1)N(C)Cc1ccccc1,0,0.15503758152204278,0.625,0.50-0.70
random,8,309,COc1ccccc1OCC(O)CN1CCN(CC(=O)Nc2c(C)cccc2C)CC1,0,0.11719471200550063,0.3448275862068966,0.30-0.50
random,8,269,CO[Si](C)(C)O[Si](C)(C)C.O=[Si]=O,0,0.6195244720205793,0.11764705882352941,<0.30
random,8,275,CC(C)C(=O)Oc1ccc(CO)cc1[C@H](CCN(C(C)C)C(C)C)c1ccccc1.O=C(O)/C=C/C(=O)O,0,0.049033919287484184,0.4262295081967213,0.30-0.50
random,8,83,O=C1Nc2ccc(Cl)cc2[C@@](C#CC2CC2)(C(F)(F)F)O1,1,0.8937205300414,0.24615384615384617,<0.30
random,8,137,CN1Cc2c(N)cccc2C(c2ccccc2)C1,1,0.39876049947417863,0.24,<0.30
random,9,78,CC(C)C[C@@H](NC(=O)[C@@H](Cc1ccccc1)NC(=O)c1cnccn1)B(O)O,1,0.1943978057278905,0.26785714285714285,<0.30
random,9,196,O=C1OC([C@@H](O)CO)C(O)=C1O,0,0.05232769169277668,0.2,<0.30
random,9,301,O=P(O)(O)C(Sc1ccc(Cl)cc1)P(=O)(O)O,0,0.7598608681003898,0.2391304347826087,<0.30
random,9,83,O=C1Nc2ccc(Cl)cc2[C@@](C#CC2CC2)(C(F)(F)F)O1,1,0.8745161842910921,0.23636363636363636,<0.30
random,9,349,CN(C)CC[C@@H](c1ccc(Cl)cc1)c1ccccn1,0,0.06770062644303339,1.0,>=0.70
random,9,325,CN[C@@H](C)[C@H](O)c1ccccc1,0,0.4311632698030653,0.4146341463414634,0.30-0.50
random,9,243,Cc1ncc2n1-c1ccc(Cl)cc1C(c1ccccc1F)=NC2,0,0.44744949181678806,0.5166666666666667,0.50-0.70
random,9,425,CCCCS(=O)(=O)N[C@@H](Cc1ccc(OCCCCC2CCNCC2)cc1)C(=O)O,0,0.48702020501750654,0.2465753424657534,<0.30
random,9,224,CN(C)CCC(c1ccc(Br)cc1)c1ccccn1,0,0.07486387363716543,1.0,>=0.70
random,9,288,C[N+]1(C)CCCC(OC(=O)C(O)(c2ccccc2)c2ccccc2)C1,0,0.023248511470964486,0.6382978723404256,0.50-0.70
random,9,450,CC1/C=C/C=C/CC/C=C/C=C/C=C/C=C/C(OC2O[C@H](C)[C@@H](O)[C@H](N)[C@@H]2O)CC(O)C(C(=O)O)C(O)CC(=O)CC(O)C(O)CCC(O)CC(O)CC(O)CC(=O)OC(C)C(C)C1O,0,0.8690518218039458,0.19327731092436976,<0.30
random,9,11,O=C(O)CCCCCC[NH2+]C1c2ccccc2CCc2ccccc21.[Cl-],1,0.049909296777775475,0.2926829268292683,<0.30
random,9,206,CN[C@@H](C)[C@@H](O)c1ccccc1,0,0.4311632698030653,0.4146341463414634,0.30-0.50
random,9,123,Cc1cccc(Nc2ccccc2C(=O)O)c1C,1,0.9694383145641691,0.30434782608695654,0.30-0.50
random,9,152,CC(C)Nc1ncccn1,1,0.4021917782027594,0.2571428571428571,<0.30
random,9,247,C[N+](C)(C)C[C@H](O)CC(=O)[O-],0,0.02129832858430464,0.4583333333333333,0.30-0.50
random,9,116,CCCc1cc(=O)[nH]c(=S)[nH]1,1,0.7238650734129358,0.18181818181818182,<0.30
random,9,400,CNC[C@H](O)c1ccc(O)c(O)c1,0,0.07763711858100546,0.6875,0.50-0.70
random,9,7,CNC(=O)c1cc(Oc2ccc(NC(=O)Nc3ccc(Cl)c(C(F)(F)F)c3)cc2)ccn1,1,0.9580723273379447,0.29411764705882354,<0.30
random,9,140,O=C(O)c1cc(-c2ccccc2)nc2ccccc12,1,0.9423387032879572,0.28205128205128205,<0.30
random,9,449,COc1cccc2c1C(=O)c1c(O)c3c(c(O)c1C2=O)C[C@@](O)(C(C)=O)C[C@@H]3O[C@H]1C[C@H](N)[C@H](O)[C@H](C)O1,0,0.8162495023272487,0.20353982300884957,<0.30
random,9,203,COc1ccc2c(c1)[C@]13CCCC[C@@H]1[C@H](C2)N(C)CC3,0,0.04101860621549559,0.7083333333333334,>=0.70
random,9,368,CC(C)(CO)C(O)C(=O)NCCCO,0,0.06435437652388919,0.22857142857142856,<0.30
random,9,135,CC(C(=O)O)c1ccc(N2CC=CC2)c(Cl)c1,1,0.2552267178655121,0.4,0.30-0.50
random,9,188,CN1CCC[C@@H]1CCO[C@](C)(c1ccccc1)c1ccc(Cl)cc1,0,0.020896493400876875,0.3157894736842105,0.30-0.50
random,9,312,CCC(=O)NCC[C@@H]1CCc2ccc3c(c21)CCO3,0,0.5259080147918832,0.24675324675324675,<0.30
random,9,168,O=C(O)Cc1csc(-c2ccc(Cl)cc2)n1,1,0.9912542475681103,0.288135593220339,<0.30
random,9,423,CC[C@H](C)[C@H](NC(=O)[C@H](CCC(=O)O)NC(=O)[C@H](CCC(=O)O)NC(=O)[C@H](Cc1ccccc1)NC(=O)[C@H](CC(=O)O)NC(=O)CNC(=O)[C@H](CC(N)=O)NC(=O)CNC(=O)CNC(=O)CNC(=O)CNC(=O)[C@@H]1CCCN1C(=O)[C@H](CCCNC(=N)N)NC(=O)[C@@H]1CCCN1C(=O)[C@H](N)Cc1ccccc1)C(=O)N1CCC[C@H]1C(=O)N[C@@H](CCC(=O)O)C(=O)N[C@@H](CCC(=O)O)C(=O)N[C@@H](Cc1ccc(O)cc1)C(=O)N[C@@H](CC(C)C)C(=O)O,0,0.0006219951482757852,0.5454545454545454,0.50-0.70
random,9,153,NC(=O)C1CCN(CCCN2c3ccccc3Sc3ccc(Cl)cc32)CC1,1,0.9804611199754654,0.3548387096774194,0.30-0.50
random,9,240,CC(=CCC1=C(C)C(=O)c2ccccc2C1=O)CCCC(C)CCCC(C)CCCC(C)C,0,0.3916795474107586,0.23529411764705882,<0.30
random,9,242,O=C(CCCCCCC(=O)Nc1ccccc1)NO,0,0.6221170934810292,0.38095238095238093,0.30-0.50
random,9,371,CC[C@H](C)[C@H](NC(=O)[C@@H](NC(=O)[C@H](CCC(=O)O)NC(=O)[C@H](CC(C)C)NC(=O)[C@H](CCSC)NC(=O)[C@H](CCCCN)NC(=O)[C@H](CCCNC(=N)N)NC(=O)[C@H](CC(N)=O)NC(=O)[C@H](CO)NC(=O)[C@H](Cc1cnc[nH]1)NC(=O)[C@H](C)NC(=O)[C@H](CCC(N)=O)NC(=O)[C@H](CCC(N)=O)NC(=O)[C@H](C)NC(=O)[C@H](CC(C)C)NC(=O)[C@H](CCC(N)=O)NC(=O)[C@H](CCC(=O)O)NC(=O)[C@H](C)NC(=O)[C@H](CCCNC(=N)N)NC(=O)[C@H](C)NC(=O)[C@H](CCSC)NC(=O)[C@H](CCC(=O)O)NC(=O)[C@H](CC(C)C)NC(=O)[C@@H](NC(=O)[C@H](CCC(=O)O)NC(=O)[C@H](CCCNC(=N)N)NC(=O)[C@H](CC(C)C)NC(=O)[C@H](CC(C)C)NC(=O)[C@H](Cc1cnc[nH]1)NC(=O)[C@H](Cc1ccccc1)NC(=O)[C@@H](NC(=O)[C@H](CC(C)C)NC(=O)[C@H](CC(=O)O)NC(=O)[C@H](CC(C)C)NC(=O)[C@H](CO)NC(=O)[C@@H](NC(=O)[C@@H]1CCCN1C(=O)[C@@H]1CCCN1C(=O)[C@H](CCC(=O)O)NC(=O)[C@H](CCC(=O)O)NC(=O)[C@@H](N)CO)[C@@H](C)CC)[C@@H](C)O)C(C)C)[C@@H](C)CC)C(=O)O,0,0.0006674460117834348,0.9568345323741008,>=0.70
random,9,404,CSCC[C@H](NC(=O)[C@H](CO)NC(=O)[C@H](Cc1ccc(O)cc1)NC(=O)C(N)CO)C(=O)N[C@@H](CCC(=O)O)C(=O)N[C@@H](Cc1c[nH]cn1)C(=O)N[C@@H](Cc1ccccc1)C(=O)N[C@@H](CCCNC(=N)N)C(=O)N[C@@H](Cc1c[nH]c2ccccc12)C(=O)NCC(=O)N[C@@H](CCCCN)C(=O)N1CCC[C@H]1C(=O)N[C@H](C(=O)NCC(=O)N[C@H](CCCCN)C(=O)N[C@H](CCCCN)C(=O)N[C@H](CCCNC(=N)N)C(=O)N[C@H](CCCNC(=N)N)C(=O)N1CCC[C@H]1C(=O)N[C@H](C(=O)N[C@@H](CCCCN)C(=O)N[C@H](C(=O)N[C@@H](Cc1ccc(O)cc1)C(=O)N1CCC[C@H]1C(=O)O)C(C)C)C(C)C)C(C)C,0,7.303501952530225e-05,0.5491329479768786,0.50-0.70
random,9,321,C#C[C@]1(O)CC[C@H]2[C@@H]3CCC4=CC(=O)CC[C@@H]4[C@H]3CC[C@@]21CC,0,0.326213730368317,0.5396825396825397,0.50-0.70
random,9,38,OC(Cn1cncn1)(Cn1cncn1)c1ccc(F)cc1F,1,0.807123970397021,0.5849056603773585,0.50-0.70
random,9,345,NC(N)=NCCC[C@H](N)C(=O)O,0,0.3858688408341894,0.40625,0.30-0.50
random,9,49,CN1CCN(C2=c3ccccc3=Nc3ccc(Cl)cc3N2)CC1,1,0.7477241083894038,0.2698412698412698,<0.30
random,9,366,O=C(CCCN1CC=C(n2c(=O)[nH]c3ccccc32)CC1)c1ccc(F)cc1,0,0.2745530813637804,0.20238095238095238,<0.30
random,9,392,CNC(=O)c1cnn(-c2nc(N)c3ncn([C@@H]4O[C@H](CO)[C@@H](O)[C@H]4O)c3n2)c1,0,0.46678856935891866,0.5076923076923077,0.50-0.70
random,9,362,Oc1ccc2c(c1)[C@@]13CCCC[C@@]1(O)[C@@H](C2)N(CC1CCC1)CC3,0,0.007786176467454835,0.4626865671641791,0.30-0.50
random,9,143,NC(=O)NS(=O)(=O)c1ccc(N)cc1,1,0.9102588652334296,0.32432432432432434,0.30-0.50
random,9,8,COc1ccc(Cc2nccc3cc(OC)c(OC)cc23)cc1OC,1,0.7084293323843672,0.24489795918367346,<0.30
random,9,157,CCc1oc2ccccc2c1C(=O)c1ccc(O)cc1,1,0.887398975764389,0.6904761904761905,0.50-0.70
random,9,91,CC12CCC3c4ccc(OC(=O)N(CCCl)CCCl)cc4CCC3C1CCC2O,1,0.8246452315959459,0.36231884057971014,0.30-0.50
random,9,82,CC(C)CN(C[C@@H](O)[C@H](Cc1ccccc1)NC(=O)O[C@H]1CO[C@H]2OCC[C@H]21)S(=O)(=O)c1ccc(N)cc1,1,0.15557340632092892,0.25217391304347825,<0.30
random,9,435,CCOC(=O)c1cncn1C(C)c1ccccc1,0,0.524056301781794,0.3333333333333333,0.30-0.50
random,9,121,CCC[C@@]1(CCc2ccccc2)CC(=O)C([C@H](CC)c2cccc(NS(=O)(=O)c3ccc(C(F)(F)F)cn3)c2)=C(O)O1,1,0.5110701247840389,0.2087912087912088,<0.30
random,9,26,CO[C@H]1/C=C/O[C@@]2(C)Oc3c(C)c(O)c4c(c3C2=O)C(=O)/C(=C/NN2CCN(C)CC2)C(=C4O)NC(=O)/C(C)=C\C=C\[C@H](C)[C@H](O)[C@@H](C)[C@@H](O)[C@@H](C)[C@H](OC(C)=O)[C@@H]1C,1,0.8197493870600193,0.1721311475409836,<0.30
random,9,310,C[C@@H](NCCCc1cccc(C(F)(F)F)c1)c1cccc2ccccc12,0,0.22879871315644282,0.24,<0.30
random,9,37,CC/C(=C(\c1ccccc1)c1ccc(OCCN(C)C)cc1)c1ccccc1,1,0.33534341541385243,0.36363636363636365,0.30-0.50
random,9,313,CCCCC(F)(F)[C@@]1(O)CC[C@@H]2[C@H](CCCCCCC(=O)O)C(=O)C[C@H]2O1,0,0.17488549419367364,0.25,<0.30
random,9,304,CC(C)(C)NCC(O)c1ccc(O)c(CO)c1,0,0.04323743898749597,0.4523809523809524,0.30-0.50
random,9,70,Cc1ccc(C)c(OCCCC(C)(C)C(=O)O)c1,1,0.38751538730758023,0.2631578947368421,<0.30
random,9,440,CN1CCc2cccc3c2[C@H]1Cc1ccc(O)c(O)c1-3,0,0.042568024411648385,0.27941176470588236,<0.30
random,9,446,NCCc1ccc(O)cc1,0,0.047906734528244996,0.56,0.50-0.70
random,9,84,CNCC[C@H](Oc1cccc2ccccc12)c1cccs1,1,0.8357006208998542,0.44,0.30-0.50
random,9,142,Nc1ccc(S(=O)(=O)Nc2nccs2)cc1,1,0.9520117801872993,0.24615384615384617,<0.30
random,9,432,CC1(C)SC(C(NC(=O)Cc2ccccc2)C(=O)NCCCCCC(=O)O)NC1C(=O)O,0,0.22663486869483576,0.2625,<0.30
random,9,308,CC(=O)Oc1ccccc1C(=O)Nc1ncc([N+](=O)[O-])s1,0,0.9737013700529182,0.26229508196721313,<0.30
random,9,51,Clc1ccccc1CN1CCc2sccc2C1,1,0.320535078805629,0.23214285714285715,<0.30
random,9,1,Nc1nc2ccc(OC(F)(F)F)cc2s1,1,0.9064505005409015,0.16071428571428573,<0.30
random,9,405,CC(=O)O[C@H]1C[C@@H]2CC[C@@H]3[C@H](CC[C@@]4(C)[C@H]3C[C@H]([N+]3(C)CCCCC3)[C@@H]4OC(C)=O)[C@@]2(C)C[C@@H]1[N+]1(C)CCCCC1.[Br-].[Br-],0,0.018317013809609744,0.7936507936507936,>=0.70
random,9,418,CC(O)CN1CCN(CC(=O)[O-])CCN(CC(=O)[O-])CCN(CC(=O)[O-])CC1.[Gd+3],0,0.024460671855465257,0.24242424242424243,<0.30
random,9,30,CC(=O)Nc1ccc(O)cc1,1,0.2657458678532553,0.3142857142857143,0.30-0.50
random,9,422,NC(=O)C1CSSCCC(=O)NC(CCCCN=C(N)N)C(=O)NCC(=O)NC(CC(=O)O)C(=O)NC(Cc2c[nH]c3ccccc23)C(=O)N2CCCC2C(=O)N1,0,0.20018844616976275,0.34057971014492755,0.30-0.50
random,9,202,O=c1[nH]c2ccccc2n1C1CCN(CCCC(c2ccc(F)cc2)c2ccc(F)cc2)CC1,0,0.1689288022059814,0.3472222222222222,0.30-0.50
random,9,156,O=C(O)COc1nn(Cc2ccccc2)c2ccccc12,1,0.7014498391592278,0.27586206896551724,<0.30
random,9,233,CN1CC[C@]23c4c5ccc(O)c4O[C@H]2[C@@H](O)C=C[C@H]3[C@H]1C5,0,0.03729259505719761,0.7592592592592593,>=0.70
random,9,309,COc1ccccc1OCC(O)CN1CCN(CC(=O)Nc2c(C)cccc2C)CC1,0,0.09724842812869877,0.4339622641509434,0.30-0.50
random,9,303,C=CCN.ClCC1CO1,0,0.19594130103529955,0.1875,<0.30
random,9,144,CC(=O)Oc1ccc(C2(c3ccc(OC(C)=O)cc3)C(=O)N(C(C)=O)c3ccccc32)cc1,1,0.8940622240259922,0.5531914893617021,0.50-0.70
random,9,386,CC[C@H](C)[C@H](NC(=O)[C@H](Cc1ccccc1)NC(=O)[C@H](CC(C)C)NC(=O)[C@H](CCCNC(=N)N)NC(=O)[C@@H](NC(=O)[C@H](C)NC(=O)[C@H](CCC(=O)O)NC(=O)[C@H](CCC(=O)O)NC(=O)[C@H](CCC(=O)O)NC(=O)[C@H](CCSC)NC(=O)[C@H](CCC(N)=O)NC(=O)[C@H](CCCCN)NC(=O)[C@H](CO)NC(=O)[C@H](CC(C)C)NC(=O)[C@H](CC(=O)O)NC(=O)[C@H](CO)NC(=O)[C@@H](NC(=O)[C@H](Cc1ccccc1)NC(=O)[C@@H](NC(=O)CNC(=O)[C@H](CCC(=O)O)NC(=O)CNC(=O)[C@@H](N)Cc1cnc[nH]1)[C@@H](C)O)[C@@H](C)O)C(C)C)C(=O)N[C@@H](CCC(=O)O)C(=O)N[C@@H](Cc1c[nH]c2ccccc12)C(=O)N[C@@H](CC(C)C)C(=O)N[C@@H](CCCCN)C(=O)N[C@@H](CC(N)=O)C(=O)NCC(=O)NCC(=O)N1CCC[C@H]1C(=O)N[C@@H](CO)C(=O)N[C@@H](CO)C(=O)NCC(=O)N[C@@H](C)C(=O)N1CCC[C@H]1C(=O)N1CCC[C@H]1C(=O)N1CCC[C@H]1C(=O)N[C@@H](CO)C(N)=O,0,0.00015345251769935202,0.7514792899408284,>=0.70
random,9,181,Cc1ccc(-n2[nH]c(C)c(N/N=C3\C=CC=C(c4cccc(C(=O)O)c4)C3=O)c2=O)cc1C.NCCO.NCCO,1,0.6978070192995294,0.2,<0.30
random,9,372,CC1(C)C(=CC=CC=CC=CC2=[N+](CCCCS(=O)(=O)[O-])c3ccc4ccccc4c3C2(C)C)N(CCCCS(=O)(=O)[O-])c2ccc3ccccc3c21.[Na+],0,0.6337182966693277,0.16091954022988506,<0.30
random,9,114,C[C@]12COC(=O)C[C@@H]1CC[C@@H]1[C@@H]2CC[C@@]2(C)[C@H]1CC[C@]2(C)O,1,0.7306472339626056,0.5882352941176471,0.50-0.70
random,9,375,[13CH3]C(O)C(=O)[O-].[Na+],0,0.2680177503876508,0.4,0.30-0.50
random,9,79,CCC(CO)NCCNC(CC)CO,1,0.07432697075965684,0.21739130434782608,<0.30
random,9,398,NCCc1cnc[nH]1.O=P(O)(O)O.O=P(O)(O)O,0,0.14797560210570632,0.2537313432835821,<0.30
random,9,414,CC[C@H](C)[C@H](NC(=O)[C@H](CCC(=O)O)NC(=O)[C@H](CO)NC(=O)[C@@H](NC(=O)[C@@H](N)CO)C(C)C)C(=O)N[C@@H](CCC(N)=O)C(=O)N[C@@H](CC(C)C)C(=O)N[C@@H](CCSC)C(=O)N[C@@H](Cc1c[nH]cn1)C(=O)N[C@@H](CC(N)=O)C(=O)N[C@@H](CC(C)C)C(=O)NCC(=O)N[C@@H](CCCCN)C(=O)N[C@@H](Cc1c[nH]cn1)C(=O)N[C@@H](CC(C)C)C(=O)N[C@@H](CC(N)=O)C(=O)N[C@@H](CO)C(=O)N[C@@H](CCSC)C(=O)N[C@@H](CCC(=O)O)C(=O)N[C@@H](CCCNC(=N)N)C(=O)N[C@H](C(=O)N[C@@H](CCC(=O)O)C(=O)N[C@@H](Cc1c[nH]c2ccccc12)C(=O)N[C@@H](CC(C)C)C(=O)N[C@@H](CCCNC(=N)N)C(=O)N[C@@H](CCCCN)C(=O)N[C@@H](CCCCN)C(=O)N[C@@H](CC(C)C)C(=O)N[C@@H](CCC(N)=O)C(=O)N[C@@H](CC(=O)O)C(=O)N[C@H](C(=O)N[C@@H](Cc1c[nH]cn1)C(=O)N[C@@H](CC(N)=O)C(=O)N[C@@H](Cc1ccccc1)C(=O)O)C(C)C)C(C)C,0,0.0013984292788559783,0.5783132530120482,0.50-0.70
random,9,48,Cc1c2oc3c(C)ccc(C(=O)NC4C(=O)NC(C(C)C)C(=O)N5CCCC5C(=O)N(C)CC(=O)N(C)C(C(C)C)C(=O)OC4C)c3nc-2c(C(=O)NC2C(=O)NC(C(C)C)C(=O)N3CCCC3C(=O)N(C)CC(=O)N(C)C(C(C)C)C(=O)OC2C)c(N)c1=O,1,0.912876186393559,0.23308270676691728,<0.30
random,9,389,C[N+]1(CC2CC2)CC[C@]23c4c5ccc(O)c4O[C@H]2C(=O)CC[C@@]3(O)[C@H]1C5.[Br-],0,0.08511909570907751,0.5757575757575758,0.50-0.70
random,9,145,CCOC(Nc1ccc(C(=O)O)cc1)C(=O)c1ccc(-c2ccccc2)cc1,1,0.5799502463923965,0.3333333333333333,0.30-0.50
random,9,323,O=[N+]([O-])OCC(CO[N+](=O)[O-])O[N+](=O)[O-],0,0.3227199842282059,0.21212121212121213,<0.30
random,9,151,CN(C)CCCC1c2ccccc2Nc2ccc(Cl)cc21,1,0.2193374008392088,0.38181818181818183,0.30-0.50
random,9,442,C/C(=N\O)[C@@H](C)NCC(C)(C)CN[C@H](C)/C(C)=N/O,0,0.09970792378394248,0.2,<0.30
random,9,35,CN(C)c1ccc(O)c2c1C[C@H]1C[C@H]3[C@H](N(C)C)C(=O)/C(=C(\N)O)C(=O)[C@@]3(O)C(=O)C1=C2O,1,0.6136243846385361,0.19540229885057472,<0.30
random,9,411,COc1ccc(CC2c3cc(OC)c(OC)cc3CC[N+]2(C)CCC(=O)OCCCCCOC(=O)CC[N+]2(C)CCc3cc(OC)c(OC)cc3C2Cc2ccc(OC)c(OC)c2)cc1OC,0,0.07508797196829237,0.8095238095238095,>=0.70
random,9,246,NCC1CCC(C(=O)O)CC1,0,0.19029112402381282,0.26666666666666666,<0.30
random,9,249,Cc1ccc(N(CC2=NCCN2)c2cccc(O)c2)cc1,0,0.030708845546508608,0.2631578947368421,<0.30
random,9,434,COC(=O)CCc1ccc(OCC(O)CNC(C)C)cc1,0,0.37317240425599996,0.39285714285714285,0.30-0.50
random,9,130,CCc1oc2ccccc2c1C(=O)c1cc(Br)c(O)c(Br)c1,1,0.989614068509088,0.7441860465116279,>=0.70
random,10,451,[C-]#N.[C-]#N.[C-]#N.[C-]#N.[C-]#N.[Fe+4].[N-]=O,0,0.5464261865908504,0.07692307692307693,<0.30
random,10,13,CN1c2c(oc(=O)n(-c3ccccn3)c2=O)-c2ccccc2S1(=O)=O,1,0.564341736151415,0.21739130434782608,<0.30
random,10,106,O=C1CN(N=Cc2ccc(-c3ccc([N+](=O)[O-])cc3)o2)C(=O)N1,1,0.6759318340922135,0.22950819672131148,<0.30
random,10,36,O=C1CN(/N=C\c2ccc([N+](=O)[O-])o2)C(=O)N1,1,0.689688692716779,0.21875,<0.30
random,10,138,CC(C(=O)O)c1ccc2oc(-c3ccc(Cl)cc3)nc2c1,1,0.8619927962119206,0.3269230769230769,0.30-0.50
random,10,59,CN(C)CCCN1c2ccccc2CCc2ccc(Cl)cc21,1,0.8626997396290792,0.38181818181818183,0.30-0.50
random,10,384,CC[C@H](C)[C@H](NC(=O)[C@@H]1CCCN1C(=O)CNC(=O)[C@H](Cc1ccccc1)NC(=O)[C@H](CC(N)=O)NC(=O)[C@H](CC(N)=O)NC(=O)[C@H](CO)NC(=O)[C@H](CO)NC(=O)[C@H](Cc1cnc[nH]1)NC(=O)[C@@H](NC(=O)[C@H](CC(C)C)NC(=O)[C@H](Cc1ccccc1)NC(=O)[C@H](CC(N)=O)NC(=O)[C@H](C)NC(=O)[C@H](CC(C)C)NC(=O)[C@H](CCCNC(=N)N)NC(=O)[C@H](CCC(N)=O)NC(=O)[C@@H](NC(=O)[C@H](C)NC(=O)[C@H](CS)NC(=O)[C@@H](NC(=O)[C@H](C)NC(=O)[C@@H](NC(=O)[C@H](CC(N)=O)NC(=O)[C@H](CS)NC(=O)[C@@H](N)CCCCN)[C@@H](C)O)[C@@H](C)O)[C@@H](C)O)C(C)C)C(=O)N[C@@H](CC(C)C)C(=O)N1CCC[C@H]1C(=O)N1CCC[C@H]1C(=O)N[C@H](C(=O)N[C@@H](CC(N)=O)C(=O)N[C@H](C(=O)NCC(=O)N[C@@H](CO)C(=O)N[C@@H](CC(N)=O)C(=O)N[C@H](C(=O)N[C@@H](Cc1ccc(O)cc1)C(N)=O)[C@@H](C)O)C(C)C)[C@@H](C)O,0,0.0002087610953231561,0.7423312883435583,>=0.70
random,10,86,Cc1ccccc1C(=O)Nc1ccc(C(=O)N2CCCC(O)c3cc(Cl)ccc32)c(C)c1,1,0.6718068838417149,0.313953488372093,0.30-0.50
random,10,273,O.O=C([O-])[O-].O=C([O-])[O-].O=C([O-])[O-].[La+3].[La+3],0,0.5336392242542953,0.45454545454545453,0.30-0.50
random,10,291,CCN(CC)C(C)C(=O)c1ccccc1,0,0.548667712813919,0.3333333333333333,0.30-0.50
random,10,340,Nc1ncnc2c1ncn2[C@@H]1O[C@H](CO)[C@@H](O)[C@H]1O,0,0.43500263233465875,0.5076923076923077,0.50-0.70
random,10,249,Cc1ccc(N(CC2=NCCN2)c2cccc(O)c2)cc1,0,0.07496342061036154,0.2631578947368421,<0.30
random,10,63,CC1=C(/C=C/C(C)=C/C=C/C(C)=C\C(=O)O)C(C)(C)CCC1,1,0.4905255275918692,0.19672131147540983,<0.30
random,10,272,O=C([O-])CCCO.[Na+],0,0.10230825715586253,0.3333333333333333,0.30-0.50
random,10,30,CC(=O)Nc1ccc(O)cc1,1,0.16184497207963786,0.3142857142857143,0.30-0.50
random,10,323,O=[N+]([O-])OCC(CO[N+](=O)[O-])O[N+](=O)[O-],0,0.4216359615938381,0.1702127659574468,<0.30
random,10,324,CC[N+](CC)(CCNC(=O)C(=O)NCC[N+](CC)(CC)Cc1ccccc1Cl)Cc1ccccc1Cl,0,0.7694104702520431,0.32653061224489793,0.30-0.50
random,10,0,Cc1nnc(C(=O)NC(C)(C)C2=N/C(=C(\O)NCc3ccc(F)cc3)C(=O)C(=O)N2C)o1,1,0.7098693075208636,0.1958762886597938,<0.30
random,10,337,NCCc1ccc(O)c(O)c1,0,0.21159373490573932,0.56,0.50-0.70
random,10,246,NCC1CCC(C(=O)O)CC1,0,0.24759587501170494,0.26666666666666666,<0.30
random,10,224,CN(C)CCC(c1ccc(Br)cc1)c1ccccn1,0,0.13751211960005677,0.75,>=0.70
random,10,166,CN(C)Cc1ccc(CSCCN/C(=C\[N+](=O)[O-])NCc2ccc3c(c2)OCO3)o1,1,0.8549882461590563,0.25,<0.30
random,10,128,Nc1c(CC(=O)O)cccc1C(=O)c1ccc(Br)cc1,1,0.9847732319712457,0.32653061224489793,0.30-0.50
random,10,257,N=c1nc(N2CCCCC2)cc(N)n1O,0,0.46735956590688366,0.23809523809523808,<0.30
random,10,261,CN(C)CCc1c[nH]c2ccc(Cn3cncn3)cc12,0,0.41033520210116653,0.5084745762711864,0.50-0.70
random,10,276,NCC1OC(OC2C(CO)OC(OC3C(O)C(N)CC(N)C3OC3OC(CN)C(O)C(O)C3N)C2O)C(N)C(O)C1O,0,0.023569035454804363,0.4411764705882353,0.30-0.50
random,10,92,C[C@]12CC[C@H]3[C@@H](CCC4=CC(=O)CC[C@@H]43)[C@@H]1CC[C@@H]2O,1,0.263082724915324,0.56,0.50-0.70
random,10,211,NC[C@H]1O[C@H](O[C@H]2[C@H](O)[C@@H](O[C@H]3O[C@H](CO)[C@@H](O)[C@H](N)[C@H]3O)[C@H](N)C[C@@H]2N)[C@H](O)[C@@H](O)[C@@H]1O,0,0.021908138546311223,0.6551724137931034,0.50-0.70
random,10,284,CN1CC[C@]23CCCC[C@H]2[C@H]1Cc1ccc(O)cc13,0,0.006328953112720556,0.7083333333333334,>=0.70
random,10,325,CN[C@@H](C)[C@H](O)c1ccccc1,0,0.13987288834288422,1.0,>=0.70
random,10,335,CC(C)(C)NC[C@H](O)COc1ccccc1C1CCCC1,0,0.06162357565878799,0.3673469387755102,0.30-0.50
random,10,172,C=CCOc1ccc(CC(=O)O)cc1Cl,1,0.8076078618500167,0.32558139534883723,0.30-0.50
random,10,278,Cn1c(=O)c2[nH]cnc2n(C)c1=O.Cn1c(=O)c2[nH]cnc2n(C)c1=O.NCCN,0,0.09132567875633373,0.8387096774193549,>=0.70
random,10,381,O=S([O-])([O-])=S.[Na+].[Na+],0,0.4468958417558766,0.21428571428571427,<0.30
random,10,197,Nc1nc(=O)c2c([nH]1)NCC(CNc1ccc(C(=O)N[C@H](CCC(=O)O)C(=O)O)cc1)N2C=O,0,0.05080426295862222,0.625,0.50-0.70
random,10,215,NC[C@@H]1O[C@H](O[C@H]2[C@@H](O)[C@H](O[C@@H]3[C@@H](O)[C@H](N)C[C@H](N)[C@H]3O[C@H]3O[C@H](CO)[C@@H](O)[C@H](O)[C@H]3N)O[C@@H]2CO)[C@H](N)[C@@H](O)[C@@H]1O,0,0.024072641284552748,0.45588235294117646,0.30-0.50
random,10,175,CC(=O)N[C@@H]1[C@@H](O[C@@H]2O[C@@H](C(=O)[O-])[C@@H](O)[C@H](O)[C@H]2O)[C@@H](OS(=O)(=O)[O-])[C@@H](CO)O[C@H]1O,1,0.052639849452060385,0.2923076923076923,<0.30
random,10,41,COc1ccc2c(c1)c(CC(=O)O)c(C)n2C(=O)c1ccc(Cl)cc1,1,0.8518474730209981,0.26229508196721313,<0.30
random,10,202,O=c1[nH]c2ccccc2n1C1CCN(CCCC(c2ccc(F)cc2)c2ccc(F)cc2)CC1,0,0.10967635508978375,0.3972602739726027,0.30-0.50
random,10,32,O=c1ncnc2[nH][nH]cc1-2,1,0.8253911761954345,0.16666666666666666,<0.30
random,10,2,C/C=C/C[C@@H](C)[C@@H](O)C1C(=O)NC(CC)C(=O)N(C)CC(=O)N(C)C(CC(C)C)C(=O)NC(C(C)C)C(=O)N(C)C(CC(C)C)C(=O)NC(C)C(=O)NC(C)C(=O)N(C)C(CC(C)C)C(=O)N(C)C(CC(C)C)C(=O)N(C)C(C(C)C)C(=O)N1C,1,0.12822421072031784,0.23308270676691728,<0.30
random,10,124,OCC1OC(n2cnc3c2NC=NC[C@H]3O)CC1O,1,0.13697820621249654,0.26865671641791045,<0.30
random,10,310,C[C@@H](NCCCc1cccc(C(F)(F)F)c1)c1cccc2ccccc12,0,0.4482090411832916,0.24,<0.30
random,10,334,CCCC(C)(COC(N)=O)COC(N)=O,0,0.19517976462863076,0.696969696969697,0.50-0.70
random,10,390,C=CCN1CC[C@]23c4c5ccc(O)c4O[C@H]2C(=O)CC[C@@]3(O)[C@H]1C5,0,0.023173972313188036,0.7288135593220338,>=0.70
random,10,19,COc1cc(C(=O)NS(=O)(=O)c2ccccc2C)ccc1Cc1cn(C)c2ccc(NC(=O)OC3CCCC3)cc12,1,0.5221630141304613,0.20353982300884957,<0.30
random,10,405,CC(=O)O[C@H]1C[C@@H]2CC[C@@H]3[C@H](CC[C@@]4(C)[C@H]3C[C@H]([N+]3(C)CCCCC3)[C@@H]4OC(C)=O)[C@@]2(C)C[C@@H]1[N+]1(C)CCCCC1.[Br-].[Br-],0,0.05503604996465522,0.7936507936507936,>=0.70
random,10,171,CC(N)C(=O)OC(C)(C)Cc1ccc(Cl)cc1,1,0.23738818260022918,0.3409090909090909,0.30-0.50
random,10,438,CSCC[C@H](N)C(=O)O,0,0.19489979888941264,0.40625,0.30-0.50
random,10,20,CC(c1cc2ccccc2s1)N(O)C(N)=O,1,0.9134455854001523,0.26666666666666666,<0.30
random,10,183,Cc1nnc(C(C)C)n1C1C[C@H]2CC[C@@H](C1)N2CC[C@H](NC(=O)C1CCC(F)(F)CC1)c1ccccc1,1,0.26741553542458707,0.2857142857142857,<0.30
random,10,178,CCCCN1C(=O)[C@@H]([C@H](O)C2CCCCC2)NC(=O)C12CCN(Cc1ccc(Oc3ccc(C(=O)O)cc3)cc1)CC2,1,0.9227697355700261,0.2403846153846154,<0.30
random,10,426,COCCNC(=O)CN(CCN(CCN(CC(=O)[O-])CC(=O)NCCOC)CC(=O)[O-])CC(=O)[O-].[Gd+3],0,0.003496270002599571,0.37254901960784315,0.30-0.50
random,10,159,COc1ccc2c(C(=O)c3ccc(Cl)cc3)c(C)n(CC(=O)O)c2c1,1,0.7356522328530539,0.25333333333333335,<0.30
random,10,238,CN(C)CC[C@@H](c1ccc(Br)cc1)c1ccccn1,0,0.13751211960005677,0.75,>=0.70
random,10,439,Cc1c(C)c2c(c(C)c1O)CC[C@@](C)(CCC[C@H](C)CCC[C@H](C)CCCC(C)C)O2,0,0.49857837786203385,0.38028169014084506,0.30-0.50
random,10,62,O=C(O)c1cc(-c2ccc(F)cc2F)ccc1O,1,0.9554753710725973,0.325,0.30-0.50
random,10,179,CO/N=C(\N)c1ccc(-c2ccc(-c3ccc(/C(N)=N/OC)cc3)o2)cc1,1,0.778270438070527,0.2,<0.30
random,10,400,CNC[C@H](O)c1ccc(O)c(O)c1,0,0.061484482706955675,0.6875,0.50-0.70
random,10,342,CCOC(=O)c1ncn2c1CN(C)C(=O)c1cc(F)ccc1-2,0,0.7706240194566886,0.2608695652173913,<0.30
random,10,103,Cc1cn([C@H]2C=C[C@@H](CO)O2)c(=O)[nH]c1=O,1,0.7574377560163766,0.3888888888888889,0.30-0.50
random,10,217,CC[C@@H](CO)NC(=O)[C@@H]1C=C2c3cccc4c3c(cn4C)C[C@H]2N(C)C1,0,0.24262304619030417,0.7230769230769231,>=0.70
random,10,17,CCCCCOc1ccc(-c2cc(-c3ccc(C(=O)NC4CC(O)C(O)NC(=O)C5C(O)C(C)CN5C(=O)C(C(O)CC(N)=O)NC(=O)C(C(O)C(O)c5ccc(O)c(OS(=O)(=O)O)c5)NC(=O)C5CC(O)CN5C(=O)C(C(C)O)NC4=O)cc3)no2)cc1,1,0.5372642385057811,0.20454545454545456,<0.30
random,10,277,CCN(C(C)=O)c1cccc(-c2ccnc3c(C#N)cnn23)c1,0,0.875418761219505,0.2222222222222222,<0.30
random,10,214,OC[C@@H](O)[C@H](O)[C@@H](O)[C@@H](O)CO,0,0.03671480660317422,1.0,>=0.70
random,10,258,CC(O)(P(=O)(O)O)P(=O)(O)O,0,0.08500445684739374,0.28125,<0.30
random,10,306,CCCCN1C[C@H](O)[C@@H](O)[C@H](O)[C@H]1CO,0,0.12808845652427103,0.6774193548387096,0.50-0.70
random,10,135,CC(C(=O)O)c1ccc(N2CC=CC2)c(Cl)c1,1,0.2394662164430066,0.4,0.30-0.50
random,10,307,C=CCN1C[C@H](C(=O)N(CCCN(C)C)C(=O)NCC)C[C@@H]2c3cccc4[nH]cc(c34)C[C@H]21,0,0.030149447274915468,0.32456140350877194,0.30-0.50
random,10,29,S=c1nc[nH]c2nc[nH]c12,1,0.7495763832194088,0.3142857142857143,0.30-0.50
random,10,440,CN1CCc2cccc3c2[C@H]1Cc1ccc(O)c(O)c1-3,0,0.08258662382240999,0.27941176470588236,<0.30
random,10,158,CCc1oc2ccccc2c1C(=O)c1cc(I)c(O)c(I)c1,1,0.9903650261487347,0.7441860465116279,>=0.70
random,10,241,NC(=O)C(c1ccccc1)(c1ccccc1)[C@@H]1CCN(CCc2ccc3c(c2)CCO3)C1,0,0.07022961089757124,0.3333333333333333,0.30-0.50
random,10,321,C#C[C@]1(O)CC[C@H]2[C@@H]3CCC4=CC(=O)CC[C@@H]4[C@H]3CC[C@@]21CC,0,0.1579325302996546,0.5396825396825397,0.50-0.70
random,10,89,C[C@H]1O[C@H](O[C@H]2[C@H](O)[C@@H](O)[C@@H](O[C@H]3[C@H](O)[C@@H](O)[C@H](O)O[C@@H]3CO)O[C@@H]2CO)[C@H](O)[C@@H](O)[C@@H]1N[C@H]1C=C(CO)[C@H](O)[C@H](O)[C@H]1O,1,0.1684567131691559,0.3125,0.30-0.50
random,10,361,Cc1cccc(C)c1NC(=O)C1CCCCN1C,0,0.09627113216247377,0.3617021276595745,0.30-0.50
random,10,449,COc1cccc2c1C(=O)c1c(O)c3c(c(O)c1C2=O)C[C@@](O)(C(C)=O)C[C@@H]3O[C@H]1C[C@H](N)[C@H](O)[C@H](C)O1,0,0.5419760358471338,0.20353982300884957,<0.30
random,10,363,Oc1ccc2c3c1OC1[C@@H](O)CC[C@@]4(O)[C@@H](C2)N(CC2CCC2)CC[C@]314,0,0.08315381255210356,0.4626865671641791,0.30-0.50
random,10,199,C=C1CC[C@H](O)C/C1=C/C=C1\CCC[C@]2(C)[C@@H]([C@H](C)/C=C/[C@H](C)C(C)C)CC[C@@H]12,0,0.18750821640096937,0.4931506849315068,0.30-0.50
random,10,447,Nc1nc(=O)c2c([nH]1)NCC(CNc1ccc(C(=O)NC(CCC(=O)O)C(=O)O)cc1)N2C=O,0,0.05080426295862222,0.625,0.50-0.70
random,10,96,COc1cc(C)c(/C=C/C(C)=C/C=C/C(C)=C\C(=O)O)c(C)c1C,1,0.7755771807160986,0.2153846153846154,<0.30
random,10,85,c1ccc2[nH]c(-c3cscn3)nc2c1,1,0.6889516509377536,0.20833333333333334,<0.30
random,10,309,COc1ccccc1OCC(O)CN1CCN(CC(=O)Nc2c(C)cccc2C)CC1,0,0.03273792426101548,0.4339622641509434,0.30-0.50
random,10,423,CC[C@H](C)[C@H](NC(=O)[C@H](CCC(=O)O)NC(=O)[C@H](CCC(=O)O)NC(=O)[C@H](Cc1ccccc1)NC(=O)[C@H](CC(=O)O)NC(=O)CNC(=O)[C@H](CC(N)=O)NC(=O)CNC(=O)CNC(=O)CNC(=O)CNC(=O)[C@@H]1CCCN1C(=O)[C@H](CCCNC(=N)N)NC(=O)[C@@H]1CCCN1C(=O)[C@H](N)Cc1ccccc1)C(=O)N1CCC[C@H]1C(=O)N[C@@H](CCC(=O)O)C(=O)N[C@@H](CCC(=O)O)C(=O)N[C@@H](Cc1ccc(O)cc1)C(=O)N[C@@H](CC(C)C)C(=O)O,0,0.001955884230803003,0.51875,0.50-0.70
random,10,165,O=C(CCNNC(=O)c1ccncc1)NCc1ccccc1,1,0.4272129794622337,0.40476190476190477,0.30-0.50
random,10,25,CC[C@H]1OC(=O)[C@H](C)[C@@H](O[C@H]2C[C@@](C)(OC)[C@@H](O)[C@H](C)O2)[C@H](C)[C@@H](O[C@@H]2O[C@H](C)C[C@H](N(C)C)[C@H]2O)[C@](C)(OC)C[C@@H](C)C(=O)[C@H](C)[C@@H](O)[C@]1(C)O,1,0.8876109609538451,0.922077922077922,>=0.70
random,10,104,Cc1cn([C@H]2C[C@H](N=[N+]=[N-])[C@@H](CO)O2)c(=O)[nH]c1=O,1,0.7014821864631674,0.34375,0.30-0.50
random,10,200,O=[N+]([O-])O[C@H]1CO[C@H]2[C@@H]1OC[C@H]2O[N+](=O)[O-],0,0.23128324178125195,0.13513513513513514,<0.30
random,10,270,CC(C)CC(NC(=O)CNC(=O)C(CCC(N)=O)NC(=O)C(CC(C)C)NC(=O)C(CC(C)C)NC(=O)C(CCCNC(=N)N)NC(=O)C(CCC(N)=O)NC(=O)C(CC(C)C)NC(=O)C(CCCNC(=N)N)NC(=O)C(C)NC(=O)C(CO)NC(=O)C(CC(=O)O)NC(=O)C(CCCNC(=N)N)NC(=O)C(CC(C)C)NC(=O)C(CCCNC(=N)N)NC(=O)C(CO)NC(=O)C(CC(C)C)NC(=O)C(CCC(=O)O)NC(=O)C(CO)NC(=O)C(NC(=O)C(Cc1ccccc1)NC(=O)C(NC(=O)CNC(=O)C(CC(=O)O)NC(=O)C(CO)NC(=O)C(N)Cc1ncc[nH]1)C(C)O)C(C)O)C(=O)NC(C(=O)O)C(C)C,0,0.017791602398932675,0.5547945205479452,0.50-0.70
random,10,220,Cc1ncc(CO)c(CO)c1O,0,0.496035583240814,0.2391304347826087,<0.30
random,10,192,Cn1c(=O)c2c(ncn2C)n(C)c1=O,0,0.152455744153537,0.525,0.50-0.70
random,11,159,COc1ccc2c(C(=O)c3ccc(Cl)cc3)c(C)n(CC(=O)O)c2c1,1,0.8334497232604727,0.5172413793103449,0.50-0.70
random,11,251,C[C@H](N)Cc1ccccc1,0,0.31322605172432677,0.5384615384615384,0.50-0.70
random,11,424,C[C@@H]1CCN(C(=O)[C@H](CCCN=C(N)N)NS(=O)(=O)c2cccc3c2NC[C@H](C)C3)[C@@H](C(=O)O)C1,0,0.27148646576494345,0.2734375,<0.30
random,11,273,O.O=C([O-])[O-].O=C([O-])[O-].O=C([O-])[O-].[La+3].[La+3],0,0.5567301863885633,0.45454545454545453,0.30-0.50
random,11,447,Nc1nc(=O)c2c([nH]1)NCC(CNc1ccc(C(=O)NC(CCC(=O)O)C(=O)O)cc1)N2C=O,0,0.0348394681520051,1.0,>=0.70
random,11,293,C[N+]1(C)CCC(OC(=O)C(O)(c2ccccc2)C2CCCC2)C1,0,0.08147243739118258,0.6382978723404256,0.50-0.70
random,11,165,O=C(CCNNC(=O)c1ccncc1)NCc1ccccc1,1,0.3233712965251408,0.40476190476190477,0.30-0.50
random,11,191,N[C@@H](Cc1cc(I)c(Oc2ccc(O)c(I)c2)c(I)c1)C(=O)O,0,0.6339626338303449,0.25925925925925924,<0.30
random,11,441,C#CC1(OC(C)=O)CCC2C3CCC4=CC(=O)CCC4C3CCC21C,0,0.8952814851687494,0.5396825396825397,0.50-0.70
random,11,336,CC[N+](C)(C)c1cccc(O)c1,0,0.36374665260048117,0.2549019607843137,<0.30
random,11,154,CC(COc1ccccc1)NN,1,0.5784363469010978,0.4878048780487805,0.30-0.50
random,11,339,CN[C@@H]1[C@H](O[C@H]2[C@H](O[C@H]3[C@H](O)[C@@H](O)[C@H](N=C(N)N)[C@@H](O)[C@@H]3N=C(N)N)O[C@@H](C)[C@]2(O)C=O)O[C@@H](CO)[C@H](O)[C@H]1O,0,0.06353224576757993,0.2916666666666667,<0.30
random,11,298,CC(=O)[O-].CC(=O)[O-].[Ca+2],0,0.3706372072306214,0.4166666666666667,0.30-0.50
random,11,415,CNC[C@H](O)[C@@H](O)[C@H](O)[C@H](O)CO.CNC[C@H](O)[C@@H](O)[C@H](O)[C@H](O)CO.O=C([O-])CN(CCN(CC(=O)[O-])CC(=O)O)CCN(CC(=O)[O-])CC(=O)O.[Gd+3],0,0.009872149083444786,0.6229508196721312,0.50-0.70
random,11,59,CN(C)CCCN1c2ccccc2CCc2ccc(Cl)cc21,1,0.6907385309722552,0.38181818181818183,0.30-0.50
random,11,28,C[C@]12CC[C@H]3[C@@H](CCC4=CC(=O)CC[C@@]43C)[C@@H]1CC[C@@H]2O,1,0.6225846959160285,0.56,0.50-0.70
random,11,177,CN1CCC(Nc2ncc3ncnc(Nc4ccc(F)c(Cl)c4)c3n2)CC1,1,0.978998634740774,0.4074074074074074,0.30-0.50
random,11,207,CC(C)NCC(O)c1ccc(O)c(O)c1,0,0.10529252152580834,0.6875,0.50-0.70
random,11,77,Cc1ccc(NC(=O)c2ccc(CN3CCN(C)CC3)cc2)cc1Nc1nccc(-c2cccnc2)n1,1,0.9756527750424552,0.2708333333333333,<0.30
random,11,228,CNC1(C)C2CCC(C2)C1(C)C,0,0.19915482148227867,0.16,<0.30
random,11,221,CCC[C@H]1O[C@@H]2C[C@H]3[C@@H]4CCC5=CC(=O)C=C[C@]5(C)[C@H]4[C@@H](O)C[C@]3(C)[C@]2(C(=O)CO)O1,0,0.734608264428742,0.3950617283950617,0.30-0.50
random,11,355,CCCCCN(C)CCC(O)(P(=O)(O)O)P(=O)(O)O,0,0.08706085473244614,0.21052631578947367,<0.30
random,11,326,CN1CCCN=C1/C=C/c1cccs1,0,0.5338603950788954,0.21818181818181817,<0.30
random,11,309,COc1ccccc1OCC(O)CN1CCN(CC(=O)Nc2c(C)cccc2C)CC1,0,0.03221324117438638,0.4339622641509434,0.30-0.50
random,11,185,CCN(CC)CC#CCOC(=O)C(O)(c1ccccc1)C1CCCCC1,0,0.0877297547821383,0.3389830508474576,0.30-0.50
random,11,254,CN(C)CCC(c1ccc(Cl)cc1)c1ccccn1,0,0.04898401681296778,1.0,>=0.70
random,11,75,CC1(C)NC(=O)N(c2ccc([N+](=O)[O-])c(C(F)(F)F)c2)C1=O,1,0.9180291045723854,0.4,0.30-0.50
random,11,51,Clc1ccccc1CN1CCc2sccc2C1,1,0.5994078253956009,0.2222222222222222,<0.30
random,11,367,CCC(=O)N(c1ccccc1)C1(COC)CCN(CCn2nnn(CC)c2=O)CC1,0,0.024666280739877516,0.6153846153846154,0.50-0.70
random,11,107,C[C@]12CC(=CO)C(=O)C[C@@H]1CC[C@@H]1[C@@H]2CC[C@@]2(C)[C@H]1CC[C@]2(C)O,1,0.6018547705030712,0.5882352941176471,0.50-0.70
random,11,375,[13CH3]C(O)C(=O)[O-].[Na+],0,0.27633576810653315,0.4,0.30-0.50
random,11,105,CN(Cc1cnc2nc(N)nc(N)c2n1)c1ccc(C(=O)N[C@@H](CCC(=O)O)C(=O)O)cc1,1,0.18678096029867516,0.4805194805194805,0.30-0.50
random,11,134,CCCN(CCC)C(=O)Cc1c(-c2ccc(Cl)cc2)nc2ccc(Cl)cn12,1,0.9686502912027986,0.288135593220339,<0.30
random,11,36,O=C1CN(/N=C\c2ccc([N+](=O)[O-])o2)C(=O)N1,1,0.5993086025265766,0.1694915254237288,<0.30
random,11,371,CC[C@H](C)[C@H](NC(=O)[C@@H](NC(=O)[C@H](CCC(=O)O)NC(=O)[C@H](CC(C)C)NC(=O)[C@H](CCSC)NC(=O)[C@H](CCCCN)NC(=O)[C@H](CCCNC(=N)N)NC(=O)[C@H](CC(N)=O)NC(=O)[C@H](CO)NC(=O)[C@H](Cc1cnc[nH]1)NC(=O)[C@H](C)NC(=O)[C@H](CCC(N)=O)NC(=O)[C@H](CCC(N)=O)NC(=O)[C@H](C)NC(=O)[C@H](CC(C)C)NC(=O)[C@H](CCC(N)=O)NC(=O)[C@H](CCC(=O)O)NC(=O)[C@H](C)NC(=O)[C@H](CCCNC(=N)N)NC(=O)[C@H](C)NC(=O)[C@H](CCSC)NC(=O)[C@H](CCC(=O)O)NC(=O)[C@H](CC(C)C)NC(=O)[C@@H](NC(=O)[C@H](CCC(=O)O)NC(=O)[C@H](CCCNC(=N)N)NC(=O)[C@H](CC(C)C)NC(=O)[C@H](CC(C)C)NC(=O)[C@H](Cc1cnc[nH]1)NC(=O)[C@H](Cc1ccccc1)NC(=O)[C@@H](NC(=O)[C@H](CC(C)C)NC(=O)[C@H](CC(=O)O)NC(=O)[C@H](CC(C)C)NC(=O)[C@H](CO)NC(=O)[C@@H](NC(=O)[C@@H]1CCCN1C(=O)[C@@H]1CCCN1C(=O)[C@H](CCC(=O)O)NC(=O)[C@H](CCC(=O)O)NC(=O)[C@@H](N)CO)[C@@H](C)CC)[C@@H](C)O)C(C)C)[C@@H](C)CC)C(=O)O,0,0.004037442935478947,0.9568345323741008,>=0.70
random,11,218,CC[C@@H](CO)NC(=O)[C@@H]1C=C2c3cccc4[nH]cc(c34)C[C@H]2N(C)C1,0,0.012275780915611597,0.7230769230769231,>=0.70
random,11,265,CC(Cc1ccccc1)N(C)Cc1ccccc1,0,0.21191664019840503,0.625,0.50-0.70
random,11,156,O=C(O)COc1nn(Cc2ccccc2)c2ccccc12,1,0.46664874813073015,0.27586206896551724,<0.30
random,11,82,CC(C)CN(C[C@@H](O)[C@H](Cc1ccccc1)NC(=O)O[C@H]1CO[C@H]2OCC[C@H]21)S(=O)(=O)c1ccc(N)cc1,1,0.14143426519504912,0.25217391304347825,<0.30
random,11,66,CCN(CC)C(=O)[C@]1(c2ccccc2)C[C@@H]1CN,1,0.21996329420993208,0.3018867924528302,0.30-0.50
random,11,291,CCN(CC)C(C)C(=O)c1ccccc1,0,0.45158167183242587,0.3333333333333333,0.30-0.50
random,11,313,CCCCC(F)(F)[C@@]1(O)CC[C@@H]2[C@H](CCCCCCC(=O)O)C(=O)C[C@H]2O1,0,0.27853542084595934,0.25,<0.30
random,11,420,CC1=C(CCC(=O)O)c2cc3nc(cc4[nH]c(cc5[nH]c(cc1n2)c(C)c5C(C)O)c(C)c4C(C)OC(C)c1c(C)c2cc4nc(cc5nc(cc6[nH]c(cc1[nH]2)c(C)c6C(C)O)C(C)=C5CCC(=O)O)C(CCC(=O)O)=C4C)C(C)=C3CCC(=O)O,0,0.14587145753336594,0.22033898305084745,<0.30
random,11,111,Cc1oncc1C(=O)Nc1ccc(C(F)(F)F)cc1,1,0.8097012000551714,0.2727272727272727,<0.30
random,11,34,CC(CCc1ccccc1)NCC(O)c1ccc(O)c(C(N)=O)c1,1,0.048988541043123196,0.38596491228070173,0.30-0.50
random,11,437,O=C(CCCCC(=O)Nc1c(I)cc(I)c(C(=O)O)c1I)Nc1c(I)cc(I)c(C(=O)O)c1I,0,0.12706266226575424,0.38461538461538464,0.30-0.50
random,11,427,FC(F)(F)C(F)(F)C(F)(F)F,0,0.38322654321559607,0.08695652173913043,<0.30
random,11,173,O=c1[nH]c(=O)n([C@@H]2O[C@H](CO)[C@@H](O)[C@@H]2F)cc1I,1,0.6005412193411472,0.34375,0.30-0.50
random,11,2,C/C=C/C[C@@H](C)[C@@H](O)C1C(=O)NC(CC)C(=O)N(C)CC(=O)N(C)C(CC(C)C)C(=O)NC(C(C)C)C(=O)N(C)C(CC(C)C)C(=O)NC(C)C(=O)NC(C)C(=O)N(C)C(CC(C)C)C(=O)N(C)C(CC(C)C)C(=O)N(C)C(C(C)C)C(=O)N1C,1,0.1649525389526566,0.23308270676691728,<0.30
random,11,322,C[N+]1(C)C2CC(OC(=O)C(CO)c3ccccc3)CC1C1OC12,0,0.02742874636482308,0.6,0.50-0.70
random,11,280,CC(C[N+](C)(C)C)OC(N)=O,0,0.45604159356952867,0.3548387096774194,0.30-0.50
random,11,65,C#Cc1cccc(Nc2ncnc3cc(OCCOC)c(OCCOC)cc23)c1,1,0.9226612427425451,0.40789473684210525,0.30-0.50
random,11,130,CCc1oc2ccccc2c1C(=O)c1cc(Br)c(O)c(Br)c1,1,0.9845893180895002,0.7441860465116279,>=0.70
random,11,182,CCCC(CCC)C(=O)O.CCCC(CCC)C(=O)[O-].[Na+],1,0.659102297866447,0.7272727272727273,>=0.70
random,11,345,NC(N)=NCCC[C@H](N)C(=O)O,0,0.34684184119086064,0.40625,0.30-0.50
random,11,396,C=CCOCC1CN2CCO[Si](C)(O1)OC(COCC=C)C2,0,0.20900582611125482,0.1875,<0.30
random,11,166,CN(C)Cc1ccc(CSCCN/C(=C\[N+](=O)[O-])NCc2ccc3c(c2)OCO3)o1,1,0.7801367340255089,0.25,<0.30
random,11,422,NC(=O)C1CSSCCC(=O)NC(CCCCN=C(N)N)C(=O)NCC(=O)NC(CC(=O)O)C(=O)NC(Cc2c[nH]c3ccccc23)C(=O)N2CCCC2C(=O)N1,0,0.08753747129242544,0.34057971014492755,0.30-0.50
random,11,211,NC[C@H]1O[C@H](O[C@H]2[C@H](O)[C@@H](O[C@H]3O[C@H](CO)[C@@H](O)[C@H](N)[C@H]3O)[C@H](N)C[C@@H]2N)[C@H](O)[C@@H](O)[C@@H]1O,0,0.027896166910844233,0.6530612244897959,0.50-0.70
random,11,89,C[C@H]1O[C@H](O[C@H]2[C@H](O)[C@@H](O)[C@@H](O[C@H]3[C@H](O)[C@@H](O)[C@H](O)O[C@@H]3CO)O[C@@H]2CO)[C@H](O)[C@@H](O)[C@@H]1N[C@H]1C=C(CO)[C@H](O)[C@H](O)[C@H]1O,1,0.37632228956916375,0.3333333333333333,0.30-0.50
random,11,52,Cn1cnc([N+](=O)[O-])c1Sc1ncnc2nc[nH]c12,1,0.7474168932065829,0.25925925925925924,<0.30
random,11,264,CCC(c1cccc(O)c1)C(C)CN(C)C,0,0.38908755965238884,0.26666666666666666,<0.30
random,11,58,NC(=O)NO,1,0.647703037145127,0.25925925925925924,<0.30
random,11,369,OCC(O)C(O)C(O)C(O)CO,0,0.03561925329241967,1.0,>=0.70
random,11,276,NCC1OC(OC2C(CO)OC(OC3C(O)C(N)CC(N)C3OC3OC(CN)C(O)C(O)C3N)C2O)C(N)C(O)C1O,0,0.03850124523095055,0.9761904761904762,>=0.70
random,11,255,OCC(S)CS,0,0.12103645471732509,0.2631578947368421,<0.30
random,11,429,NCC[C@H](O)C(=O)N[C@@H]1C[C@H](N)[C@@H](O[C@H]2O[C@H](CN)[C@@H](O)[C@H](O)[C@H]2O)[C@H](O)[C@H]1O[C@H]1O[C@H](CO)[C@@H](O)[C@H](N)[C@H]1O,0,0.03257694122513423,0.45588235294117646,0.30-0.50
random,11,103,Cc1cn([C@H]2C=C[C@@H](CO)O2)c(=O)[nH]c1=O,1,0.8042297894731257,0.4727272727272727,0.30-0.50
random,11,9,CS(=O)(=O)Nc1ccc([N+](=O)[O-])cc1Oc1ccccc1,1,0.6846084209845474,0.2641509433962264,<0.30
random,11,317,CCC(C)CCCCC(=O)NC(CCNCS(=O)(=O)[O-])C(=O)NC(C(=O)NC(CCNCS(=O)(=O)[O-])C(=O)NC1CCNC(=O)C(C(C)O)NC(=O)C(CCNCS(=O)(=O)[O-])NC(=O)C(CCNCS(=O)(=O)[O-])NC(=O)C(CC(C)C)NC(=O)C(CC(C)C)NC(=O)C(CCNCS(=O)(=O)[O-])NC1=O)C(C)O.[Na+].[Na+].[Na+].[Na+].[Na+],0,0.007532756814499399,0.7019230769230769,>=0.70
random,11,126,Nc1ccn([C@@H]2O[C@H](CO)[C@@H](O)[C@@H]2O)c(=O)n1,1,0.2640841359836173,0.6041666666666666,0.50-0.70
random,11,98,CCc1nn(CCCN2CCN(c3cccc(Cl)c3)CC2)c(=O)n1CCOc1ccccc1,1,0.23156651724857746,0.2597402597402597,<0.30
random,11,360,OC(CCN1CCCCC1)(c1ccccc1)C1CCCCC1,0,0.002833020826137456,1.0,>=0.70
random,11,324,CC[N+](CC)(CCNC(=O)C(=O)NCC[N+](CC)(CC)Cc1ccccc1Cl)Cc1ccccc1Cl,0,0.6163252120256881,0.32653061224489793,0.30-0.50
random,11,365,COc1ccc(C[C@@H]2c3cc(OC)c(OC)cc3CC[N@+]2(C)CCC(=O)OCCCCCOC(=O)CC[N@@+]2(C)CCc3cc(OC)c(OC)cc3[C@H]2Cc2ccc(OC)c(OC)c2)cc1OC.O=S(=O)([O-])c1ccccc1.O=S(=O)([O-])c1ccccc1,0,0.03929292763064842,0.8095238095238095,>=0.70
random,11,258,CC(O)(P(=O)(O)O)P(=O)(O)O,0,0.10715398387348114,0.16129032258064516,<0.30
random,11,449,COc1cccc2c1C(=O)c1c(O)c3c(c(O)c1C2=O)C[C@@](O)(C(C)=O)C[C@@H]3O[C@H]1C[C@H](N)[C@H](O)[C@H](C)O1,0,0.8511740084000956,0.20353982300884957,<0.30
random,11,157,CCc1oc2ccccc2c1C(=O)c1ccc(O)cc1,1,0.8936552708112234,0.6904761904761905,0.50-0.70
random,11,8,COc1ccc(Cc2nccc3cc(OC)c(OC)cc23)cc1OC,1,0.7241353499509577,0.25,<0.30
random,11,352,CN(C)CCc1c[nH]c2ccc(CS(=O)(=O)N3CCCC3)cc12,0,0.040711740897331504,0.5084745762711864,0.50-0.70
random,11,106,O=C1CN(N=Cc2ccc(-c3ccc([N+](=O)[O-])cc3)o2)C(=O)N1,1,0.6135103497822355,0.22950819672131148,<0.30
random,11,329,CN1C2CC(OC(=O)C(CO)c3ccccc3)CC1C1OC12,0,0.01742112120958641,0.6808510638297872,0.50-0.70
random,11,263,CC#C[C@]1(O)CC[C@H]2[C@@H]3CCC4=CC(=O)CCC4=C3[C@@H](c3ccc(N(C)C)cc3)C[C@@]21C,0,0.5144435498502976,0.27710843373493976,<0.30
random,11,25,CC[C@H]1OC(=O)[C@H](C)[C@@H](O[C@H]2C[C@@](C)(OC)[C@@H](O)[C@H](C)O2)[C@H](C)[C@@H](O[C@@H]2O[C@H](C)C[C@H](N(C)C)[C@H]2O)[C@](C)(OC)C[C@@H](C)C(=O)[C@H](C)[C@@H](O)[C@]1(C)O,1,0.8692704600401792,0.922077922077922,>=0.70
random,11,376,NC(=O)[C@@H]1CCCN1C(=O)[C@H](Cc1cnc[nH]1)NC(=O)[C@@H]1CCC(=O)N1,0,0.26830052220108386,0.26973684210526316,<0.30
random,11,17,CCCCCOc1ccc(-c2cc(-c3ccc(C(=O)NC4CC(O)C(O)NC(=O)C5C(O)C(C)CN5C(=O)C(C(O)CC(N)=O)NC(=O)C(C(O)C(O)c5ccc(O)c(OS(=O)(=O)O)c5)NC(=O)C5CC(O)CN5C(=O)C(C(C)O)NC4=O)cc3)no2)cc1,1,0.7597971020349256,0.20454545454545456,<0.30
random,11,362,Oc1ccc2c(c1)[C@@]13CCCC[C@@]1(O)[C@@H](C2)N(CC1CCC1)CC3,0,0.020487727287013695,0.4626865671641791,0.30-0.50
random,11,275,CC(C)C(=O)Oc1ccc(CO)cc1[C@H](CCN(C(C)C)C(C)C)c1ccccc1.O=C(O)/C=C/C(=O)O,0,0.07992397482457475,0.4262295081967213,0.30-0.50
random,11,413,CCC(C)C1NC(=O)C(Cc2ccc(O)cc2)NC(=O)C(N)CSSCC(C(=O)N2CCCC2C(=O)NC(CC(C)C)C(=O)NCC(N)=O)NC(=O)C(CC(N)=O)NC(=O)C(C(C)O)NC1=O,0,0.010624320671638189,0.8979591836734694,>=0.70
random,11,315,CC(O)C(O)C1CNc2[nH]c(N)nc(=O)c2N1,0,0.21540903224427171,0.3037974683544304,0.30-0.50
random,11,85,c1ccc2[nH]c(-c3cscn3)nc2c1,1,0.7346798928793892,0.20833333333333334,<0.30
random,12,400,CNC[C@H](O)c1ccc(O)c(O)c1,0,0.04191944983144152,0.6875,0.50-0.70
random,12,425,CCCCS(=O)(=O)N[C@@H](Cc1ccc(OCCCCC2CCNCC2)cc1)C(=O)O,0,0.5835680886682019,0.2465753424657534,<0.30
random,12,139,CC(C)Cc1ccc(CC(=O)O)cc1,1,0.4846943915434421,0.3548387096774194,0.30-0.50
random,12,263,CC#C[C@]1(O)CC[C@H]2[C@@H]3CCC4=CC(=O)CCC4=C3[C@@H](c3ccc(N(C)C)cc3)C[C@@]21C,0,0.6524714138709831,0.27710843373493976,<0.30
random,12,325,CN[C@@H](C)[C@H](O)c1ccccc1,0,0.17204931007816132,1.0,>=0.70
random,12,7,CNC(=O)c1cc(Oc2ccc(NC(=O)Nc3ccc(Cl)c(C(F)(F)F)c3)cc2)ccn1,1,0.9773052788245179,0.29411764705882354,<0.30
random,12,95,O=C1NC(c2ccccc2)(c2ccccc2)C(=O)N1COP(=O)(O)O,1,0.6247707533539648,0.35714285714285715,0.30-0.50
random,12,159,COc1ccc2c(C(=O)c3ccc(Cl)cc3)c(C)n(CC(=O)O)c2c1,1,0.601363528827683,0.25333333333333335,<0.30
random,12,374,OC[C@H]1OC(O)[C@H](O)[C@@H](O)[C@@H]1O,0,0.36064714849573243,0.3783783783783784,0.30-0.50
random,12,28,C[C@]12CC[C@H]3[C@@H](CCC4=CC(=O)CC[C@@]43C)[C@@H]1CC[C@@H]2O,1,0.7775562886420021,0.56,0.50-0.70
random,12,84,CNCC[C@H](Oc1cccc2ccccc12)c1cccs1,1,0.6996773931937688,0.44,0.30-0.50
random,12,302,Cc1ccc(O)c([C@@H](CCN(C(C)C)C(C)C)c2ccccc2)c1,0,0.05100091366845742,0.4262295081967213,0.30-0.50
random,12,209,C[C@]12CCC(=O)C=C1CC[C@H]1[C@@H]3CC[C@](O)(C(=O)CO)[C@@]3(C)C[C@H](O)[C@@]12F,0,0.3244823876081725,0.578125,0.50-0.70
random,12,131,O=C(O)COc1ccc(C(=O)c2cccs2)c(Cl)c1Cl,1,0.8377481189185484,0.2631578947368421,<0.30
random,12,83,O=C1Nc2ccc(Cl)cc2[C@@](C#CC2CC2)(C(F)(F)F)O1,1,0.960104855806966,0.24615384615384617,<0.30
random,12,111,Cc1oncc1C(=O)Nc1ccc(C(F)(F)F)cc1,1,0.7852007878736165,0.2727272727272727,<0.30
random,12,17,CCCCCOc1ccc(-c2cc(-c3ccc(C(=O)NC4CC(O)C(O)NC(=O)C5C(O)C(C)CN5C(=O)C(C(O)CC(N)=O)NC(=O)C(C(O)C(O)c5ccc(O)c(OS(=O)(=O)O)c5)NC(=O)C5CC(O)CN5C(=O)C(C(C)O)NC4=O)cc3)no2)cc1,1,0.8576872332250193,0.18285714285714286,<0.30
random,12,57,C[C@](O)(CS(=O)(=O)c1ccc(F)cc1)C(=O)Nc1ccc(C#N)c(C(F)(F)F)c1,1,0.9542161374006508,0.3384615384615385,0.30-0.50
random,12,273,O.O=C([O-])[O-].O=C([O-])[O-].O=C([O-])[O-].[La+3].[La+3],0,0.5174060886262479,0.45454545454545453,0.30-0.50
random,12,156,O=C(O)COc1nn(Cc2ccccc2)c2ccccc12,1,0.29089274951523053,0.23076923076923078,<0.30
random,12,63,CC1=C(/C=C/C(C)=C/C=C/C(C)=C\C(=O)O)C(C)(C)CCC1,1,0.6345799505280216,0.42857142857142855,0.30-0.50
random,12,294,CC(C)(C(=O)c1cccnc1)c1cccnc1,0,0.6929458557596092,0.5151515151515151,0.50-0.70
random,12,240,CC(=CCC1=C(C)C(=O)c2ccccc2C1=O)CCCC(C)CCCC(C)CCCC(C)C,0,0.11701246991350217,0.23529411764705882,<0.30
random,12,34,CC(CCc1ccccc1)NCC(O)c1ccc(O)c(C(N)=O)c1,1,0.027578798866384657,0.43137254901960786,0.30-0.50
random,12,58,NC(=O)NO,1,0.6515723573310569,0.25925925925925924,<0.30
random,12,280,CC(C[N+](C)(C)C)OC(N)=O,0,0.23908508123322247,0.3548387096774194,0.30-0.50
random,12,388,CCN1CC(CCN2CCOCC2)C(c2ccccc2)(c2ccccc2)C1=O,0,0.3725498962251375,0.32075471698113206,0.30-0.50
random,12,5,CNCCC=C1c2ccccc2CCc2ccccc21,1,0.4473164381441719,0.29545454545454547,<0.30
random,12,75,CC1(C)NC(=O)N(c2ccc([N+](=O)[O-])c(C(F)(F)F)c2)C1=O,1,0.9508682625497898,0.4,0.30-0.50
random,12,178,CCCCN1C(=O)[C@@H]([C@H](O)C2CCCCC2)NC(=O)C12CCN(Cc1ccc(Oc3ccc(C(=O)O)cc3)cc1)CC2,1,0.9160625917405854,0.2403846153846154,<0.30
random,12,344,CCC(C)[C@H](N)C1=NCC(C(=O)N[C@@H](CC(C)C)C(=O)N[C@H](CCC(=O)O)C(=O)N[C@H](C(=O)N[C@H]2CCCCNC(=O)[C@H](CC(N)=O)NC(=O)[C@@H](CC(=O)O)NC(=O)[C@H](Cc3cnc[nH]3)NC(=O)[C@@H](Cc3ccccc3)NC(=O)[C@H](C(C)CC)NC(=O)[C@@H](CCCN)NC2=O)C(C)CC)S1,0,0.29043287493376657,0.3904761904761905,0.30-0.50
random,12,188,CN1CCC[C@@H]1CCO[C@](C)(c1ccccc1)c1ccc(Cl)cc1,0,0.008264148178290468,0.3157894736842105,0.30-0.50
random,12,375,[13CH3]C(O)C(=O)[O-].[Na+],0,0.20246655447261241,0.4,0.30-0.50
random,12,249,Cc1ccc(N(CC2=NCCN2)c2cccc(O)c2)cc1,0,0.11480729952633423,0.2631578947368421,<0.30
random,12,257,N=c1nc(N2CCCCC2)cc(N)n1O,0,0.34333438616957884,0.23809523809523808,<0.30
random,12,41,COc1ccc2c(c1)c(CC(=O)O)c(C)n2C(=O)c1ccc(Cl)cc1,1,0.8333502029885608,0.26229508196721313,<0.30
random,12,288,C[N+]1(C)CCCC(OC(=O)C(O)(c2ccccc2)c2ccccc2)C1,0,0.04404598532659174,0.5833333333333334,0.50-0.70
random,12,211,NC[C@H]1O[C@H](O[C@H]2[C@H](O)[C@@H](O[C@H]3O[C@H](CO)[C@@H](O)[C@H](N)[C@H]3O)[C@H](N)C[C@@H]2N)[C@H](O)[C@@H](O)[C@@H]1O,0,0.043664763699385815,0.6551724137931034,0.50-0.70
random,12,258,CC(O)(P(=O)(O)O)P(=O)(O)O,0,0.10072653103610593,0.28125,<0.30
random,12,157,CCc1oc2ccccc2c1C(=O)c1ccc(O)cc1,1,0.8759624905755374,0.6904761904761905,0.50-0.70
random,12,307,C=CCN1C[C@H](C(=O)N(CCCN(C)C)C(=O)NCC)C[C@@H]2c3cccc4[nH]cc(c34)C[C@H]21,0,0.024224863871398918,0.32456140350877194,0.30-0.50
random,12,387,C[NH+](C)CCOC(c1ccccc1)c1ccccc1.Cn1c2nc(Cl)nc-2c([O-])n(C)c1=O,0,0.20817568395529262,0.3157894736842105,0.30-0.50
random,12,415,CNC[C@H](O)[C@@H](O)[C@H](O)[C@H](O)CO.CNC[C@H](O)[C@@H](O)[C@H](O)[C@H](O)CO.O=C([O-])CN(CCN(CC(=O)[O-])CC(=O)O)CCN(CC(=O)[O-])CC(=O)O.[Gd+3],0,0.014001325413255362,0.6229508196721312,0.50-0.70
random,12,365,COc1ccc(C[C@@H]2c3cc(OC)c(OC)cc3CC[N@+]2(C)CCC(=O)OCCCCCOC(=O)CC[N@@+]2(C)CCc3cc(OC)c(OC)cc3[C@H]2Cc2ccc(OC)c(OC)c2)cc1OC.O=S(=O)([O-])c1ccccc1.O=S(=O)([O-])c1ccccc1,0,0.046208571426994464,0.8095238095238095,>=0.70
random,12,433,O=C(CNC(=O)c1ccccc1)CC(Cc1ccccc1)C(=O)O,0,0.10634135195319436,0.37209302325581395,0.30-0.50
random,12,49,CN1CCN(C2=c3ccccc3=Nc3ccc(Cl)cc3N2)CC1,1,0.762902096060794,0.2698412698412698,<0.30
random,12,402,CC(=O)Nc1c(I)c(NC(C)=O)c(I)c(C(=O)O)c1I,0,0.355387602033772,0.7333333333333333,>=0.70
random,12,314,Cc1nc2n(c(=O)c1CCN1CCC(c3noc4cc(F)ccc34)CC1)CCCC2O,0,0.6871535472519447,0.21739130434782608,<0.30
random,12,299,COc1ccc2c3c1O[C@H]1C(=O)CC[C@@]4(O)[C@@H](C2)N(C)CC[C@]314,0,0.07657682071751344,0.7678571428571429,>=0.70
random,12,398,NCCc1cnc[nH]1.O=P(O)(O)O.O=P(O)(O)O,0,0.12111953423241933,0.2537313432835821,<0.30
random,12,401,C[N+](C)(C)CCOC(=O)CCC(=O)OCC[N+](C)(C)C,0,0.018224898964476325,0.6521739130434783,0.50-0.70
random,12,357,Nc1nc(F)nc2c1ncn2[C@@H]1O[C@H](COP(=O)(O)O)[C@@H](O)[C@@H]1O,0,0.6870835261974839,0.48333333333333334,0.30-0.50
random,12,252,O=C(NC(CO)C(O)c1ccc([N+](=O)[O-])cc1)C(Cl)Cl,0,0.14136104217644546,0.24074074074074073,<0.30
random,12,362,Oc1ccc2c(c1)[C@@]13CCCC[C@@]1(O)[C@@H](C2)N(CC1CCC1)CC3,0,0.016095905311122597,0.4626865671641791,0.30-0.50
random,12,53,CC1=C(CC(=O)O)c2cc(F)ccc2C1=Cc1ccc(S(C)=O)cc1,1,0.8918113067773233,0.25,<0.30
random,12,126,Nc1ccn([C@@H]2O[C@H](CO)[C@@H](O)[C@@H]2O)c(=O)n1,1,0.610079476479084,0.6041666666666666,0.50-0.70
random,12,409,CCCCC[C@](C)(O)/C=C/[C@@H]1[C@@H](C/C=C/CCCC(=O)O)[C@@H](O)C[C@H]1O,0,0.14507813399291847,0.3508771929824561,0.30-0.50
random,12,284,CN1CC[C@]23CCCC[C@H]2[C@H]1Cc1ccc(O)cc13,0,0.013279411198544887,0.7083333333333334,>=0.70
random,12,371,CC[C@H](C)[C@H](NC(=O)[C@@H](NC(=O)[C@H](CCC(=O)O)NC(=O)[C@H](CC(C)C)NC(=O)[C@H](CCSC)NC(=O)[C@H](CCCCN)NC(=O)[C@H](CCCNC(=N)N)NC(=O)[C@H](CC(N)=O)NC(=O)[C@H](CO)NC(=O)[C@H](Cc1cnc[nH]1)NC(=O)[C@H](C)NC(=O)[C@H](CCC(N)=O)NC(=O)[C@H](CCC(N)=O)NC(=O)[C@H](C)NC(=O)[C@H](CC(C)C)NC(=O)[C@H](CCC(N)=O)NC(=O)[C@H](CCC(=O)O)NC(=O)[C@H](C)NC(=O)[C@H](CCCNC(=N)N)NC(=O)[C@H](C)NC(=O)[C@H](CCSC)NC(=O)[C@H](CCC(=O)O)NC(=O)[C@H](CC(C)C)NC(=O)[C@@H](NC(=O)[C@H](CCC(=O)O)NC(=O)[C@H](CCCNC(=N)N)NC(=O)[C@H](CC(C)C)NC(=O)[C@H](CC(C)C)NC(=O)[C@H](Cc1cnc[nH]1)NC(=O)[C@H](Cc1ccccc1)NC(=O)[C@@H](NC(=O)[C@H](CC(C)C)NC(=O)[C@H](CC(=O)O)NC(=O)[C@H](CC(C)C)NC(=O)[C@H](CO)NC(=O)[C@@H](NC(=O)[C@@H]1CCCN1C(=O)[C@@H]1CCCN1C(=O)[C@H](CCC(=O)O)NC(=O)[C@H](CCC(=O)O)NC(=O)[C@@H](N)CO)[C@@H](C)CC)[C@@H](C)O)C(C)C)[C@@H](C)CC)C(=O)O,0,0.001132316477517353,0.7411764705882353,>=0.70
random,12,3,CC(C(=O)O)c1cccc(Oc2ccccc2)c1,1,0.6659264222024333,0.4,0.30-0.50
random,12,125,NC(=O)OCC(COC(N)=O)c1ccccc1,1,0.18818256290701424,0.3125,0.30-0.50
random,12,165,O=C(CCNNC(=O)c1ccncc1)NCc1ccccc1,1,0.3020629235186169,0.40476190476190477,0.30-0.50
random,12,437,O=C(CCCCC(=O)Nc1c(I)cc(I)c(C(=O)O)c1I)Nc1c(I)cc(I)c(C(=O)O)c1I,0,0.12387055532948303,0.38095238095238093,0.30-0.50
random,12,293,C[N+]1(C)CCC(OC(=O)C(O)(c2ccccc2)C2CCCC2)C1,0,0.07431923541744813,0.46551724137931033,0.30-0.50
random,12,330,CCCC(C)(COC(N)=O)COC(=O)NC(C)C,0,0.13473706435908187,0.696969696969697,0.50-0.70
random,12,23,CC(C)c1nc(CN(C)C(=O)N[C@H](C(=O)N[C@@H](Cc2ccccc2)C[C@H](O)[C@H](Cc2ccccc2)NC(=O)OCc2cncs2)C(C)C)cs1,1,0.34375156022741166,0.26,<0.30
random,12,26,CO[C@H]1/C=C/O[C@@]2(C)Oc3c(C)c(O)c4c(c3C2=O)C(=O)/C(=C/NN2CCN(C)CC2)C(=C4O)NC(=O)/C(C)=C\C=C\[C@H](C)[C@H](O)[C@@H](C)[C@@H](O)[C@@H](C)[C@H](OC(C)=O)[C@@H]1C,1,0.6774074548661302,0.17647058823529413,<0.30
random,12,164,CC(NN)c1ccccc1,1,0.7237679433440461,0.41935483870967744,0.30-0.50
random,12,318,CCC(C)CCCCC(=O)NC(CCN)C(=O)NC(C(=O)NC(CCN)C(=O)NC1CCNC(=O)C(C(C)O)NC(=O)C(CCN)NC(=O)C(CCN)NC(=O)C(CC(C)C)NC(=O)C(Cc2ccccc2)NC(=O)C(CCN)NC1=O)C(C)O.O=S(=O)(O)O,0,0.05855560772793924,0.7019230769230769,>=0.70
random,12,163,CN(C)CC=C(c1ccc(Br)cc1)c1cccnc1,1,0.6303877459344714,0.35714285714285715,0.30-0.50
random,12,380,CC[C@H](C)[C@H](NC(=O)[C@H](CC(=O)O)NC(=O)[C@H](CC(C)C)NC(=O)[C@H](CC(C)C)NC(=O)[C@H](CCCCN)NC(=O)[C@H](CCCNC(=N)N)NC(=O)[C@H](CC(N)=O)NC(=O)[C@H](CO)NC(=O)[C@H](Cc1cnc[nH]1)NC(=O)[C@H](C)NC(=O)[C@H](CCC(N)=O)NC(=O)[C@H](CCC(N)=O)NC(=O)[C@H](C)NC(=O)[C@H](CC(C)C)NC(=O)[C@H](CCC(N)=O)NC(=O)[C@H](CC(=O)O)NC(=O)[C@H](C)NC(=O)[C@H](CCCCN)NC(=O)[C@@H](NC(=O)[C@H](CCSC)NC(=O)[C@H](CCC(=O)O)NC(=O)[C@H](CC(C)C)NC(=O)[C@@H](NC(=O)[C@H](CCC(=O)O)NC(=O)[C@H](CCCNC(=N)N)NC(=O)[C@H](CC(C)C)NC(=O)[C@H](CC(C)C)NC(=O)[C@H](Cc1cnc[nH]1)NC(=O)[C@H](Cc1ccccc1)NC(=O)[C@@H](NC(=O)[C@H](CC(C)C)NC(=O)[C@H](CC(=O)O)NC(=O)[C@H](CC(C)C)NC(=O)[C@H](CO)NC(=O)[C@@H](NC(=O)[C@@H]1CCCN1C(=O)[C@@H]1CCCN1C(=O)[C@H](CCC(=O)O)NC(=O)[C@H](CCC(N)=O)NC(=O)[C@@H](N)CO)[C@@H](C)CC)[C@@H](C)O)C(C)C)[C@@H](C)O)C(=O)N[C@@H](C)C(N)=O,0,0.0010361318867473902,0.7514792899408284,>=0.70
random,12,182,CCCC(CCC)C(=O)O.CCCC(CCC)C(=O)[O-].[Na+],1,0.6889085071499518,0.7272727272727273,>=0.70
random,12,103,Cc1cn([C@H]2C=C[C@@H](CO)O2)c(=O)[nH]c1=O,1,0.9043591014075757,0.4727272727272727,0.30-0.50
random,12,443,NC(=O)CCC1NC(=O)C(Cc2ccccc2)NC(=O)C(Cc2ccc(O)cc2)NC(=O)C(N)CSSCC(C(=O)N2CCCC2C(=O)NC(CCCN=C(N)N)C(=O)NCC(N)=O)NC(=O)C(CC(N)=O)NC1=O,0,0.00036627546177326177,0.7090909090909091,>=0.70
random,12,266,Cc1c(-c2ccccc2)oc2c(C(=O)OCCN3CCCCC3)cccc2c1=O,0,0.27045079400823197,0.2716049382716049,<0.30
random,12,171,CC(N)C(=O)OC(C)(C)Cc1ccc(Cl)cc1,1,0.1888879722772215,0.3409090909090909,0.30-0.50
random,12,144,CC(=O)Oc1ccc(C2(c3ccc(OC(C)=O)cc3)C(=O)N(C(C)=O)c3ccccc32)cc1,1,0.7763159968940512,0.5531914893617021,0.50-0.70
random,12,349,CN(C)CC[C@@H](c1ccc(Cl)cc1)c1ccccn1,0,0.044620900265633,1.0,>=0.70
random,12,339,CN[C@@H]1[C@H](O[C@H]2[C@H](O[C@H]3[C@H](O)[C@@H](O)[C@H](N=C(N)N)[C@@H](O)[C@@H]3N=C(N)N)O[C@@H](C)[C@]2(O)C=O)O[C@@H](CO)[C@H](O)[C@H]1O,0,0.3517462117834508,0.2916666666666667,<0.30
random,12,106,O=C1CN(N=Cc2ccc(-c3ccc([N+](=O)[O-])cc3)o2)C(=O)N1,1,0.9272471958094494,0.673469387755102,0.50-0.70
random,12,120,Cc1ccc(Nc2nccc(N(C)c3ccc4c(C)n(C)nc4c3)n2)cc1S(N)(=O)=O,1,0.9785858897996695,0.25773195876288657,<0.30
random,12,396,C=CCOCC1CN2CCO[Si](C)(O1)OC(COCC=C)C2,0,0.5519876221869401,0.14754098360655737,<0.30
random,12,347,CC[C@]1(O)C[C@@H]2CN(CCc3c([nH]c4ccccc34)[C@@](C(=O)OC)(c3cc4c(cc3OC)N(C)[C@H]3[C@@](O)(C(=O)OC)[C@H](OC(C)=O)[C@]5(CC)C=CCN6CC[C@]43[C@@H]65)C2)C1,0,0.03053662975247557,0.23529411764705882,<0.30
random,12,228,CNC1(C)C2CCC(C2)C1(C)C,0,0.20659785064226147,0.16,<0.30
random,12,303,C=CCN.ClCC1CO1,0,0.25392761682834547,0.1388888888888889,<0.30
random,12,345,NC(N)=NCCC[C@H](N)C(=O)O,0,0.27702581300667917,0.40625,0.30-0.50
random,12,233,CN1CC[C@]23c4c5ccc(O)c4O[C@H]2[C@@H](O)C=C[C@H]3[C@H]1C5,0,0.022249865027829455,0.7592592592592593,>=0.70
random,12,392,CNC(=O)c1cnn(-c2nc(N)c3ncn([C@@H]4O[C@H](CO)[C@@H](O)[C@H]4O)c3n2)c1,0,0.5360943706277009,0.5076923076923077,0.50-0.70
random,12,219,C[N+](C)(C)CC(=O)[O-],0,0.21227445192680766,0.4583333333333333,0.30-0.50
random,12,54,Nc1nc(NC2CC2)c2ncn(C3C=C[C@H](CO)C3)c2n1,1,0.1974291868039865,0.26865671641791045,<0.30
random,12,342,CCOC(=O)c1ncn2c1CN(C)C(=O)c1cc(F)ccc1-2,0,0.9096043050090048,0.2608695652173913,<0.30
random,13,129,C1CCC(C(CC2CCCCN2)C2CCCCC2)CC1,1,0.13886505695841922,0.16666666666666666,<0.30
random,13,344,CCC(C)[C@H](N)C1=NCC(C(=O)N[C@@H](CC(C)C)C(=O)N[C@H](CCC(=O)O)C(=O)N[C@H](C(=O)N[C@H]2CCCCNC(=O)[C@H](CC(N)=O)NC(=O)[C@@H](CC(=O)O)NC(=O)[C@H](Cc3cnc[nH]3)NC(=O)[C@@H](Cc3ccccc3)NC(=O)[C@H](C(C)CC)NC(=O)[C@@H](CCCN)NC2=O)C(C)CC)S1,0,0.07127997147597254,0.40397350993377484,0.30-0.50
random,13,398,NCCc1cnc[nH]1.O=P(O)(O)O.O=P(O)(O)O,0,0.15551332908084392,0.2537313432835821,<0.30
random,13,340,Nc1ncnc2c1ncn2[C@@H]1O[C@H](CO)[C@@H](O)[C@H]1O,0,0.6268683137082744,0.5076923076923077,0.50-0.70
random,13,439,Cc1c(C)c2c(c(C)c1O)CC[C@@](C)(CCC[C@H](C)CCC[C@H](C)CCCC(C)C)O2,0,0.16551438587236975,0.23529411764705882,<0.30
random,13,83,O=C1Nc2ccc(Cl)cc2[C@@](C#CC2CC2)(C(F)(F)F)O1,1,0.9598518172336825,0.24615384615384617,<0.30
random,13,36,O=C1CN(/N=C\c2ccc([N+](=O)[O-])o2)C(=O)N1,1,0.9385093664870984,0.673469387755102,0.50-0.70
random,13,80,Clc1ccc2nsnc2c1NC1=NCCN1,1,0.812253775707335,0.203125,<0.30
random,13,259,C#CCN(C)[C@H](C)Cc1ccccc1,0,0.08928085655388734,0.625,0.50-0.70
random,13,414,CC[C@H](C)[C@H](NC(=O)[C@H](CCC(=O)O)NC(=O)[C@H](CO)NC(=O)[C@@H](NC(=O)[C@@H](N)CO)C(C)C)C(=O)N[C@@H](CCC(N)=O)C(=O)N[C@@H](CC(C)C)C(=O)N[C@@H](CCSC)C(=O)N[C@@H](Cc1c[nH]cn1)C(=O)N[C@@H](CC(N)=O)C(=O)N[C@@H](CC(C)C)C(=O)NCC(=O)N[C@@H](CCCCN)C(=O)N[C@@H](Cc1c[nH]cn1)C(=O)N[C@@H](CC(C)C)C(=O)N[C@@H](CC(N)=O)C(=O)N[C@@H](CO)C(=O)N[C@@H](CCSC)C(=O)N[C@@H](CCC(=O)O)C(=O)N[C@@H](CCCNC(=N)N)C(=O)N[C@H](C(=O)N[C@@H](CCC(=O)O)C(=O)N[C@@H](Cc1c[nH]c2ccccc12)C(=O)N[C@@H](CC(C)C)C(=O)N[C@@H](CCCNC(=N)N)C(=O)N[C@@H](CCCCN)C(=O)N[C@@H](CCCCN)C(=O)N[C@@H](CC(C)C)C(=O)N[C@@H](CCC(N)=O)C(=O)N[C@@H](CC(=O)O)C(=O)N[C@H](C(=O)N[C@@H](Cc1c[nH]cn1)C(=O)N[C@@H](CC(N)=O)C(=O)N[C@@H](Cc1ccccc1)C(=O)O)C(C)C)C(C)C,0,0.0053452973085703955,0.6753246753246753,0.50-0.70
random,13,206,CN[C@@H](C)[C@@H](O)c1ccccc1,0,0.16270369952335098,1.0,>=0.70
random,13,330,CCCC(C)(COC(N)=O)COC(=O)NC(C)C,0,0.13777924193914848,0.696969696969697,0.50-0.70
random,13,131,O=C(O)COc1ccc(C(=O)c2cccs2)c(Cl)c1Cl,1,0.9130174736615212,0.27586206896551724,<0.30
random,13,56,CC[C@H]1OC(=O)[C@H](C)C(=O)[C@H](C)[C@@H](O[C@@H]2O[C@H](C)C[C@H](N(C)C)[C@H]2O)[C@@](C)(OC)C[C@@H](C)C(=O)[C@H](C)[C@H]2N(CCCCn3cnc(-c4cccnc4)c3)C(=O)O[C@]12C,1,0.9927020627738128,0.4396551724137931,0.30-0.50
random,13,304,CC(C)(C)NCC(O)c1ccc(O)c(CO)c1,0,0.03162364494846566,0.475,0.30-0.50
random,13,208,CCC1(c2ccccc2)C(=O)NCNC1=O,0,0.43375421825696286,0.3611111111111111,0.30-0.50
random,13,68,CCCN(CCOc1c(Cl)cc(Cl)cc1Cl)C(=O)n1ccnc1.O=S(=O)([O-])C(I)I.[Na+],1,0.9566499982706524,0.2345679012345679,<0.30
random,13,150,CC(=O)Oc1ccc(C2(c3ccc(OC(C)=O)cc3)C(=O)Nc3ccccc32)cc1,1,0.7802510526640343,0.5531914893617021,0.50-0.70
random,13,53,CC1=C(CC(=O)O)c2cc(F)ccc2C1=Cc1ccc(S(C)=O)cc1,1,0.8373286168689456,0.24691358024691357,<0.30
random,13,43,O=C(O)c1cn(C2CC2)c2cc(N3CCNCC3)c(F)cc2c1=O,1,0.6912544234888964,0.38571428571428573,0.30-0.50
random,13,428,NCCCNCCSP(=O)(O)O,0,0.1452079743502187,0.32142857142857145,0.30-0.50
random,13,357,Nc1nc(F)nc2c1ncn2[C@@H]1O[C@H](COP(=O)(O)O)[C@@H](O)[C@@H]1O,0,0.911562642789283,0.4533333333333333,0.30-0.50
random,13,108,C#C[C@]1(O)CC[C@H]2[C@@H]3CCC4=Cc5oncc5C[C@]4(C)[C@H]3CC[C@@]21C,1,0.09310827007956946,0.30666666666666664,0.30-0.50
random,13,270,CC(C)CC(NC(=O)CNC(=O)C(CCC(N)=O)NC(=O)C(CC(C)C)NC(=O)C(CC(C)C)NC(=O)C(CCCNC(=N)N)NC(=O)C(CCC(N)=O)NC(=O)C(CC(C)C)NC(=O)C(CCCNC(=N)N)NC(=O)C(C)NC(=O)C(CO)NC(=O)C(CC(=O)O)NC(=O)C(CCCNC(=N)N)NC(=O)C(CC(C)C)NC(=O)C(CCCNC(=N)N)NC(=O)C(CO)NC(=O)C(CC(C)C)NC(=O)C(CCC(=O)O)NC(=O)C(CO)NC(=O)C(NC(=O)C(Cc1ccccc1)NC(=O)C(NC(=O)CNC(=O)C(CC(=O)O)NC(=O)C(CO)NC(=O)C(N)Cc1ncc[nH]1)C(C)O)C(C)O)C(=O)NC(C(=O)O)C(C)C,0,0.026466413736483264,0.5290322580645161,0.50-0.70
random,13,333,OC(CCN1CCCC1)(c1ccccc1)C1CCCCC1,0,0.002227733347972164,0.6086956521739131,0.50-0.70
random,13,167,CN1CCCC(CN2c3ccccc3Sc3ccccc32)C1,1,0.31443656102071016,0.2459016393442623,<0.30
random,13,10,Cc1c(C)c2c(c(C)c1O)CCC(C)(COc1ccc(CC3SC(=O)NC3=O)cc1)O2,1,0.3199514596509005,0.1956521739130435,<0.30
random,13,413,CCC(C)C1NC(=O)C(Cc2ccc(O)cc2)NC(=O)C(N)CSSCC(C(=O)N2CCCC2C(=O)NC(CC(C)C)C(=O)NCC(N)=O)NC(=O)C(CC(N)=O)NC(=O)C(C(C)O)NC1=O,0,0.009046268984469112,0.8979591836734694,>=0.70
random,13,415,CNC[C@H](O)[C@@H](O)[C@H](O)[C@H](O)CO.CNC[C@H](O)[C@@H](O)[C@H](O)[C@H](O)CO.O=C([O-])CN(CCN(CC(=O)[O-])CC(=O)O)CCN(CC(=O)[O-])CC(=O)O.[Gd+3],0,0.02005202536281813,0.39473684210526316,0.30-0.50
random,13,306,CCCCN1C[C@H](O)[C@@H](O)[C@H](O)[C@H]1CO,0,0.2352434645690913,0.6774193548387096,0.50-0.70
random,13,260,COc1cc2nc(N3CCN(C(=O)C4CCCO4)CC3)nc(N)c2cc1OC,0,0.2628115733451141,0.21739130434782608,<0.30
random,13,127,CC(C)NNC(=O)c1ccncc1,1,0.7879518063281234,0.5161290322580645,0.50-0.70
random,13,115,CS(=O)(=O)CCNCc1ccc(-c2ccc3ncnc(Nc4ccc(OCc5cccc(F)c5)c(Cl)c4)c3c2)o1,1,0.9985675890432321,0.31683168316831684,0.30-0.50
random,13,360,OC(CCN1CCCCC1)(c1ccccc1)C1CCCCC1,0,0.002227733347972164,0.6086956521739131,0.50-0.70
random,13,70,Cc1ccc(C)c(OCCCC(C)(C)C(=O)O)c1,1,0.28812058614520525,0.2631578947368421,<0.30
random,13,317,CCC(C)CCCCC(=O)NC(CCNCS(=O)(=O)[O-])C(=O)NC(C(=O)NC(CCNCS(=O)(=O)[O-])C(=O)NC1CCNC(=O)C(C(C)O)NC(=O)C(CCNCS(=O)(=O)[O-])NC(=O)C(CCNCS(=O)(=O)[O-])NC(=O)C(CC(C)C)NC(=O)C(CC(C)C)NC(=O)C(CCNCS(=O)(=O)[O-])NC1=O)C(C)O.[Na+].[Na+].[Na+].[Na+].[Na+],0,0.023746951808075466,0.7019230769230769,>=0.70
random,13,48,Cc1c2oc3c(C)ccc(C(=O)NC4C(=O)NC(C(C)C)C(=O)N5CCCC5C(=O)N(C)CC(=O)N(C)C(C(C)C)C(=O)OC4C)c3nc-2c(C(=O)NC2C(=O)NC(C(C)C)C(=O)N3CCCC3C(=O)N(C)CC(=O)N(C)C(C(C)C)C(=O)OC2C)c(N)c1=O,1,0.9268771033663588,0.23308270676691728,<0.30
random,13,9,CS(=O)(=O)Nc1ccc([N+](=O)[O-])cc1Oc1ccccc1,1,0.7997651829817717,0.23214285714285715,<0.30
random,13,3,CC(C(=O)O)c1cccc(Oc2ccccc2)c1,1,0.6714714395337357,0.4,0.30-0.50
random,13,164,CC(NN)c1ccccc1,1,0.7476129582119955,0.41935483870967744,0.30-0.50
random,13,297,CC(N)C12CC3CC(CC(C3)C1)C2,0,0.10413750842726446,0.24,<0.30
random,13,450,CC1/C=C/C=C/CC/C=C/C=C/C=C/C=C/C(OC2O[C@H](C)[C@@H](O)[C@H](N)[C@@H]2O)CC(O)C(C(=O)O)C(O)CC(=O)CC(O)C(O)CCC(O)CC(O)CC(O)CC(=O)OC(C)C(C)C1O,0,0.9716474304889398,0.18947368421052632,<0.30
random,13,337,NCCc1ccc(O)c(O)c1,0,0.231940493048483,0.56,0.50-0.70
random,13,117,Cc1ccnc2c1NC(=O)c1cccnc1N2C1CC1,1,0.7392915071472393,0.23214285714285715,<0.30
random,13,52,Cn1cnc([N+](=O)[O-])c1Sc1ncnc2nc[nH]c12,1,0.8391258698666882,0.25925925925925924,<0.30
random,13,296,C=C1C(=CC=C2CCC[C@]3(C)[C@@H]([C@H](C)CCCC(C)(C)O)CC[C@@H]23)C[C@@H](O)C[C@@H]1O,0,0.07312764998197845,0.4931506849315068,0.30-0.50
random,13,224,CN(C)CCC(c1ccc(Br)cc1)c1ccccn1,0,0.05334160172436905,1.0,>=0.70
random,13,420,CC1=C(CCC(=O)O)c2cc3nc(cc4[nH]c(cc5[nH]c(cc1n2)c(C)c5C(C)O)c(C)c4C(C)OC(C)c1c(C)c2cc4nc(cc5nc(cc6[nH]c(cc1[nH]2)c(C)c6C(C)O)C(C)=C5CCC(=O)O)C(CCC(=O)O)=C4C)C(C)=C3CCC(=O)O,0,0.15467484471146775,0.22033898305084745,<0.30
random,13,218,CC[C@@H](CO)NC(=O)[C@@H]1C=C2c3cccc4[nH]cc(c34)C[C@H]2N(C)C1,0,0.018818011758279095,0.7230769230769231,>=0.70
random,13,177,CN1CCC(Nc2ncc3ncnc(Nc4ccc(F)c(Cl)c4)c3n2)CC1,1,0.9748788000403897,0.4074074074074074,0.30-0.50
random,13,91,CC12CCC3c4ccc(OC(=O)N(CCCl)CCCl)cc4CCC3C1CCC2O,1,0.7806654944869915,0.36231884057971014,0.30-0.50
random,13,319,Clc1ccc2c(c1)C(c1ccccc1)=NCc1nncn1-2,0,0.6882647581430723,0.3709677419354839,0.30-0.50
random,13,200,O=[N+]([O-])O[C@H]1CO[C@H]2[C@@H]1OC[C@H]2O[N+](=O)[O-],0,0.24040886341913253,0.13513513513513514,<0.30
random,13,301,O=P(O)(O)C(Sc1ccc(Cl)cc1)P(=O)(O)O,0,0.8345510673295892,0.2391304347826087,<0.30
random,13,41,COc1ccc2c(c1)c(CC(=O)O)c(C)n2C(=O)c1ccc(Cl)cc1,1,0.9583778348531318,0.5172413793103449,0.50-0.70
random,13,14,CCC1(c2ccccc2)C(=O)NC(=O)NC1=O.CCCCOCC(CN1C(=O)N(CC(COCCCC)OC(N)=O)C(=O)C(CC)(c2ccccc2)C1=O)OC(N)=O.CCCCOCC(CN1C(=O)NC(=O)C(CC)(c2ccccc2)C1=O)OC(N)=O,1,0.8559510836222105,0.23376623376623376,<0.30
random,13,148,COc1ccc2c(C(=S)N(C)CC(=O)O)cccc2c1C(F)(F)F,1,0.7256067978410611,0.2222222222222222,<0.30
random,13,429,NCC[C@H](O)C(=O)N[C@@H]1C[C@H](N)[C@@H](O[C@H]2O[C@H](CN)[C@@H](O)[C@H](O)[C@H]2O)[C@H](O)[C@H]1O[C@H]1O[C@H](CO)[C@@H](O)[C@H](N)[C@H]1O,0,0.029662275639571623,0.6551724137931034,0.50-0.70
random,13,307,C=CCN1C[C@H](C(=O)N(CCCN(C)C)C(=O)NCC)C[C@@H]2c3cccc4[nH]cc(c34)C[C@H]21,0,0.03845149017990947,0.32456140350877194,0.30-0.50
random,13,190,C[C@H]1O[C@@H](O[C@H]2[C@@H](O)C[C@H](O[C@H]3[C@@H](O)C[C@H](O[C@H]4CC[C@@]5(C)[C@H](CC[C@@H]6[C@@H]5C[C@@H](O)[C@]5(C)C(C7=CC(=O)OC7)CC[C@]65O)C4)O[C@@H]3C)O[C@@H]2C)C[C@H](O)[C@@H]1O,0,0.4759809308446968,0.22988505747126436,<0.30
random,13,331,CC(C)(N)CO.Cn1c(=O)c2[nH]c(Br)nc2n(C)c1=O,0,0.1581617264558735,0.3877551020408163,0.30-0.50
random,13,195,NCCCCCC(=O)O,0,0.11081561543943665,0.4838709677419355,0.30-0.50
random,13,153,NC(=O)C1CCN(CCCN2c3ccccc3Sc3ccc(Cl)cc32)CC1,1,0.9298119106257765,0.3384615384615385,0.30-0.50
random,13,181,Cc1ccc(-n2[nH]c(C)c(N/N=C3\C=CC=C(c4cccc(C(=O)O)c4)C3=O)c2=O)cc1C.NCCO.NCCO,1,0.7674801333597758,0.2,<0.30
random,13,411,COc1ccc(CC2c3cc(OC)c(OC)cc3CC[N+]2(C)CCC(=O)OCCCCCOC(=O)CC[N+]2(C)CCc3cc(OC)c(OC)cc3C2Cc2ccc(OC)c(OC)c2)cc1OC,0,0.08870915688553845,0.8095238095238095,>=0.70
random,13,323,O=[N+]([O-])OCC(CO[N+](=O)[O-])O[N+](=O)[O-],0,0.4271744064731187,0.1702127659574468,<0.30
random,13,430,CNC[C@H](O)[C@@H](O)[C@H](O)[C@H](O)CO.CNC[C@H](O)[C@@H](O)[C@H](O)[C@H](O)CO.O=C([O-])CN(CCN(CC(=O)[O-])CC(=O)O)CCN(CC(=O)O)C(COCc1ccccc1)C(=O)[O-].[Gd+3],0,0.1727295961791387,0.2765957446808511,<0.30
random,13,55,CCCSc1ccc2nc(NC(=O)OC)[nH]c2c1,1,0.6564575936846356,0.19402985074626866,<0.30
random,13,242,O=C(CCCCCCC(=O)Nc1ccccc1)NO,0,0.8419329186227905,0.38095238095238093,0.30-0.50
random,13,255,OCC(S)CS,0,0.14088394595359757,0.2631578947368421,<0.30
random,13,233,CN1CC[C@]23c4c5ccc(O)c4O[C@H]2[C@@H](O)C=C[C@H]3[C@H]1C5,0,0.03758044930388165,0.7592592592592593,>=0.70
random,13,32,O=c1ncnc2[nH][nH]cc1-2,1,0.6451036432863884,0.16666666666666666,<0.30
random,13,62,O=C(O)c1cc(-c2ccc(F)cc2F)ccc1O,1,0.8732021003042802,0.325,0.30-0.50
random,13,447,Nc1nc(=O)c2c([nH]1)NCC(CNc1ccc(C(=O)NC(CCC(=O)O)C(=O)O)cc1)N2C=O,0,0.06794532198782968,1.0,>=0.70
random,13,34,CC(CCc1ccccc1)NCC(O)c1ccc(O)c(C(N)=O)c1,1,0.022517282082644547,0.43137254901960786,0.30-0.50
random,13,272,O=C([O-])CCCO.[Na+],0,0.1734974653763892,0.3333333333333333,0.30-0.50
random,13,419,C=CC[N+]1([C@H]2C[C@H]3[C@@H]4CC[C@H]5C[C@H](O)[C@@H](N6CCOCC6)C[C@]5(C)[C@H]4CC[C@]3(C)[C@H]2OC(C)=O)CCCC1,0,0.009467134982432561,0.573170731707317,0.50-0.70
random,13,391,CCCC(=O)OCOC(=O)C1=C(C)NC(C)=C(C(=O)OC)C1c1cccc(Cl)c1Cl,0,0.93425238250615,0.22388059701492538,<0.30
random,13,322,C[N+]1(C)C2CC(OC(=O)C(CO)c3ccccc3)CC1C1OC12,0,0.0193430234569511,0.6938775510204082,0.50-0.70
random,13,128,Nc1c(CC(=O)O)cccc1C(=O)c1ccc(Br)cc1,1,0.9643963313277297,0.32653061224489793,0.30-0.50
random,13,89,C[C@H]1O[C@H](O[C@H]2[C@H](O)[C@@H](O)[C@@H](O[C@H]3[C@H](O)[C@@H](O)[C@H](O)O[C@@H]3CO)O[C@@H]2CO)[C@H](O)[C@@H](O)[C@@H]1N[C@H]1C=C(CO)[C@H](O)[C@H](O)[C@H]1O,1,0.5570194259725245,0.3333333333333333,0.30-0.50
random,13,185,CCN(CC)CC#CCOC(=O)C(O)(c1ccccc1)C1CCCCC1,0,0.059292938847190536,0.46551724137931033,0.30-0.50
random,13,397,CC[C@H](C)[C@@H]1NC(=O)[C@H](Cc2ccccc2)NC(=O)[C@H](CCC(=O)O)NC(=O)[C@H](CCC(=O)O)NC(=O)[C@@H]2CSSC[C@@H]3NC(=O)[C@H](CCC(=O)O)NC(=O)[C@H](CCC(=O)O)NC(=O)[C@H](CC(C)C)NC(=O)[C@H](CO)NC(=O)[C@H](CCC(=O)O)NC(=O)[C@H](Cc4ccccc4)NC(=O)[C@H](CCCNC(=N)N)NC(=O)[C@H](CC(N)=O)NC(=O)[C@H](CCC(N)=O)NC(=O)[C@H](CC(N)=O)NC(=O)CNC(=O)[C@H](CCC(=O)O)NC(=O)[C@H](CSSC[C@H](NC(=O)[C@@H]4CCCN4C(=O)CNC(=O)[C@H](CC(=O)O)NC(=O)[C@H](CC(=O)O)NC(=O)[C@H](C)NC(=O)[C@H](CCCCN)NC(=O)[C@H](Cc4ccccc4)NC(=O)[C@H](C)NC(=O)[C@@H](NC(=O)[C@H](Cc4ccccc4)NC(=O)[C@H](CO)NC(=O)[C@H](Cc4cnc[nH]4)NC(=O)[C@H](CCSC)NC(=O)[C@H](C)NC(=O)[C@@H](N)CCC(=O)O)CSSC[C@@H](C(=O)N[C@H](C(=O)N[C@@H](CCCNC(=N)N)C(=O)N[C@@H](CC(=O)O)C(=O)O)[C@H](C)O)NC(=O)[C@H](CCSC)NC(=O)[C@H](CCCCN)NC(=O)[C@H](CCCCN)NC3=O)C(=O)N[C@@H](CCCNC(=N)N)C(=O)N[C@@H](C)C(=O)N[C@@H](C)C(=O)N[C@@H](Cc3cnc[nH]3)C(=O)N3CCC[C@H]3C(=O)N[C@@H](CCCNC(=N)N)C(=O)N[C@@H](Cc3c[nH]c4ccccc34)C(=O)N[C@@H](Cc3ccccc3)C(=O)N[C@@H](Cc3ccccc3)C(=O)N[C@@H](CC(N)=O)C(=O)N[C@@H]([C@@H](C)CC)C(=O)N[C@@H](Cc3ccccc3)C(=O)N[C@@H]([C@H](C)O)C(=O)N[C@@H](CCCNC(=N)N)C(=O)N[C@@H](CCC(N)=O)C(=O)N2)NC(=O)CNC(=O)CNC(=O)[C@H](Cc2ccc(O)cc2)NC1=O,0,4.1911381333972746e-05,0.49416342412451364,0.30-0.50
random,13,23,CC(C)c1nc(CN(C)C(=O)N[C@H](C(=O)N[C@@H](Cc2ccccc2)C[C@H](O)[C@H](Cc2ccccc2)NC(=O)OCc2cncs2)C(C)C)cs1,1,0.3628715317447671,0.26,<0.30
random,13,28,C[C@]12CC[C@H]3[C@@H](CCC4=CC(=O)CC[C@@]43C)[C@@H]1CC[C@@H]2O,1,0.596952901106787,0.56,0.50-0.70
random,13,363,Oc1ccc2c3c1OC1[C@@H](O)CC[C@@]4(O)[C@@H](C2)N(CC2CCC2)CC[C@]314,0,0.04513803015691068,0.4861111111111111,0.30-0.50
random,13,258,CC(O)(P(=O)(O)O)P(=O)(O)O,0,0.19570064451262725,0.28125,<0.30
random,13,364,CCC(=O)N(c1ccccc1)C1(COC)CCN(CCc2cccs2)CC1,0,0.04834591647893111,0.6153846153846154,0.50-0.70
random,13,395,C/C=C1\NC(=O)[C@H]2CSSCC/C=C/[C@H](CC(=O)N[C@H](C(C)C)C(=O)N2)OC(=O)[C@H](C(C)C)NC1=O,0,0.9754943672783556,0.16666666666666666,<0.30
random,13,350,CNCCCC1c2ccccc2C=Cc2ccccc21,0,0.8758010282543238,0.29545454545454547,<0.30
random,13,310,C[C@@H](NCCCc1cccc(C(F)(F)F)c1)c1cccc2ccccc12,0,0.4422054032096352,0.24,<0.30
random,14,51,Clc1ccccc1CN1CCc2sccc2C1,1,0.567406922180191,0.23214285714285715,<0.30
random,14,166,CN(C)Cc1ccc(CSCCN/C(=C\[N+](=O)[O-])NCc2ccc3c(c2)OCO3)o1,1,0.6704823440195922,0.25,<0.30
random,14,146,Cc1ccc(Nc2c(F)cccc2Cl)c(CC(=O)O)c1,1,0.9794558641870901,0.5652173913043478,0.50-0.70
random,14,241,NC(=O)C(c1ccccc1)(c1ccccc1)[C@@H]1CCN(CCc2ccc3c(c2)CCO3)C1,0,0.1321072150124893,0.3333333333333333,0.30-0.50
random,14,441,C#CC1(OC(C)=O)CCC2C3CCC4=CC(=O)CCC4C3CCC21C,0,0.8316160973237613,0.5396825396825397,0.50-0.70
random,14,368,CC(C)(CO)C(O)C(=O)NCCCO,0,0.03651609918757087,0.22857142857142856,<0.30
random,14,74,CCN(CC)C(=S)SSC(=S)N(CC)CC,1,0.09540009728021222,0.18604651162790697,<0.30
random,14,259,C#CCN(C)[C@H](C)Cc1ccccc1,0,0.3709007152809332,0.2619047619047619,<0.30
random,14,391,CCCC(=O)OCOC(=O)C1=C(C)NC(C)=C(C(=O)OC)C1c1cccc(Cl)c1Cl,0,0.9851834084567554,0.22388059701492538,<0.30
random,14,119,CCN(CC)CCNC(=O)c1c(C)[nH]c(/C=C2\C(=O)Nc3ccc(F)cc32)c1C,1,0.783038434256097,0.24691358024691357,<0.30
random,14,229,Cc1cccc(CN2CCN(C(c3ccccc3)c3ccc(Cl)cc3)CC2)c1,0,0.4294760680673312,0.5,0.50-0.70
random,14,54,Nc1nc(NC2CC2)c2ncn(C3C=C[C@H](CO)C3)c2n1,1,0.4408350673522882,0.24285714285714285,<0.30
random,14,249,Cc1ccc(N(CC2=NCCN2)c2cccc(O)c2)cc1,0,0.06745140832057094,0.2631578947368421,<0.30
random,14,71,COc1cc2ncnc(Nc3ccc(F)c(Cl)c3)c2cc1OCCCN1CCOCC1,1,0.9256494832497196,0.40789473684210525,0.30-0.50
random,14,312,CCC(=O)NCC[C@@H]1CCc2ccc3c(c21)CCO3,0,0.8008597431656049,0.20270270270270271,<0.30
random,14,86,Cc1ccccc1C(=O)Nc1ccc(C(=O)N2CCCC(O)c3cc(Cl)ccc32)c(C)c1,1,0.9139582499879398,0.313953488372093,0.30-0.50
random,14,317,CCC(C)CCCCC(=O)NC(CCNCS(=O)(=O)[O-])C(=O)NC(C(=O)NC(CCNCS(=O)(=O)[O-])C(=O)NC1CCNC(=O)C(C(C)O)NC(=O)C(CCNCS(=O)(=O)[O-])NC(=O)C(CCNCS(=O)(=O)[O-])NC(=O)C(CC(C)C)NC(=O)C(CC(C)C)NC(=O)C(CCNCS(=O)(=O)[O-])NC1=O)C(C)O.[Na+].[Na+].[Na+].[Na+].[Na+],0,0.0060246475075291855,0.7019230769230769,>=0.70
random,14,416,Oc1ccc(C2CNCCc3c2cc(O)c(O)c3Cl)cc1,0,0.304205084747502,0.19148936170212766,<0.30
random,14,28,C[C@]12CC[C@H]3[C@@H](CCC4=CC(=O)CC[C@@]43C)[C@@H]1CC[C@@H]2O,1,0.6091186643925544,0.56,0.50-0.70
random,14,389,C[N+]1(CC2CC2)CC[C@]23c4c5ccc(O)c4O[C@H]2C(=O)CC[C@@]3(O)[C@H]1C5.[Br-],0,0.05560493729087831,0.5757575757575758,0.50-0.70
random,14,357,Nc1nc(F)nc2c1ncn2[C@@H]1O[C@H](COP(=O)(O)O)[C@@H](O)[C@@H]1O,0,0.938224481516743,0.3384615384615385,0.30-0.50
random,14,128,Nc1c(CC(=O)O)cccc1C(=O)c1ccc(Br)cc1,1,0.9456799656284526,0.32653061224489793,0.30-0.50
random,14,331,CC(C)(N)CO.Cn1c(=O)c2[nH]c(Br)nc2n(C)c1=O,0,0.10180800536729295,0.3877551020408163,0.30-0.50
random,14,288,C[N+]1(C)CCCC(OC(=O)C(O)(c2ccccc2)c2ccccc2)C1,0,0.022644923778630432,0.6382978723404256,0.50-0.70
random,14,447,Nc1nc(=O)c2c([nH]1)NCC(CNc1ccc(C(=O)NC(CCC(=O)O)C(=O)O)cc1)N2C=O,0,0.08547579958224673,0.625,0.50-0.70
random,14,94,C=C1C[C@@H]2[C@H](CC[C@]3(C)C(=O)CC[C@@H]23)[C@@]2(C)C=CC(=O)C=C12,1,0.40231139315671977,0.23076923076923078,<0.30
random,14,24,COc1ccc([C@@H]2Sc3ccccc3N(CCN(C)C)C(=O)[C@@H]2OC(C)=O)cc1,1,0.7791711198997533,0.23943661971830985,<0.30
random,14,209,C[C@]12CCC(=O)C=C1CC[C@H]1[C@@H]3CC[C@](O)(C(=O)CO)[C@@]3(C)C[C@H](O)[C@@]12F,0,0.25473852278999337,0.578125,0.50-0.70
random,14,450,CC1/C=C/C=C/CC/C=C/C=C/C=C/C=C/C(OC2O[C@H](C)[C@@H](O)[C@H](N)[C@@H]2O)CC(O)C(C(=O)O)C(O)CC(=O)CC(O)C(O)CCC(O)CC(O)CC(O)CC(=O)OC(C)C(C)C1O,0,0.8926942041310707,0.19327731092436976,<0.30
random,14,170,Cc1cc2c(cc1CC(=O)c1sccc1S(=O)(=O)Nc1onc(C)c1Cl)OCO2,1,0.9425464101140569,0.21176470588235294,<0.30
random,14,145,CCOC(Nc1ccc(C(=O)O)cc1)C(=O)c1ccc(-c2ccccc2)cc1,1,0.8117514772445281,0.26666666666666666,<0.30
random,14,216,[Cl-].[NH4+],0,0.23196517133502223,0.08333333333333333,<0.30
random,14,197,Nc1nc(=O)c2c([nH]1)NCC(CNc1ccc(C(=O)N[C@H](CCC(=O)O)C(=O)O)cc1)N2C=O,0,0.08547579958224673,0.625,0.50-0.70
random,14,371,CC[C@H](C)[C@H](NC(=O)[C@@H](NC(=O)[C@H](CCC(=O)O)NC(=O)[C@H](CC(C)C)NC(=O)[C@H](CCSC)NC(=O)[C@H](CCCCN)NC(=O)[C@H](CCCNC(=N)N)NC(=O)[C@H](CC(N)=O)NC(=O)[C@H](CO)NC(=O)[C@H](Cc1cnc[nH]1)NC(=O)[C@H](C)NC(=O)[C@H](CCC(N)=O)NC(=O)[C@H](CCC(N)=O)NC(=O)[C@H](C)NC(=O)[C@H](CC(C)C)NC(=O)[C@H](CCC(N)=O)NC(=O)[C@H](CCC(=O)O)NC(=O)[C@H](C)NC(=O)[C@H](CCCNC(=N)N)NC(=O)[C@H](C)NC(=O)[C@H](CCSC)NC(=O)[C@H](CCC(=O)O)NC(=O)[C@H](CC(C)C)NC(=O)[C@@H](NC(=O)[C@H](CCC(=O)O)NC(=O)[C@H](CCCNC(=N)N)NC(=O)[C@H](CC(C)C)NC(=O)[C@H](CC(C)C)NC(=O)[C@H](Cc1cnc[nH]1)NC(=O)[C@H](Cc1ccccc1)NC(=O)[C@@H](NC(=O)[C@H](CC(C)C)NC(=O)[C@H](CC(=O)O)NC(=O)[C@H](CC(C)C)NC(=O)[C@H](CO)NC(=O)[C@@H](NC(=O)[C@@H]1CCCN1C(=O)[C@@H]1CCCN1C(=O)[C@H](CCC(=O)O)NC(=O)[C@H](CCC(=O)O)NC(=O)[C@@H](N)CO)[C@@H](C)CC)[C@@H](C)O)C(C)C)[C@@H](C)CC)C(=O)O,0,0.0004796942526498896,0.9568345323741008,>=0.70
random,14,18,CC[C@H]1OC(=O)[C@H](C)[C@@H](O[C@H]2C[C@@](C)(OC)[C@@H](O)[C@H](C)O2)[C@H](C)[C@@H](O[C@@H]2O[C@H](C)C[C@H](N(C)C)[C@H]2O)[C@](C)(O)C[C@@H](C)C(=O)[C@H](C)[C@@H](O)[C@]1(C)O,1,0.8729262934832802,0.922077922077922,>=0.70
random,14,149,CC(=O)Oc1cc(C(C)C)c(OCCN(C)C)cc1C,1,0.8496212705580808,0.2962962962962963,<0.30
random,14,88,Cc1nc(-c2ccc(OCC(C)C)c(C#N)c2)sc1C(=O)O,1,0.9566572157425964,0.23076923076923078,<0.30
random,14,221,CCC[C@H]1O[C@@H]2C[C@H]3[C@@H]4CCC5=CC(=O)C=C[C@]5(C)[C@H]4[C@@H](O)C[C@]3(C)[C@]2(C(=O)CO)O1,0,0.7561988907603199,0.3950617283950617,0.30-0.50
random,14,15,NC(N)=Nc1nc(CSCCN=CNS(=O)(=O)c2ccc(Br)cc2)cs1,1,0.8323637571764136,0.21505376344086022,<0.30
random,14,252,O=C(NC(CO)C(O)c1ccc([N+](=O)[O-])cc1)C(Cl)Cl,0,0.25811525338485586,0.24074074074074073,<0.30
random,14,415,CNC[C@H](O)[C@@H](O)[C@H](O)[C@H](O)CO.CNC[C@H](O)[C@@H](O)[C@H](O)[C@H](O)CO.O=C([O-])CN(CCN(CC(=O)[O-])CC(=O)O)CCN(CC(=O)[O-])CC(=O)O.[Gd+3],0,0.008511974547393397,0.6229508196721312,0.50-0.70
random,14,265,CC(Cc1ccccc1)N(C)Cc1ccccc1,0,0.37160452511369946,0.2894736842105263,<0.30
random,14,17,CCCCCOc1ccc(-c2cc(-c3ccc(C(=O)NC4CC(O)C(O)NC(=O)C5C(O)C(C)CN5C(=O)C(C(O)CC(N)=O)NC(=O)C(C(O)C(O)c5ccc(O)c(OS(=O)(=O)O)c5)NC(=O)C5CC(O)CN5C(=O)C(C(C)O)NC4=O)cc3)no2)cc1,1,0.9584074422664598,0.20454545454545456,<0.30
random,14,29,S=c1nc[nH]c2nc[nH]c12,1,0.7705822164322141,0.3142857142857143,0.30-0.50
random,14,398,NCCc1cnc[nH]1.O=P(O)(O)O.O=P(O)(O)O,0,0.13812145716773885,0.2537313432835821,<0.30
random,14,285,CC(C)[N+](C)(CCOC(=O)C1c2ccccc2Oc2ccccc21)C(C)C,0,0.4907587684923878,0.28888888888888886,<0.30
random,14,211,NC[C@H]1O[C@H](O[C@H]2[C@H](O)[C@@H](O[C@H]3O[C@H](CO)[C@@H](O)[C@H](N)[C@H]3O)[C@H](N)C[C@@H]2N)[C@H](O)[C@@H](O)[C@@H]1O,0,0.030013721178590535,0.6551724137931034,0.50-0.70
random,14,61,Cn1cc[nH]c1=S,1,0.7628870369790484,0.1891891891891892,<0.30
random,14,322,C[N+]1(C)C2CC(OC(=O)C(CO)c3ccccc3)CC1C1OC12,0,0.0259660224003482,0.6938775510204082,0.50-0.70
random,14,402,CC(=O)Nc1c(I)c(NC(C)=O)c(I)c(C(=O)O)c1I,0,0.26677446228121326,0.7333333333333333,>=0.70
random,14,343,CCN(CC)CC(=O)Nc1c(C)cccc1C,0,0.7429366129273784,0.3617021276595745,0.30-0.50
random,14,426,COCCNC(=O)CN(CCN(CCN(CC(=O)[O-])CC(=O)NCCOC)CC(=O)[O-])CC(=O)[O-].[Gd+3],0,0.009141391944064417,0.3055555555555556,0.30-0.50
random,14,255,OCC(S)CS,0,0.11462028136292349,0.2631578947368421,<0.30
random,14,201,CCOC(=O)C1(c2ccccc2)CCN(CCC(C#N)(c2ccccc2)c2ccccc2)CC1,0,0.0016163289358291102,0.6078431372549019,0.50-0.70
random,14,291,CCN(CC)C(C)C(=O)c1ccccc1,0,0.6351841148484392,0.3333333333333333,0.30-0.50
random,14,304,CC(C)(C)NCC(O)c1ccc(O)c(CO)c1,0,0.053572403994827704,0.475,0.30-0.50
random,14,26,CO[C@H]1/C=C/O[C@@]2(C)Oc3c(C)c(O)c4c(c3C2=O)C(=O)/C(=C/NN2CCN(C)CC2)C(=C4O)NC(=O)/C(C)=C\C=C\[C@H](C)[C@H](O)[C@@H](C)[C@@H](O)[C@@H](C)[C@H](OC(C)=O)[C@@H]1C,1,0.4678640171871576,0.17647058823529413,<0.30
random,14,308,CC(=O)Oc1ccccc1C(=O)Nc1ncc([N+](=O)[O-])s1,0,0.9509632279876923,0.26229508196721313,<0.30
random,14,121,CCC[C@@]1(CCc2ccccc2)CC(=O)C([C@H](CC)c2cccc(NS(=O)(=O)c3ccc(C(F)(F)F)cn3)c2)=C(O)O1,1,0.4384984658049211,0.2087912087912088,<0.30
random,14,40,O=C(O)C1=C/C(=N/Nc2ccc(S(=O)(=O)Nc3ccccn3)cc2)C=CC1=O,1,0.8524775021548386,0.24615384615384617,<0.30
random,14,440,CN1CCc2cccc3c2[C@H]1Cc1ccc(O)c(O)c1-3,0,0.08482016135638933,0.27941176470588236,<0.30
random,14,64,N[C@@H]1CCCC[C@H]1N.O=C([O-])C(=O)[O-].[Pt+2],1,0.10129857930059465,0.26666666666666666,<0.30
random,14,340,Nc1ncnc2c1ncn2[C@@H]1O[C@H](CO)[C@@H](O)[C@H]1O,0,0.8974005497154796,0.46153846153846156,0.30-0.50
random,14,307,C=CCN1C[C@H](C(=O)N(CCCN(C)C)C(=O)NCC)C[C@@H]2c3cccc4[nH]cc(c34)C[C@H]21,0,0.021022507568282847,0.32456140350877194,0.30-0.50
random,14,184,CC(COc1ccccc1)N(CCCl)Cc1ccccc1,0,0.44125113077279615,0.40476190476190477,0.30-0.50
random,14,375,[13CH3]C(O)C(=O)[O-].[Na+],0,0.18383440299761114,0.4,0.30-0.50
random,14,57,C[C@](O)(CS(=O)(=O)c1ccc(F)cc1)C(=O)Nc1ccc(C#N)c(C(F)(F)F)c1,1,0.9124482090469527,0.3384615384615385,0.30-0.50
random,14,245,NS(=O)(=O)c1cc(Cl)c(Cl)c(S(N)(=O)=O)c1,0,0.7603694615541535,0.15942028985507245,<0.30
random,14,76,CN(CC=CC#CC(C)(C)C)Cc1cccc2ccccc12,1,0.42313655151394697,0.20588235294117646,<0.30
random,14,268,CC(C)=CCN1CC[C@@]2(C)c3cc(O)ccc3C[C@@H]1[C@@H]2C,0,0.008229772948174143,0.3770491803278688,0.30-0.50
random,14,68,CCCN(CCOc1c(Cl)cc(Cl)cc1Cl)C(=O)n1ccnc1.O=S(=O)([O-])C(I)I.[Na+],1,0.926512233273843,0.2345679012345679,<0.30
random,14,143,NC(=O)NS(=O)(=O)c1ccc(N)cc1,1,0.9349706906318402,0.4473684210526316,0.30-0.50
random,14,392,CNC(=O)c1cnn(-c2nc(N)c3ncn([C@@H]4O[C@H](CO)[C@@H](O)[C@H]4O)c3n2)c1,0,0.9407448570525916,0.37142857142857144,0.30-0.50
random,14,63,CC1=C(/C=C/C(C)=C/C=C/C(C)=C\C(=O)O)C(C)(C)CCC1,1,0.632349585046208,0.42857142857142855,0.30-0.50
random,14,225,COc1cc(NC(C)CCCN)c2ncccc2c1,0,0.7946212041736096,0.25925925925925924,<0.30
random,14,251,C[C@H](N)Cc1ccccc1,0,0.542330437571011,0.3870967741935484,0.30-0.50
random,14,144,CC(=O)Oc1ccc(C2(c3ccc(OC(C)=O)cc3)C(=O)N(C(C)=O)c3ccccc32)cc1,1,0.8544422869328289,0.5531914893617021,0.50-0.70
random,14,101,CCCCc1oc2ccccc2c1C(=O)c1cc(I)c(OCCN(CC)CC)c(I)c1,1,0.9672756882183542,0.44155844155844154,0.30-0.50
random,14,23,CC(C)c1nc(CN(C)C(=O)N[C@H](C(=O)N[C@@H](Cc2ccccc2)C[C@H](O)[C@H](Cc2ccccc2)NC(=O)OCc2cncs2)C(C)C)cs1,1,0.6864702276049502,0.26,<0.30
random,14,193,CN(C)C(=O)Oc1ccc[n+](C)c1,0,0.6138643000761997,0.23404255319148937,<0.30
random,14,56,CC[C@H]1OC(=O)[C@H](C)C(=O)[C@H](C)[C@@H](O[C@@H]2O[C@H](C)C[C@H](N(C)C)[C@H]2O)[C@@](C)(OC)C[C@@H](C)C(=O)[C@H](C)[C@H]2N(CCCCn3cnc(-c4cccnc4)c3)C(=O)O[C@]12C,1,0.9838493155751546,0.4396551724137931,0.30-0.50
random,14,227,CN[C@@H](C)Cc1ccccc1,0,0.5438210057520676,0.3870967741935484,0.30-0.50
random,14,418,CC(O)CN1CCN(CC(=O)[O-])CCN(CC(=O)[O-])CCN(CC(=O)[O-])CC1.[Gd+3],0,0.008146343198851227,0.29310344827586204,<0.30
random,14,46,CS(=O)(=O)OCCCCOS(C)(=O)=O,1,0.0367416624397386,0.18181818181818182,<0.30
random,14,433,O=C(CNC(=O)c1ccccc1)CC(Cc1ccccc1)C(=O)O,0,0.4576877035186613,0.37209302325581395,0.30-0.50
random,14,185,CCN(CC)CC#CCOC(=O)C(O)(c1ccccc1)C1CCCCC1,0,0.051466185631955944,0.46551724137931033,0.30-0.50
random,14,214,OC[C@@H](O)[C@H](O)[C@@H](O)[C@@H](O)CO,0,0.0259629584932963,1.0,>=0.70
random,14,158,CCc1oc2ccccc2c1C(=O)c1cc(I)c(O)c(I)c1,1,0.9799325998011024,0.7441860465116279,>=0.70
random,14,263,CC#C[C@]1(O)CC[C@H]2[C@@H]3CCC4=CC(=O)CCC4=C3[C@@H](c3ccc(N(C)C)cc3)C[C@@]21C,0,0.4959915648336899,0.27710843373493976,<0.30
random,14,338,CNC(=O)Oc1ccc2c(c1)[C@]1(C)CCN(C)[C@@H]1N2C,0,0.14251572868807322,0.3230769230769231,0.30-0.50
random,14,139,CC(C)Cc1ccc(CC(=O)O)cc1,1,0.6891988748527547,0.32558139534883723,0.30-0.50
random,15,201,CCOC(=O)C1(c2ccccc2)CCN(CCC(C#N)(c2ccccc2)c2ccccc2)CC1,0,0.0018166664923818538,0.6078431372549019,0.50-0.70
random,15,380,CC[C@H](C)[C@H](NC(=O)[C@H](CC(=O)O)NC(=O)[C@H](CC(C)C)NC(=O)[C@H](CC(C)C)NC(=O)[C@H](CCCCN)NC(=O)[C@H](CCCNC(=N)N)NC(=O)[C@H](CC(N)=O)NC(=O)[C@H](CO)NC(=O)[C@H](Cc1cnc[nH]1)NC(=O)[C@H](C)NC(=O)[C@H](CCC(N)=O)NC(=O)[C@H](CCC(N)=O)NC(=O)[C@H](C)NC(=O)[C@H](CC(C)C)NC(=O)[C@H](CCC(N)=O)NC(=O)[C@H](CC(=O)O)NC(=O)[C@H](C)NC(=O)[C@H](CCCCN)NC(=O)[C@@H](NC(=O)[C@H](CCSC)NC(=O)[C@H](CCC(=O)O)NC(=O)[C@H](CC(C)C)NC(=O)[C@@H](NC(=O)[C@H](CCC(=O)O)NC(=O)[C@H](CCCNC(=N)N)NC(=O)[C@H](CC(C)C)NC(=O)[C@H](CC(C)C)NC(=O)[C@H](Cc1cnc[nH]1)NC(=O)[C@H](Cc1ccccc1)NC(=O)[C@@H](NC(=O)[C@H](CC(C)C)NC(=O)[C@H](CC(=O)O)NC(=O)[C@H](CC(C)C)NC(=O)[C@H](CO)NC(=O)[C@@H](NC(=O)[C@@H]1CCCN1C(=O)[C@@H]1CCCN1C(=O)[C@H](CCC(=O)O)NC(=O)[C@H](CCC(N)=O)NC(=O)[C@@H](N)CO)[C@@H](C)CC)[C@@H](C)O)C(C)C)[C@@H](C)O)C(=O)N[C@@H](C)C(N)=O,0,0.002179037060106137,0.9568345323741008,>=0.70
random,15,338,CNC(=O)Oc1ccc2c(c1)[C@]1(C)CCN(C)[C@@H]1N2C,0,0.17565223710047284,0.2727272727272727,<0.30
random,15,30,CC(=O)Nc1ccc(O)cc1,1,0.45659235689937755,0.3142857142857143,0.30-0.50
random,15,225,COc1cc(NC(C)CCCN)c2ncccc2c1,0,0.7820162361773872,0.24489795918367346,<0.30
random,15,75,CC1(C)NC(=O)N(c2ccc([N+](=O)[O-])c(C(F)(F)F)c2)C1=O,1,0.937726795096842,0.4,0.30-0.50
random,15,383,CCNC(=NCCCC[C@H](NC(=O)[C@H](CC(C)C)NC(=O)[C@@H](CCCCN=C(NCC)NCC)NC(=O)[C@H](Cc1ccc(O)cc1)NC(=O)[C@H](CO)NC(=O)[C@@H](Cc1cccnc1)NC(=O)[C@@H](Cc1ccc(Cl)cc1)NC(=O)[C@@H](Cc1ccc2ccccc2c1)NC(C)=O)C(=O)N1CCC[C@H]1C(=O)N[C@H](C)C(N)=O)NCC,0,0.26969580513601843,0.3783783783783784,0.30-0.50
random,15,240,CC(=CCC1=C(C)C(=O)c2ccccc2C1=O)CCCC(C)CCCC(C)CCCC(C)C,0,0.30731777263879345,0.23529411764705882,<0.30
random,15,375,[13CH3]C(O)C(=O)[O-].[Na+],0,0.25287282498903846,0.4,0.30-0.50
random,15,361,Cc1cccc(C)c1NC(=O)C1CCCCN1C,0,0.16407886729340107,0.3125,0.30-0.50
random,15,203,COc1ccc2c(c1)[C@]13CCCC[C@@H]1[C@H](C2)N(C)CC3,0,0.07967857974309143,0.7083333333333334,>=0.70
random,15,191,N[C@@H](Cc1cc(I)c(Oc2ccc(O)c(I)c2)c(I)c1)C(=O)O,0,0.37329772824310625,0.22448979591836735,<0.30
random,15,259,C#CCN(C)[C@H](C)Cc1ccccc1,0,0.1389657892779345,0.625,0.50-0.70
random,15,154,CC(COc1ccccc1)NN,1,0.5399924683776909,0.4878048780487805,0.30-0.50
random,15,286,CN(C)CCOC(c1ccc(Cl)cc1)c1ccccn1,0,0.09833876498169292,0.6222222222222222,0.50-0.70
random,15,141,O=C(COc1ccc(Cl)cc1)N1CCN(Cc2ccc3c(c2)OCO3)CC1,1,0.3875049377739278,0.29850746268656714,<0.30
random,15,98,CCc1nn(CCCN2CCN(c3cccc(Cl)c3)CC2)c(=O)n1CCOc1ccccc1,1,0.19483401449128274,0.2597402597402597,<0.30
random,15,341,CC(CCc1ccc(O)cc1)NCCc1ccc(O)c(O)c1,0,0.21319212312359237,0.41025641025641024,0.30-0.50
random,15,246,NCC1CCC(C(=O)O)CC1,0,0.16536469140671659,0.26666666666666666,<0.30
random,15,194,CC(=O)N[C@@H](CS)C(=O)O,0,0.17227702615596915,0.27586206896551724,<0.30
random,15,283,Cn1c(=O)c2c(ncn2CC(O)CO)n(C)c1=O,0,0.009772281553209266,0.525,0.50-0.70
random,15,158,CCc1oc2ccccc2c1C(=O)c1cc(I)c(O)c(I)c1,1,0.9740088930020017,0.7441860465116279,>=0.70
random,15,389,C[N+]1(CC2CC2)CC[C@]23c4c5ccc(O)c4O[C@H]2C(=O)CC[C@@]3(O)[C@H]1C5.[Br-],0,0.06518291829122522,0.5757575757575758,0.50-0.70
random,15,340,Nc1ncnc2c1ncn2[C@@H]1O[C@H](CO)[C@@H](O)[C@H]1O,0,0.46547595337628933,0.5076923076923077,0.50-0.70
random,15,317,CCC(C)CCCCC(=O)NC(CCNCS(=O)(=O)[O-])C(=O)NC(C(=O)NC(CCNCS(=O)(=O)[O-])C(=O)NC1CCNC(=O)C(C(C)O)NC(=O)C(CCNCS(=O)(=O)[O-])NC(=O)C(CCNCS(=O)(=O)[O-])NC(=O)C(CC(C)C)NC(=O)C(CC(C)C)NC(=O)C(CCNCS(=O)(=O)[O-])NC1=O)C(C)O.[Na+].[Na+].[Na+].[Na+].[Na+],0,0.03155386242144181,0.7019230769230769,>=0.70
random,15,164,CC(NN)c1ccccc1,1,0.5845836172595514,0.41379310344827586,0.30-0.50
random,15,228,CNC1(C)C2CCC(C2)C1(C)C,0,0.2411720983179749,0.16,<0.30
random,15,206,CN[C@@H](C)[C@@H](O)c1ccccc1,0,0.10816941041757931,1.0,>=0.70
random,15,173,O=c1[nH]c(=O)n([C@@H]2O[C@H](CO)[C@@H](O)[C@@H]2F)cc1I,1,0.6598061951939954,0.3888888888888889,0.30-0.50
random,15,179,CO/N=C(\N)c1ccc(-c2ccc(-c3ccc(/C(N)=N/OC)cc3)o2)cc1,1,0.810161927082027,0.2,<0.30
random,15,429,NCC[C@H](O)C(=O)N[C@@H]1C[C@H](N)[C@@H](O[C@H]2O[C@H](CN)[C@@H](O)[C@H](O)[C@H]2O)[C@H](O)[C@H]1O[C@H]1O[C@H](CO)[C@@H](O)[C@H](N)[C@H]1O,0,0.07367001179996814,0.6551724137931034,0.50-0.70
random,15,199,C=C1CC[C@H](O)C/C1=C/C=C1\CCC[C@]2(C)[C@@H]([C@H](C)/C=C/[C@H](C)C(C)C)CC[C@@H]12,0,0.24412405099742024,0.4931506849315068,0.30-0.50
random,15,45,C[C@](N)(Cc1ccc(O)c(O)c1)C(=O)O,1,0.25974490537810674,0.6666666666666666,0.50-0.70
random,15,107,C[C@]12CC(=CO)C(=O)C[C@@H]1CC[C@@H]1[C@@H]2CC[C@@]2(C)[C@H]1CC[C@]2(C)O,1,0.572693963618884,0.5882352941176471,0.50-0.70
random,15,302,Cc1ccc(O)c([C@@H](CCN(C(C)C)C(C)C)c2ccccc2)c1,0,0.13506259991053052,0.4262295081967213,0.30-0.50
random,15,445,c1cc(CN2CCCNCCNCCCNCC2)ccc1CN1CCCNCCNCCCNCC1,0,0.11422098666285141,0.24074074074074073,<0.30
random,15,289,Cc1ccc(/C(=C\CN2CCCC2)c2ccccn2)cc1,0,0.45685943180325794,0.25,<0.30
random,15,17,CCCCCOc1ccc(-c2cc(-c3ccc(C(=O)NC4CC(O)C(O)NC(=O)C5C(O)C(C)CN5C(=O)C(C(O)CC(N)=O)NC(=O)C(C(O)C(O)c5ccc(O)c(OS(=O)(=O)O)c5)NC(=O)C5CC(O)CN5C(=O)C(C(C)O)NC4=O)cc3)no2)cc1,1,0.9226292137018927,0.20454545454545456,<0.30
random,15,343,CCN(CC)CC(=O)Nc1c(C)cccc1C,0,0.611031141679807,0.3448275862068966,0.30-0.50
random,15,100,NNC(=O)c1ccncc1,1,0.9241382228999497,0.5161290322580645,0.50-0.70
random,15,339,CN[C@@H]1[C@H](O[C@H]2[C@H](O[C@H]3[C@H](O)[C@@H](O)[C@H](N=C(N)N)[C@@H](O)[C@@H]3N=C(N)N)O[C@@H](C)[C@]2(O)C=O)O[C@@H](CO)[C@H](O)[C@H]1O,0,0.3564864586835132,0.2916666666666667,<0.30
random,15,344,CCC(C)[C@H](N)C1=NCC(C(=O)N[C@@H](CC(C)C)C(=O)N[C@H](CCC(=O)O)C(=O)N[C@H](C(=O)N[C@H]2CCCCNC(=O)[C@H](CC(N)=O)NC(=O)[C@@H](CC(=O)O)NC(=O)[C@H](Cc3cnc[nH]3)NC(=O)[C@@H](Cc3ccccc3)NC(=O)[C@H](C(C)CC)NC(=O)[C@@H](CCCN)NC2=O)C(C)CC)S1,0,0.205125584413544,0.40397350993377484,0.30-0.50
random,15,153,NC(=O)C1CCN(CCCN2c3ccccc3Sc3ccc(Cl)cc32)CC1,1,0.9498462377541342,0.3548387096774194,0.30-0.50
random,15,234,CN(CCOc1ccc(NS(C)(=O)=O)cc1)CCc1ccc(NS(C)(=O)=O)cc1,0,0.8588556120973966,0.2857142857142857,<0.30
random,15,346,CC(=O)OCC[N+](C)(C)C,0,0.033889471029771,0.6521739130434783,0.50-0.70
random,15,169,Cc1nc([N+](=O)[O-])cn1-c1ccc([N+](=O)[O-])cc1,1,0.7816327291409868,0.24074074074074073,<0.30
random,15,372,CC1(C)C(=CC=CC=CC=CC2=[N+](CCCCS(=O)(=O)[O-])c3ccc4ccccc4c3C2(C)C)N(CCCCS(=O)(=O)[O-])c2ccc3ccccc3c21.[Na+],0,0.6151904765207014,0.16483516483516483,<0.30
random,15,31,O=C1NC(=O)C(c2ccccc2)(c2ccccc2)N1,1,0.605449373222804,0.3611111111111111,0.30-0.50
random,15,377,CSCC[C@H](NC(=O)[C@H](Cc1ccc(OS(=O)(=O)O)cc1)NC(=O)[C@@H](N)CC(=O)O)C(=O)NCC(=O)N[C@@H](Cc1c[nH]c2ccccc12)C(=O)N[C@@H](CCSC)C(=O)N[C@@H](CC(=O)O)C(=O)N[C@@H](Cc1ccccc1)C(N)=O,0,0.13282903186585016,0.6354166666666666,0.50-0.70
random,15,352,CN(C)CCc1c[nH]c2ccc(CS(=O)(=O)N3CCCC3)cc12,0,0.07184206781963871,0.5084745762711864,0.50-0.70
random,15,137,CN1Cc2c(N)cccc2C(c2ccccc2)C1,1,0.5457636289877366,0.2765957446808511,<0.30
random,15,162,CCCCCCCCNC(C)C(O)c1ccc(SC(C)C)cc1,1,0.17657650290364968,0.3181818181818182,0.30-0.50
random,15,207,CC(C)NCC(O)c1ccc(O)c(O)c1,0,0.15010048792274552,0.6875,0.50-0.70
random,15,280,CC(C[N+](C)(C)C)OC(N)=O,0,0.3163709710591807,0.3548387096774194,0.30-0.50
random,15,382,CC[C@H](C)[C@@H]1NC(=O)[C@H](CCCNC(=N)N)NC(=O)[C@H](CC(=O)O)NC(=O)[C@H](CCSC)NC(=O)[C@H](CCCCN)NC(=O)[C@H](CCCNC(=N)N)NC(=O)CNC(=O)[C@H](Cc2ccccc2)NC(=O)[C@@H](NC(=O)CNC(=O)[C@H](CO)NC(=O)CNC(=O)[C@H](CCC(N)=O)NC(=O)[C@@H](NC(=O)[C@H](CCSC)NC(=O)[C@H](CCCCN)NC(=O)[C@@H]2CCCN2C(=O)[C@@H](N)CO)C(C)C)CSSC[C@@H](C(=O)N[C@@H](CCCCN)C(=O)N[C@H](C(=O)N[C@@H](CC(C)C)C(=O)N[C@@H](CCCNC(=N)N)C(=O)N[C@@H](CCCNC(=N)N)C(=O)N[C@@H](CC2C=NC=N2)C(=O)O)C(C)C)NC(=O)CNC(=O)[C@H](CC(C)C)NC(=O)CNC(=O)[C@H](CO)NC(=O)[C@H](CO)NC(=O)[C@H](CO)NC(=O)[C@H](CO)NC1=O,0,0.0007289001299785431,0.49416342412451364,0.30-0.50
random,15,81,CCC(C)n1ncn(-c2ccc(N3CCN(c4ccc(OC[C@H]5CO[C@](Cn6cncn6)(c6ccc(Cl)cc6Cl)O5)cc4)CC3)cc2)c1=O,1,0.9295816112510562,0.5531914893617021,0.50-0.70
random,15,145,CCOC(Nc1ccc(C(=O)O)cc1)C(=O)c1ccc(-c2ccccc2)cc1,1,0.5720089258220115,0.3333333333333333,0.30-0.50
random,15,269,CO[Si](C)(C)O[Si](C)(C)C.O=[Si]=O,0,0.562666575473834,0.1282051282051282,<0.30
random,15,14,CCC1(c2ccccc2)C(=O)NC(=O)NC1=O.CCCCOCC(CN1C(=O)N(CC(COCCCC)OC(N)=O)C(=O)C(CC)(c2ccccc2)C1=O)OC(N)=O.CCCCOCC(CN1C(=O)NC(=O)C(CC)(c2ccccc2)C1=O)OC(N)=O,1,0.40696517215632416,0.3181818181818182,0.30-0.50
random,15,188,CN1CCC[C@@H]1CCO[C@](C)(c1ccccc1)c1ccc(Cl)cc1,0,0.0058427107260519695,0.3157894736842105,0.30-0.50
random,15,155,Cc1cc(Br)c(O)c2ncccc12,1,0.9358247668493944,0.28846153846153844,<0.30
random,15,288,C[N+]1(C)CCCC(OC(=O)C(O)(c2ccccc2)c2ccccc2)C1,0,0.03271074693409194,0.6382978723404256,0.50-0.70
random,15,298,CC(=O)[O-].CC(=O)[O-].[Ca+2],0,0.3461589860561742,0.4166666666666667,0.30-0.50
random,15,15,NC(N)=Nc1nc(CSCCN=CNS(=O)(=O)c2ccc(Br)cc2)cs1,1,0.9537572212265969,0.21875,<0.30
random,15,3,CC(C(=O)O)c1cccc(Oc2ccccc2)c1,1,0.6766671981411401,0.4,0.30-0.50
random,15,166,CN(C)Cc1ccc(CSCCN/C(=C\[N+](=O)[O-])NCc2ccc3c(c2)OCO3)o1,1,0.5206105396380559,0.1836734693877551,<0.30
random,15,263,CC#C[C@]1(O)CC[C@H]2[C@@H]3CCC4=CC(=O)CCC4=C3[C@@H](c3ccc(N(C)C)cc3)C[C@@]21C,0,0.30950449557039494,0.27710843373493976,<0.30
random,15,185,CCN(CC)CC#CCOC(=O)C(O)(c1ccccc1)C1CCCCC1,0,0.11425126734252082,0.46551724137931033,0.30-0.50
random,15,405,CC(=O)O[C@H]1C[C@@H]2CC[C@@H]3[C@H](CC[C@@]4(C)[C@H]3C[C@H]([N+]3(C)CCCCC3)[C@@H]4OC(C)=O)[C@@]2(C)C[C@@H]1[N+]1(C)CCCCC1.[Br-].[Br-],0,0.060840021378181695,0.7936507936507936,>=0.70
random,15,449,COc1cccc2c1C(=O)c1c(O)c3c(c(O)c1C2=O)C[C@@](O)(C(C)=O)C[C@@H]3O[C@H]1C[C@H](N)[C@H](O)[C@H](C)O1,0,0.7561545394854643,0.20353982300884957,<0.30
random,15,50,CCCCCCCCCCC[C@@H](C[C@@H]1OC(=O)[C@H]1CCCCCC)OC(=O)[C@H](CC(C)C)NC=O,1,0.2147318844977488,0.2235294117647059,<0.30
random,15,132,C[C@H](N)C(=O)N[C@@H](C)C(=O)NC1[C@H]2CN(c3nc4c(cc3F)c(=O)c(C(=O)O)cn4-c3ccc(F)cc3F)C[C@@H]12,1,0.9800014047369134,0.6901408450704225,0.50-0.70
random,15,423,CC[C@H](C)[C@H](NC(=O)[C@H](CCC(=O)O)NC(=O)[C@H](CCC(=O)O)NC(=O)[C@H](Cc1ccccc1)NC(=O)[C@H](CC(=O)O)NC(=O)CNC(=O)[C@H](CC(N)=O)NC(=O)CNC(=O)CNC(=O)CNC(=O)CNC(=O)[C@@H]1CCCN1C(=O)[C@H](CCCNC(=N)N)NC(=O)[C@@H]1CCCN1C(=O)[C@H](N)Cc1ccccc1)C(=O)N1CCC[C@H]1C(=O)N[C@@H](CCC(=O)O)C(=O)N[C@@H](CCC(=O)O)C(=O)N[C@@H](Cc1ccc(O)cc1)C(=O)N[C@@H](CC(C)C)C(=O)O,0,0.005000208168741768,0.5454545454545454,0.50-0.70
random,15,36,O=C1CN(/N=C\c2ccc([N+](=O)[O-])o2)C(=O)N1,1,0.8617666895045251,0.673469387755102,0.50-0.70
random,15,101,CCCCc1oc2ccccc2c1C(=O)c1cc(I)c(OCCN(CC)CC)c(I)c1,1,0.934795555574074,0.421875,0.30-0.50
random,15,181,Cc1ccc(-n2[nH]c(C)c(N/N=C3\C=CC=C(c4cccc(C(=O)O)c4)C3=O)c2=O)cc1C.NCCO.NCCO,1,0.7516922819210843,0.2,<0.30
random,15,387,C[NH+](C)CCOC(c1ccccc1)c1ccccc1.Cn1c2nc(Cl)nc-2c([O-])n(C)c1=O,0,0.28063182529716957,0.3157894736842105,0.30-0.50
random,15,87,CCCCc1oc2ccc(NS(C)(=O)=O)cc2c1C(=O)c1ccc(OCCCN(CCCC)CCCC)cc1,1,0.9640443160770896,0.3142857142857143,0.30-0.50
random,15,94,C=C1C[C@@H]2[C@H](CC[C@]3(C)C(=O)CC[C@@H]23)[C@@]2(C)C=CC(=O)C=C12,1,0.4848723125331341,0.2903225806451613,<0.30
random,15,7,CNC(=O)c1cc(Oc2ccc(NC(=O)Nc3ccc(Cl)c(C(F)(F)F)c3)cc2)ccn1,1,0.9877991874856362,0.29411764705882354,<0.30
random,15,415,CNC[C@H](O)[C@@H](O)[C@H](O)[C@H](O)CO.CNC[C@H](O)[C@@H](O)[C@H](O)[C@H](O)CO.O=C([O-])CN(CCN(CC(=O)[O-])CC(=O)O)CCN(CC(=O)[O-])CC(=O)O.[Gd+3],0,0.011801456563544246,0.6229508196721312,0.50-0.70
random,15,223,CC(C)NCC(O)COc1cccc2[nH]ccc12,0,0.09599996758266849,0.39285714285714285,0.30-0.50
random,15,221,CCC[C@H]1O[C@@H]2C[C@H]3[C@@H]4CCC5=CC(=O)C=C[C@]5(C)[C@H]4[C@@H](O)C[C@]3(C)[C@]2(C(=O)CO)O1,0,0.39362662138052135,0.3950617283950617,0.30-0.50
random,15,134,CCCN(CCC)C(=O)Cc1c(-c2ccc(Cl)cc2)nc2ccc(Cl)cn12,1,0.9507744800456127,0.288135593220339,<0.30
random,15,237,COc1ccc(OC)c(C(O)CNC(=O)CN)c1,0,0.11171680226793868,0.2833333333333333,<0.30
random,15,56,CC[C@H]1OC(=O)[C@H](C)C(=O)[C@H](C)[C@@H](O[C@@H]2O[C@H](C)C[C@H](N(C)C)[C@H]2O)[C@@](C)(OC)C[C@@H](C)C(=O)[C@H](C)[C@H]2N(CCCCn3cnc(-c4cccnc4)c3)C(=O)O[C@]12C,1,0.990331278437092,0.4396551724137931,0.30-0.50
random,15,327,Fc1ccccc1C1=NCC(=S)N(CC(F)(F)F)c2ccc(Cl)cc21,0,0.7570204605724453,0.5166666666666667,0.50-0.70
random,15,421,CCCCCCCN(CC)CCCC(O)c1ccc(NS(C)(=O)=O)cc1,0,0.298178738518965,0.2191780821917808,<0.30
random,15,92,C[C@]12CC[C@H]3[C@@H](CCC4=CC(=O)CC[C@@H]43)[C@@H]1CC[C@@H]2O,1,0.16820740135050902,0.56,0.50-0.70
random,15,171,CC(N)C(=O)OC(C)(C)Cc1ccc(Cl)cc1,1,0.24501306362813732,0.3409090909090909,0.30-0.50
random,15,391,CCCC(=O)OCOC(=O)C1=C(C)NC(C)=C(C(=O)OC)C1c1cccc(Cl)c1Cl,0,0.9026101288578813,0.22388059701492538,<0.30
random,16,221,CCC[C@H]1O[C@@H]2C[C@H]3[C@@H]4CCC5=CC(=O)C=C[C@]5(C)[C@H]4[C@@H](O)C[C@]3(C)[C@]2(C(=O)CO)O1,0,0.6907652716091678,0.3950617283950617,0.30-0.50
random,16,300,OCCN1C[C@H](O)[C@@H](O)[C@H](O)[C@H]1CO,0,0.037939102935021264,0.6774193548387096,0.50-0.70
random,16,330,CCCC(C)(COC(N)=O)COC(=O)NC(C)C,0,0.07656444449389378,0.696969696969697,0.50-0.70
random,16,139,CC(C)Cc1ccc(CC(=O)O)cc1,1,0.39774467293629984,0.3548387096774194,0.30-0.50
random,16,212,Nc1nc(=O)c2nc(CNc3ccc(C(=O)N[C@@H](CCC(=O)O)C(=O)O)cc3)cnc2[nH]1,0,0.5140315813731394,0.5125,0.50-0.70
random,16,79,CCC(CO)NCCNC(CC)CO,1,0.06547017106275224,0.21739130434782608,<0.30
random,16,294,CC(C)(C(=O)c1cccnc1)c1cccnc1,0,0.7792798988629718,0.5151515151515151,0.50-0.70
random,16,58,NC(=O)NO,1,0.6046124446098344,0.21739130434782608,<0.30
random,16,435,CCOC(=O)c1cncn1C(C)c1ccccc1,0,0.7466736804087881,0.3090909090909091,0.30-0.50
random,16,344,CCC(C)[C@H](N)C1=NCC(C(=O)N[C@@H](CC(C)C)C(=O)N[C@H](CCC(=O)O)C(=O)N[C@H](C(=O)N[C@H]2CCCCNC(=O)[C@H](CC(N)=O)NC(=O)[C@@H](CC(=O)O)NC(=O)[C@H](Cc3cnc[nH]3)NC(=O)[C@@H](Cc3ccccc3)NC(=O)[C@H](C(C)CC)NC(=O)[C@@H](CCCN)NC2=O)C(C)CC)S1,0,0.1634918851496839,0.40397350993377484,0.30-0.50
random,16,113,COc1ccccc1Oc1c(NS(=O)(=O)c2ccc(C(C)(C)C)cc2)nc(-c2ncccn2)nc1OCCO,1,0.8739024703291455,0.2463768115942029,<0.30
random,16,420,CC1=C(CCC(=O)O)c2cc3nc(cc4[nH]c(cc5[nH]c(cc1n2)c(C)c5C(C)O)c(C)c4C(C)OC(C)c1c(C)c2cc4nc(cc5nc(cc6[nH]c(cc1[nH]2)c(C)c6C(C)O)C(C)=C5CCC(=O)O)C(CCC(=O)O)=C4C)C(C)=C3CCC(=O)O,0,0.4093925202327224,0.2,<0.30
random,16,422,NC(=O)C1CSSCCC(=O)NC(CCCCN=C(N)N)C(=O)NCC(=O)NC(CC(=O)O)C(=O)NC(Cc2c[nH]c3ccccc23)C(=O)N2CCCC2C(=O)N1,0,0.14127874510583455,0.34057971014492755,0.30-0.50
random,16,364,CCC(=O)N(c1ccccc1)C1(COC)CCN(CCc2cccs2)CC1,0,0.06091960508790305,0.6153846153846154,0.50-0.70
random,16,120,Cc1ccc(Nc2nccc(N(C)c3ccc4c(C)n(C)nc4c3)n2)cc1S(N)(=O)=O,1,0.9801037490870821,0.25773195876288657,<0.30
random,16,291,CCN(CC)C(C)C(=O)c1ccccc1,0,0.578636620615054,0.3333333333333333,0.30-0.50
random,16,389,C[N+]1(CC2CC2)CC[C@]23c4c5ccc(O)c4O[C@H]2C(=O)CC[C@@]3(O)[C@H]1C5.[Br-],0,0.047547902347970676,0.5757575757575758,0.50-0.70
random,16,115,CS(=O)(=O)CCNCc1ccc(-c2ccc3ncnc(Nc4ccc(OCc5cccc(F)c5)c(Cl)c4)c3c2)o1,1,0.9982530235746254,0.31683168316831684,0.30-0.50
random,16,390,C=CCN1CC[C@]23c4c5ccc(O)c4O[C@H]2C(=O)CC[C@@]3(O)[C@H]1C5,0,0.030852304771305305,0.7288135593220338,>=0.70
random,16,200,O=[N+]([O-])O[C@H]1CO[C@H]2[C@@H]1OC[C@H]2O[N+](=O)[O-],0,0.2879355678512675,0.21212121212121213,<0.30
random,16,182,CCCC(CCC)C(=O)O.CCCC(CCC)C(=O)[O-].[Na+],1,0.06788117087535175,0.34615384615384615,0.30-0.50
random,16,312,CCC(=O)NCC[C@@H]1CCc2ccc3c(c21)CCO3,0,0.642280368509725,0.24675324675324675,<0.30
random,16,20,CC(c1cc2ccccc2s1)N(O)C(N)=O,1,0.8603624422324476,0.23529411764705882,<0.30
random,16,49,CN1CCN(C2=c3ccccc3=Nc3ccc(Cl)cc3N2)CC1,1,0.8095966387688686,0.2698412698412698,<0.30
random,16,2,C/C=C/C[C@@H](C)[C@@H](O)C1C(=O)NC(CC)C(=O)N(C)CC(=O)N(C)C(CC(C)C)C(=O)NC(C(C)C)C(=O)N(C)C(CC(C)C)C(=O)NC(C)C(=O)NC(C)C(=O)N(C)C(CC(C)C)C(=O)N(C)C(CC(C)C)C(=O)N(C)C(C(C)C)C(=O)N1C,1,0.20658439788733565,0.23308270676691728,<0.30
random,16,16,Cc1cc(C#N)cc(C)c1Oc1nc(Nc2ccc(C#N)cc2)nc(N)c1Br,1,0.9871856875460628,0.16455696202531644,<0.30
random,16,175,CC(=O)N[C@@H]1[C@@H](O[C@@H]2O[C@@H](C(=O)[O-])[C@@H](O)[C@H](O)[C@H]2O)[C@@H](OS(=O)(=O)[O-])[C@@H](CO)O[C@H]1O,1,0.12827511839781994,0.3333333333333333,0.30-0.50
random,16,353,CN[C@@H]1CCc2[nH]c3ccc(C(N)=O)cc3c2C1,0,0.9336658156607653,0.20689655172413793,<0.30
random,16,285,CC(C)[N+](C)(CCOC(=O)C1c2ccccc2Oc2ccccc21)C(C)C,0,0.4023036448837157,0.28888888888888886,<0.30
random,16,146,Cc1ccc(Nc2c(F)cccc2Cl)c(CC(=O)O)c1,1,0.9640471958088989,0.5652173913043478,0.50-0.70
random,16,272,O=C([O-])CCCO.[Na+],0,0.0677319058328749,0.2916666666666667,<0.30
random,16,329,CN1C2CC(OC(=O)C(CO)c3ccccc3)CC1C1OC12,0,0.015219682276205652,0.6938775510204082,0.50-0.70
random,16,277,CCN(C(C)=O)c1cccc(-c2ccnc3c(C#N)cnn23)c1,0,0.7568498692551305,0.2222222222222222,<0.30
random,16,43,O=C(O)c1cn(C2CC2)c2cc(N3CCNCC3)c(F)cc2c1=O,1,0.8944598915501487,0.38571428571428573,0.30-0.50
random,16,384,CC[C@H](C)[C@H](NC(=O)[C@@H]1CCCN1C(=O)CNC(=O)[C@H](Cc1ccccc1)NC(=O)[C@H](CC(N)=O)NC(=O)[C@H](CC(N)=O)NC(=O)[C@H](CO)NC(=O)[C@H](CO)NC(=O)[C@H](Cc1cnc[nH]1)NC(=O)[C@@H](NC(=O)[C@H](CC(C)C)NC(=O)[C@H](Cc1ccccc1)NC(=O)[C@H](CC(N)=O)NC(=O)[C@H](C)NC(=O)[C@H](CC(C)C)NC(=O)[C@H](CCCNC(=N)N)NC(=O)[C@H](CCC(N)=O)NC(=O)[C@@H](NC(=O)[C@H](C)NC(=O)[C@H](CS)NC(=O)[C@@H](NC(=O)[C@H](C)NC(=O)[C@@H](NC(=O)[C@H](CC(N)=O)NC(=O)[C@H](CS)NC(=O)[C@@H](N)CCCCN)[C@@H](C)O)[C@@H](C)O)[C@@H](C)O)C(C)C)C(=O)N[C@@H](CC(C)C)C(=O)N1CCC[C@H]1C(=O)N1CCC[C@H]1C(=O)N[C@H](C(=O)N[C@@H](CC(N)=O)C(=O)N[C@H](C(=O)NCC(=O)N[C@@H](CO)C(=O)N[C@@H](CC(N)=O)C(=O)N[C@H](C(=O)N[C@@H](Cc1ccc(O)cc1)C(N)=O)[C@@H](C)O)C(C)C)[C@@H](C)O,0,0.0007812314086637807,0.7423312883435583,>=0.70
random,16,311,C[C@H]1CN(C[C@H](Cc2ccccc2)C(=O)NCC(=O)O)CC[C@@]1(C)c1cccc(O)c1,0,0.0028118271514752952,0.29577464788732394,<0.30
random,16,228,CNC1(C)C2CCC(C2)C1(C)C,0,0.14510332474904636,0.15625,<0.30
random,16,423,CC[C@H](C)[C@H](NC(=O)[C@H](CCC(=O)O)NC(=O)[C@H](CCC(=O)O)NC(=O)[C@H](Cc1ccccc1)NC(=O)[C@H](CC(=O)O)NC(=O)CNC(=O)[C@H](CC(N)=O)NC(=O)CNC(=O)CNC(=O)CNC(=O)CNC(=O)[C@@H]1CCCN1C(=O)[C@H](CCCNC(=N)N)NC(=O)[C@@H]1CCCN1C(=O)[C@H](N)Cc1ccccc1)C(=O)N1CCC[C@H]1C(=O)N[C@@H](CCC(=O)O)C(=O)N[C@@H](CCC(=O)O)C(=O)N[C@@H](Cc1ccc(O)cc1)C(=O)N[C@@H](CC(C)C)C(=O)O,0,0.007501590995264869,0.5093167701863354,0.50-0.70
random,16,417,COc1cc2c(cc1OC)[C@@H](Cc1cc(OC)c(OC)c(OC)c1)[N+](C)(CCCOC(=O)CC/C=C/CCC(=O)OCCC[N+]1(C)CCc3cc(OC)c(OC)cc3[C@H]1Cc1cc(OC)c(OC)c(OC)c1)CC2,0,0.028804651371457737,0.6825396825396826,0.50-0.70
random,16,63,CC1=C(/C=C/C(C)=C/C=C/C(C)=C\C(=O)O)C(C)(C)CCC1,1,0.603321271730335,0.42857142857142855,0.30-0.50
random,16,356,CO[C@H]1C[C@@H]2CC[C@@H](C)[C@@](O)(O2)C(=O)C(=O)N2CCCC[C@H]2C(=O)O[C@H]([C@H](C)C[C@@H]2CC[C@@H](OC(=O)C(C)(CO)CO)[C@H](OC)C2)CC(=O)[C@H](C)/C=C(\C)[C@@H](O)[C@@H](OC)C(=O)[C@H](C)C[C@H](C)/C=C/C=C/C=C/1C,0,0.10193850392647749,0.19047619047619047,<0.30
random,16,269,CO[Si](C)(C)O[Si](C)(C)C.O=[Si]=O,0,0.5423764562235559,0.1282051282051282,<0.30
random,16,171,CC(N)C(=O)OC(C)(C)Cc1ccc(Cl)cc1,1,0.12472291365489259,0.3409090909090909,0.30-0.50
random,16,117,Cc1ccnc2c1NC(=O)c1cccnc1N2C1CC1,1,0.8790643663874341,0.23214285714285715,<0.30
random,16,192,Cn1c(=O)c2c(ncn2C)n(C)c1=O,0,0.16670843543041813,0.525,0.50-0.70
random,16,253,CC(C)NCC(O)c1cc(O)cc(O)c1,0,0.1208972568293678,0.6060606060606061,0.50-0.70
random,16,224,CN(C)CCC(c1ccc(Br)cc1)c1ccccn1,0,0.09868437419078409,1.0,>=0.70
random,16,332,CC(=O)Oc1ccc(C(c2ccc(OC(C)=O)cc2)c2ccccn2)cc1,0,0.7243478880146512,0.36,0.30-0.50
random,16,33,NC(=O)N1c2ccccc2C=Cc2ccccc21,1,0.7128740964064012,0.22033898305084745,<0.30
random,16,19,COc1cc(C(=O)NS(=O)(=O)c2ccccc2C)ccc1Cc1cn(C)c2ccc(NC(=O)OC3CCCC3)cc12,1,0.6481294201363642,0.25742574257425743,<0.30
random,16,205,CC(COc1ccccc1)NC(C)C(O)c1ccc(O)cc1,0,0.3561783538130498,0.4878048780487805,0.30-0.50
random,16,444,O=C([O-])O.[Na+],0,0.3439795986589871,0.45454545454545453,0.30-0.50
random,16,101,CCCCc1oc2ccccc2c1C(=O)c1cc(I)c(OCCN(CC)CC)c(I)c1,1,0.9681380052272377,0.5254237288135594,0.50-0.70
random,16,167,CN1CCCC(CN2c3ccccc3Sc3ccccc32)C1,1,0.33047278539148633,0.3548387096774194,0.30-0.50
random,16,349,CN(C)CC[C@@H](c1ccc(Cl)cc1)c1ccccn1,0,0.07477557636012577,1.0,>=0.70
random,16,299,COc1ccc2c3c1O[C@H]1C(=O)CC[C@@]4(O)[C@@H](C2)N(C)CC[C@]314,0,0.11396025222518368,0.7678571428571429,>=0.70
random,16,371,CC[C@H](C)[C@H](NC(=O)[C@@H](NC(=O)[C@H](CCC(=O)O)NC(=O)[C@H](CC(C)C)NC(=O)[C@H](CCSC)NC(=O)[C@H](CCCCN)NC(=O)[C@H](CCCNC(=N)N)NC(=O)[C@H](CC(N)=O)NC(=O)[C@H](CO)NC(=O)[C@H](Cc1cnc[nH]1)NC(=O)[C@H](C)NC(=O)[C@H](CCC(N)=O)NC(=O)[C@H](CCC(N)=O)NC(=O)[C@H](C)NC(=O)[C@H](CC(C)C)NC(=O)[C@H](CCC(N)=O)NC(=O)[C@H](CCC(=O)O)NC(=O)[C@H](C)NC(=O)[C@H](CCCNC(=N)N)NC(=O)[C@H](C)NC(=O)[C@H](CCSC)NC(=O)[C@H](CCC(=O)O)NC(=O)[C@H](CC(C)C)NC(=O)[C@@H](NC(=O)[C@H](CCC(=O)O)NC(=O)[C@H](CCCNC(=N)N)NC(=O)[C@H](CC(C)C)NC(=O)[C@H](CC(C)C)NC(=O)[C@H](Cc1cnc[nH]1)NC(=O)[C@H](Cc1ccccc1)NC(=O)[C@@H](NC(=O)[C@H](CC(C)C)NC(=O)[C@H](CC(=O)O)NC(=O)[C@H](CC(C)C)NC(=O)[C@H](CO)NC(=O)[C@@H](NC(=O)[C@@H]1CCCN1C(=O)[C@@H]1CCCN1C(=O)[C@H](CCC(=O)O)NC(=O)[C@H](CCC(=O)O)NC(=O)[C@@H](N)CO)[C@@H](C)CC)[C@@H](C)O)C(C)C)[C@@H](C)CC)C(=O)O,0,0.0009067345671737162,0.9568345323741008,>=0.70
random,16,202,O=c1[nH]c2ccccc2n1C1CCN(CCCC(c2ccc(F)cc2)c2ccc(F)cc2)CC1,0,0.42576718237557265,0.3472222222222222,0.30-0.50
random,16,56,CC[C@H]1OC(=O)[C@H](C)C(=O)[C@H](C)[C@@H](O[C@@H]2O[C@H](C)C[C@H](N(C)C)[C@H]2O)[C@@](C)(OC)C[C@@H](C)C(=O)[C@H](C)[C@H]2N(CCCCn3cnc(-c4cccnc4)c3)C(=O)O[C@]12C,1,0.995111008386288,0.4396551724137931,0.30-0.50
random,16,198,O=C(c1ccc(OCCN2CCCCC2)cc1)c1c(-c2ccc(O)cc2)sc2cc(O)ccc12,0,0.6881952369841522,0.2716049382716049,<0.30
random,16,44,O=c1nc[nH]c2c1ncn2[C@H]1CC[C@@H](CO)O1,1,0.9466511236435461,0.2698412698412698,<0.30
random,16,258,CC(O)(P(=O)(O)O)P(=O)(O)O,0,0.039640291424942804,0.28125,<0.30
random,16,298,CC(=O)[O-].CC(=O)[O-].[Ca+2],0,0.2642507258304454,0.4166666666666667,0.30-0.50
random,16,307,C=CCN1C[C@H](C(=O)N(CCCN(C)C)C(=O)NCC)C[C@@H]2c3cccc4[nH]cc(c34)C[C@H]21,0,0.04902734670284383,0.32456140350877194,0.30-0.50
random,16,199,C=C1CC[C@H](O)C/C1=C/C=C1\CCC[C@]2(C)[C@@H]([C@H](C)/C=C/[C@H](C)C(C)C)CC[C@@H]12,0,0.36024698976419406,0.4931506849315068,0.30-0.50
random,16,342,CCOC(=O)c1ncn2c1CN(C)C(=O)c1cc(F)ccc1-2,0,0.9034306011707374,0.23880597014925373,<0.30
random,16,45,C[C@](N)(Cc1ccc(O)c(O)c1)C(=O)O,1,0.09582927550828688,0.6666666666666666,0.50-0.70
random,16,416,Oc1ccc(C2CNCCc3c2cc(O)c(O)c3Cl)cc1,0,0.6703558521758055,0.19148936170212766,<0.30
random,16,178,CCCCN1C(=O)[C@@H]([C@H](O)C2CCCCC2)NC(=O)C12CCN(Cc1ccc(Oc3ccc(C(=O)O)cc3)cc1)CC2,1,0.8605012266575155,0.2403846153846154,<0.30
random,16,369,OCC(O)C(O)C(O)C(O)CO,0,0.010391406494245437,1.0,>=0.70
random,16,5,CNCCC=C1c2ccccc2CCc2ccccc21,1,0.37247227162707064,0.29545454545454547,<0.30
random,16,377,CSCC[C@H](NC(=O)[C@H](Cc1ccc(OS(=O)(=O)O)cc1)NC(=O)[C@@H](N)CC(=O)O)C(=O)NCC(=O)N[C@@H](Cc1c[nH]c2ccccc12)C(=O)N[C@@H](CCSC)C(=O)N[C@@H](CC(=O)O)C(=O)N[C@@H](Cc1ccccc1)C(N)=O,0,0.16014897369707928,0.6354166666666666,0.50-0.70
random,16,292,OC(CCN1CCCCC1)(c1ccccc1)C1CC2C=CC1C2,0,0.003195618773943707,0.6086956521739131,0.50-0.70
random,16,114,C[C@]12COC(=O)C[C@@H]1CC[C@@H]1[C@@H]2CC[C@@]2(C)[C@H]1CC[C@]2(C)O,1,0.6229038378778832,0.5882352941176471,0.50-0.70
random,16,65,C#Cc1cccc(Nc2ncnc3cc(OCCOC)c(OCCOC)cc23)c1,1,0.8939570461956956,0.40789473684210525,0.30-0.50
random,16,174,Cc1nc(C)c2c(n1)N(Cc1ccc(-c3ccccc3-c3nn[nH]n3)cc1)C(=O)CC2,1,0.43531357091686945,0.2087912087912088,<0.30
random,16,75,CC1(C)NC(=O)N(c2ccc([N+](=O)[O-])c(C(F)(F)F)c2)C1=O,1,0.9795063312396329,0.4,0.30-0.50
random,16,111,Cc1oncc1C(=O)Nc1ccc(C(F)(F)F)cc1,1,0.7156984223899622,0.2727272727272727,<0.30
random,16,412,CCCCCCCC/C=C/CCCCCCCC(=O)O.NCCO,0,0.14837551436925792,0.4838709677419355,0.30-0.50
random,16,407,O=C(O)CN(CCN(CC(=O)O)CC(=O)O)CCN(CC(=O)O)CC(=O)O,0,0.20679307999267887,0.39473684210526316,0.30-0.50
random,16,99,CCCC(CCC)C(=O)O,1,0.09673445030634518,0.32142857142857145,0.30-0.50
random,16,410,CC(=O)O[C@H]1C[C@@H]2CC[C@@H]3[C@H](CC[C@@]4(C)[C@H]3C[C@H]([N+]3(C)CCCCC3)[C@@H]4OC(C)=O)[C@@]2(C)C[C@@H]1N1CCCCC1.[Br-],0,0.008927743110324132,0.7936507936507936,>=0.70
random,16,134,CCCN(CCC)C(=O)Cc1c(-c2ccc(Cl)cc2)nc2ccc(Cl)cn12,1,0.9051665022202774,0.23529411764705882,<0.30
random,16,366,O=C(CCCN1CC=C(n2c(=O)[nH]c3ccccc32)CC1)c1ccc(F)cc1,0,0.6168722876766166,0.20238095238095238,<0.30
random,16,432,CC1(C)SC(C(NC(=O)Cc2ccccc2)C(=O)NCCCCCC(=O)O)NC1C(=O)O,0,0.44907243029325516,0.2625,<0.30
random,16,144,CC(=O)Oc1ccc(C2(c3ccc(OC(C)=O)cc3)C(=O)N(C(C)=O)c3ccccc32)cc1,1,0.8410751281196372,0.5531914893617021,0.50-0.70
random,16,305,CN1[C@@H]2CC[C@@H]1CC(OC(c1ccccc1)c1ccccc1)C2,0,0.13337307150423497,0.5227272727272727,0.50-0.70
random,16,168,O=C(O)Cc1csc(-c2ccc(Cl)cc2)n1,1,0.9787637585378832,0.2857142857142857,<0.30
random,16,249,Cc1ccc(N(CC2=NCCN2)c2cccc(O)c2)cc1,0,0.10560685216747724,0.2631578947368421,<0.30
random,16,125,NC(=O)OCC(COC(N)=O)c1ccccc1,1,0.395747378205593,0.3170731707317073,0.30-0.50
random,16,143,NC(=O)NS(=O)(=O)c1ccc(N)cc1,1,0.9182379662906218,0.4473684210526316,0.30-0.50
random,17,191,N[C@@H](Cc1cc(I)c(Oc2ccc(O)c(I)c2)c(I)c1)C(=O)O,0,0.4817672074037677,0.25925925925925924,<0.30
random,17,444,O=C([O-])O.[Na+],0,0.3115865486557338,0.45454545454545453,0.30-0.50
random,17,363,Oc1ccc2c3c1OC1[C@@H](O)CC[C@@]4(O)[C@@H](C2)N(CC2CCC2)CC[C@]314,0,0.11182962606095384,0.4861111111111111,0.30-0.50
random,17,361,Cc1cccc(C)c1NC(=O)C1CCCCN1C,0,0.06324051963545392,0.3617021276595745,0.30-0.50
random,17,391,CCCC(=O)OCOC(=O)C1=C(C)NC(C)=C(C(=O)OC)C1c1cccc(Cl)c1Cl,0,0.966647912870428,0.22388059701492538,<0.30
random,17,90,C[C@@H](c1ncncc1F)[C@](O)(Cn1cncn1)c1ccc(F)cc1F,1,0.5912693190503052,0.5849056603773585,0.50-0.70
random,17,176,CCO[C@@H]1OC(=O)C[C@@H]1NC(=O)[C@@H]1CCCN2C(=O)CC[C@H](NC(=O)c3nccc4ccccc34)C(=O)N12,1,0.7296347771711461,0.18543046357615894,<0.30
random,17,118,O=C1C=CC=C/C1=C1\N/C(=C2/C=CC=CC2=O)N(c2ccc(C(=O)O)cc2)N1,1,0.9757589505353822,0.20408163265306123,<0.30
random,17,85,c1ccc2[nH]c(-c3cscn3)nc2c1,1,0.7579477636361833,0.20833333333333334,<0.30
random,17,186,CN(C)CCOC(c1ccccc1)c1ccccc1,0,0.07569149109228017,0.7272727272727273,>=0.70
random,17,437,O=C(CCCCC(=O)Nc1c(I)cc(I)c(C(=O)O)c1I)Nc1c(I)cc(I)c(C(=O)O)c1I,0,0.06410276813841365,0.38461538461538464,0.30-0.50
random,17,294,CC(C)(C(=O)c1cccnc1)c1cccnc1,0,0.7808220588730664,0.5151515151515151,0.50-0.70
random,17,233,CN1CC[C@]23c4c5ccc(O)c4O[C@H]2[C@@H](O)C=C[C@H]3[C@H]1C5,0,0.024153214138806747,0.7592592592592593,>=0.70
random,17,415,CNC[C@H](O)[C@@H](O)[C@H](O)[C@H](O)CO.CNC[C@H](O)[C@@H](O)[C@H](O)[C@H](O)CO.O=C([O-])CN(CCN(CC(=O)[O-])CC(=O)O)CCN(CC(=O)[O-])CC(=O)O.[Gd+3],0,0.008547106779199296,0.6229508196721312,0.50-0.70
random,17,425,CCCCS(=O)(=O)N[C@@H](Cc1ccc(OCCCCC2CCNCC2)cc1)C(=O)O,0,0.5858728174455916,0.24444444444444444,<0.30
random,17,173,O=c1[nH]c(=O)n([C@@H]2O[C@H](CO)[C@@H](O)[C@@H]2F)cc1I,1,0.4135019050699732,0.3508771929824561,0.30-0.50
random,17,129,C1CCC(C(CC2CCCCN2)C2CCCCC2)CC1,1,0.11465282142298147,0.16666666666666666,<0.30
random,17,368,CC(C)(CO)C(O)C(=O)NCCCO,0,0.07521285412920628,0.22857142857142856,<0.30
random,17,441,C#CC1(OC(C)=O)CCC2C3CCC4=CC(=O)CCC4C3CCC21C,0,0.454960426179342,0.5396825396825397,0.50-0.70
random,17,247,C[N+](C)(C)C[C@H](O)CC(=O)[O-],0,0.006781177566678983,0.4583333333333333,0.30-0.50
random,17,24,COc1ccc([C@@H]2Sc3ccccc3N(CCN(C)C)C(=O)[C@@H]2OC(C)=O)cc1,1,0.5891547969723577,0.2465753424657534,<0.30
random,17,190,C[C@H]1O[C@@H](O[C@H]2[C@@H](O)C[C@H](O[C@H]3[C@@H](O)C[C@H](O[C@H]4CC[C@@]5(C)[C@H](CC[C@@H]6[C@@H]5C[C@@H](O)[C@]5(C)C(C7=CC(=O)OC7)CC[C@]65O)C4)O[C@@H]3C)O[C@@H]2C)C[C@H](O)[C@@H]1O,0,0.3494490561071192,0.2159090909090909,<0.30
random,17,149,CC(=O)Oc1cc(C(C)C)c(OCCN(C)C)cc1C,1,0.6515289700435436,0.2962962962962963,<0.30
random,17,137,CN1Cc2c(N)cccc2C(c2ccccc2)C1,1,0.6853819719152818,0.2765957446808511,<0.30
random,17,436,COc1ccc(N(C)C)cc1CN[C@H]1CCCN[C@H]1c1ccccc1,0,0.37366131987470036,0.1917808219178082,<0.30
random,17,98,CCc1nn(CCCN2CCN(c3cccc(Cl)c3)CC2)c(=O)n1CCOc1ccccc1,1,0.49760835001516796,0.2597402597402597,<0.30
random,17,37,CC/C(=C(\c1ccccc1)c1ccc(OCCN(C)C)cc1)c1ccccc1,1,0.30430580583016176,0.3269230769230769,0.30-0.50
random,17,128,Nc1c(CC(=O)O)cccc1C(=O)c1ccc(Br)cc1,1,0.914555386178152,0.32653061224489793,0.30-0.50
random,17,223,CC(C)NCC(O)COc1cccc2[nH]ccc12,0,0.06591615113238446,0.39285714285714285,0.30-0.50
random,17,192,Cn1c(=O)c2c(ncn2C)n(C)c1=O,0,0.15385235548992923,0.525,0.50-0.70
random,17,424,C[C@@H]1CCN(C(=O)[C@H](CCCN=C(N)N)NS(=O)(=O)c2cccc3c2NC[C@H](C)C3)[C@@H](C(=O)O)C1,0,0.12728303418407264,0.24,<0.30
random,17,211,NC[C@H]1O[C@H](O[C@H]2[C@H](O)[C@@H](O[C@H]3O[C@H](CO)[C@@H](O)[C@H](N)[C@H]3O)[C@H](N)C[C@@H]2N)[C@H](O)[C@@H](O)[C@@H]1O,0,0.05899865459922858,0.6551724137931034,0.50-0.70
random,17,73,CC(C)c1c(C(=O)Nc2ccccc2)c(-c2ccccc2)c(-c2ccc(F)cc2)n1CC[C@@H](O)C[C@@H](O)CC(=O)O,1,0.05111511761853341,0.21794871794871795,<0.30
random,17,305,CN1[C@@H]2CC[C@@H]1CC(OC(c1ccccc1)c1ccccc1)C2,0,0.12789687959376672,0.5227272727272727,0.50-0.70
random,17,12,NC1[C@H]2CN(c3nc4c(cc3F)c(=O)c(C(=O)O)cn4-c3ccc(F)cc3F)C[C@@H]12,1,0.9788808153353602,0.6901408450704225,0.50-0.70
random,17,22,CNCC[C@@H](Oc1ccccc1C)c1ccccc1,1,0.46512130456243533,0.3076923076923077,0.30-0.50
random,17,135,CC(C(=O)O)c1ccc(N2CC=CC2)c(Cl)c1,1,0.29378734166357234,0.4,0.30-0.50
random,17,439,Cc1c(C)c2c(c(C)c1O)CC[C@@](C)(CCC[C@H](C)CCC[C@H](C)CCCC(C)C)O2,0,0.09024344504090205,0.16049382716049382,<0.30
random,17,103,Cc1cn([C@H]2C=C[C@@H](CO)O2)c(=O)[nH]c1=O,1,0.7929345357729003,0.4727272727272727,0.30-0.50
random,17,114,C[C@]12COC(=O)C[C@@H]1CC[C@@H]1[C@@H]2CC[C@@]2(C)[C@H]1CC[C@]2(C)O,1,0.7709064573659345,0.5882352941176471,0.50-0.70
random,17,10,Cc1c(C)c2c(c(C)c1O)CCC(C)(COc1ccc(CC3SC(=O)NC3=O)cc1)O2,1,0.13272616045082808,0.18604651162790697,<0.30
random,17,2,C/C=C/C[C@@H](C)[C@@H](O)C1C(=O)NC(CC)C(=O)N(C)CC(=O)N(C)C(CC(C)C)C(=O)NC(C(C)C)C(=O)N(C)C(CC(C)C)C(=O)NC(C)C(=O)NC(C)C(=O)N(C)C(CC(C)C)C(=O)N(C)C(CC(C)C)C(=O)N(C)C(C(C)C)C(=O)N1C,1,0.06480943432179882,0.23308270676691728,<0.30
random,17,399,NC[C@H](O)c1ccc(O)c(O)c1,0,0.05832784284762639,0.5806451612903226,0.50-0.70
random,17,67,NC(=O)CC(N)C(=O)[O-],1,0.13949220810071777,0.2916666666666667,<0.30
random,17,172,C=CCOc1ccc(CC(=O)O)cc1Cl,1,0.6474056038258178,0.27450980392156865,<0.30
random,17,171,CC(N)C(=O)OC(C)(C)Cc1ccc(Cl)cc1,1,0.32052695887976346,0.3409090909090909,0.30-0.50
random,17,350,CNCCCC1c2ccccc2C=Cc2ccccc21,0,0.789856374440194,0.29545454545454547,<0.30
random,17,275,CC(C)C(=O)Oc1ccc(CO)cc1[C@H](CCN(C(C)C)C(C)C)c1ccccc1.O=C(O)/C=C/C(=O)O,0,0.025384476255067404,0.4262295081967213,0.30-0.50
random,17,125,NC(=O)OCC(COC(N)=O)c1ccccc1,1,0.21906788068289618,0.3170731707317073,0.30-0.50
random,17,31,O=C1NC(=O)C(c2ccccc2)(c2ccccc2)N1,1,0.6876716048869471,0.3611111111111111,0.30-0.50
random,17,65,C#Cc1cccc(Nc2ncnc3cc(OCCOC)c(OCCOC)cc23)c1,1,0.9648943203807347,0.40789473684210525,0.30-0.50
random,17,178,CCCCN1C(=O)[C@@H]([C@H](O)C2CCCCC2)NC(=O)C12CCN(Cc1ccc(Oc3ccc(C(=O)O)cc3)cc1)CC2,1,0.8369247369683251,0.2403846153846154,<0.30
random,17,225,COc1cc(NC(C)CCCN)c2ncccc2c1,0,0.7642831429458389,0.25925925925925924,<0.30
random,17,7,CNC(=O)c1cc(Oc2ccc(NC(=O)Nc3ccc(Cl)c(C(F)(F)F)c3)cc2)ccn1,1,0.9881991731315544,0.29411764705882354,<0.30
random,17,433,O=C(CNC(=O)c1ccccc1)CC(Cc1ccccc1)C(=O)O,0,0.1947804615400336,0.37209302325581395,0.30-0.50
random,17,245,NS(=O)(=O)c1cc(Cl)c(Cl)c(S(N)(=O)=O)c1,0,0.8183707638110047,0.175,<0.30
random,17,214,OC[C@@H](O)[C@H](O)[C@@H](O)[C@@H](O)CO,0,0.021030199212013406,0.2631578947368421,<0.30
random,17,216,[Cl-].[NH4+],0,0.3175085817236614,0.05263157894736842,<0.30
random,17,201,CCOC(=O)C1(c2ccccc2)CCN(CCC(C#N)(c2ccccc2)c2ccccc2)CC1,0,0.0018228982253452905,0.6078431372549019,0.50-0.70
random,17,138,CC(C(=O)O)c1ccc2oc(-c3ccc(Cl)cc3)nc2c1,1,0.9611329581673028,0.3269230769230769,0.30-0.50
random,17,19,COc1cc(C(=O)NS(=O)(=O)c2ccccc2C)ccc1Cc1cn(C)c2ccc(NC(=O)OC3CCCC3)cc12,1,0.595369760832066,0.25742574257425743,<0.30
random,17,139,CC(C)Cc1ccc(CC(=O)O)cc1,1,0.3256431065529354,0.3548387096774194,0.30-0.50
random,17,210,CC(C)(C(=O)O)c1ccc(C(O)CCCN2CCC(C(O)(c3ccccc3)c3ccccc3)CC2)cc1,0,0.0025782285761566095,0.3472222222222222,0.30-0.50
random,17,244,CN1C[C@H](C(=O)N[C@]2(C)O[C@@]3(O)[C@@H]4CCCN4C(=O)[C@H](Cc4ccccc4)N3C2=O)C[C@@H]2c3cccc4[nH]cc(c34)C[C@H]21,0,0.029935437857050853,0.27522935779816515,<0.30
random,17,366,O=C(CCCN1CC=C(n2c(=O)[nH]c3ccccc32)CC1)c1ccc(F)cc1,0,0.05229045822186748,0.3972602739726027,0.30-0.50
random,17,116,CCCc1cc(=O)[nH]c(=S)[nH]1,1,0.8107886014362882,0.18181818181818182,<0.30
random,17,307,C=CCN1C[C@H](C(=O)N(CCCN(C)C)C(=O)NCC)C[C@@H]2c3cccc4[nH]cc(c34)C[C@H]21,0,0.03295142449700651,0.2857142857142857,<0.30
random,17,369,OCC(O)C(O)C(O)C(O)CO,0,0.021030199212013406,0.2631578947368421,<0.30
random,17,418,CC(O)CN1CCN(CC(=O)[O-])CCN(CC(=O)[O-])CCN(CC(=O)[O-])CC1.[Gd+3],0,0.006282957608900479,0.3,0.30-0.50
random,17,403,CC[C@H](C)[C@@H]1NC(=O)[C@H](Cc2ccc(O)cc2)NC(=O)[C@@H](N)CSSC[C@@H](C(=O)N2CCC[C@H]2C(=O)N[C@@H](CC(C)C)C(=O)NCC(N)=O)NC(=O)[C@H](CC(N)=O)NC(=O)[C@H](CCC(N)=O)NC1=O,0,0.0007183236464136805,0.3802083333333333,0.30-0.50
random,17,317,CCC(C)CCCCC(=O)NC(CCNCS(=O)(=O)[O-])C(=O)NC(C(=O)NC(CCNCS(=O)(=O)[O-])C(=O)NC1CCNC(=O)C(C(C)O)NC(=O)C(CCNCS(=O)(=O)[O-])NC(=O)C(CCNCS(=O)(=O)[O-])NC(=O)C(CC(C)C)NC(=O)C(CC(C)C)NC(=O)C(CCNCS(=O)(=O)[O-])NC1=O)C(C)O.[Na+].[Na+].[Na+].[Na+].[Na+],0,0.0339028075869748,0.7019230769230769,>=0.70
random,17,327,Fc1ccccc1C1=NCC(=S)N(CC(F)(F)F)c2ccc(Cl)cc21,0,0.45760717404320767,0.5166666666666667,0.50-0.70
random,17,267,Clc1ccc(C(c2ccccc2Cl)C(Cl)Cl)cc1,0,0.41983512176213145,0.2765957446808511,<0.30
random,17,315,CC(O)C(O)C1CNc2[nH]c(N)nc(=O)c2N1,0,0.06866245703259269,0.3037974683544304,0.30-0.50
random,17,442,C/C(=N\O)[C@@H](C)NCC(C)(C)CN[C@H](C)/C(C)=N/O,0,0.0998377221941444,0.2,<0.30
random,17,443,NC(=O)CCC1NC(=O)C(Cc2ccccc2)NC(=O)C(Cc2ccc(O)cc2)NC(=O)C(N)CSSCC(C(=O)N2CCCC2C(=O)NC(CCCN=C(N)N)C(=O)NCC(N)=O)NC(=O)C(CC(N)=O)NC1=O,0,0.00027647831371060104,0.325,0.30-0.50
random,17,61,Cn1cc[nH]c1=S,1,0.7624868187049635,0.22580645161290322,<0.30
random,17,84,CNCC[C@H](Oc1cccc2ccccc12)c1cccs1,1,0.45828672705307194,0.24074074074074073,<0.30
random,17,414,CC[C@H](C)[C@H](NC(=O)[C@H](CCC(=O)O)NC(=O)[C@H](CO)NC(=O)[C@@H](NC(=O)[C@@H](N)CO)C(C)C)C(=O)N[C@@H](CCC(N)=O)C(=O)N[C@@H](CC(C)C)C(=O)N[C@@H](CCSC)C(=O)N[C@@H](Cc1c[nH]cn1)C(=O)N[C@@H](CC(N)=O)C(=O)N[C@@H](CC(C)C)C(=O)NCC(=O)N[C@@H](CCCCN)C(=O)N[C@@H](Cc1c[nH]cn1)C(=O)N[C@@H](CC(C)C)C(=O)N[C@@H](CC(N)=O)C(=O)N[C@@H](CO)C(=O)N[C@@H](CCSC)C(=O)N[C@@H](CCC(=O)O)C(=O)N[C@@H](CCCNC(=N)N)C(=O)N[C@H](C(=O)N[C@@H](CCC(=O)O)C(=O)N[C@@H](Cc1c[nH]c2ccccc12)C(=O)N[C@@H](CC(C)C)C(=O)N[C@@H](CCCNC(=N)N)C(=O)N[C@@H](CCCCN)C(=O)N[C@@H](CCCCN)C(=O)N[C@@H](CC(C)C)C(=O)N[C@@H](CCC(N)=O)C(=O)N[C@@H](CC(=O)O)C(=O)N[C@H](C(=O)N[C@@H](Cc1c[nH]cn1)C(=O)N[C@@H](CC(N)=O)C(=O)N[C@@H](Cc1ccccc1)C(=O)O)C(C)C)C(C)C,0,0.00203212496675762,0.6753246753246753,0.50-0.70
random,17,92,C[C@]12CC[C@H]3[C@@H](CCC4=CC(=O)CC[C@@H]43)[C@@H]1CC[C@@H]2O,1,0.4232125229958158,0.56,0.50-0.70
random,17,240,CC(=CCC1=C(C)C(=O)c2ccccc2C1=O)CCCC(C)CCCC(C)CCCC(C)C,0,0.24837457911710845,0.2,<0.30
random,17,6,C=C(c1ccc(C(=O)O)cc1)c1cc2c(cc1C)C(C)(C)CCC2(C)C,1,0.9516535240869338,0.23529411764705882,<0.30
random,17,215,NC[C@@H]1O[C@H](O[C@H]2[C@@H](O)[C@H](O[C@@H]3[C@@H](O)[C@H](N)C[C@H](N)[C@H]3O[C@H]3O[C@H](CO)[C@@H](O)[C@H](O)[C@H]3N)O[C@@H]2CO)[C@H](N)[C@@H](O)[C@@H]1O,0,0.050879482231012525,0.9761904761904762,>=0.70
random,17,421,CCCCCCCN(CC)CCCC(O)c1ccc(NS(C)(=O)=O)cc1,0,0.5836389909016594,0.33783783783783783,0.30-0.50
random,17,325,CN[C@@H](C)[C@H](O)c1ccccc1,0,0.17896207957414692,1.0,>=0.70
random,17,228,CNC1(C)C2CCC(C2)C1(C)C,0,0.28159881087155,0.15625,<0.30
random,17,413,CCC(C)C1NC(=O)C(Cc2ccc(O)cc2)NC(=O)C(N)CSSCC(C(=O)N2CCCC2C(=O)NC(CC(C)C)C(=O)NCC(N)=O)NC(=O)C(CC(N)=O)NC(=O)C(C(C)O)NC1=O,0,0.0020347604373385435,0.3556701030927835,0.30-0.50
random,17,69,Nc1ccn([C@@H]2O[C@H](CO)[C@@H](O)C2(F)F)c(=O)n1,1,0.9037867006489126,0.6041666666666666,0.50-0.70
random,17,234,CN(CCOc1ccc(NS(C)(=O)=O)cc1)CCc1ccc(NS(C)(=O)=O)cc1,0,0.8533882785456232,0.37681159420289856,0.30-0.50
random,17,295,OC[C@H]1O[C@@H](O[C@@H]2[C@@H](CO)O[C@](O)(CO)[C@H]2O)[C@H](O)[C@@H](O)[C@H]1O,0,0.20914916451934842,0.3783783783783784,0.30-0.50
random,17,422,NC(=O)C1CSSCCC(=O)NC(CCCCN=C(N)N)C(=O)NCC(=O)NC(CC(=O)O)C(=O)NC(Cc2c[nH]c3ccccc23)C(=O)N2CCCC2C(=O)N1,0,0.11501731756896635,0.32751091703056767,0.30-0.50
random,18,68,CCCN(CCOc1c(Cl)cc(Cl)cc1Cl)C(=O)n1ccnc1.O=S(=O)([O-])C(I)I.[Na+],1,0.9567834268188404,0.2345679012345679,<0.30
random,18,250,NC(N)=NCCN1CCCCCCC1,0,0.04408401076286048,0.3142857142857143,0.30-0.50
random,18,377,CSCC[C@H](NC(=O)[C@H](Cc1ccc(OS(=O)(=O)O)cc1)NC(=O)[C@@H](N)CC(=O)O)C(=O)NCC(=O)N[C@@H](Cc1c[nH]c2ccccc12)C(=O)N[C@@H](CCSC)C(=O)N[C@@H](CC(=O)O)C(=O)N[C@@H](Cc1ccccc1)C(N)=O,0,0.058375336604357196,0.6354166666666666,0.50-0.70
random,18,254,CN(C)CCC(c1ccc(Cl)cc1)c1ccccn1,0,0.0538972210709738,1.0,>=0.70
random,18,86,Cc1ccccc1C(=O)Nc1ccc(C(=O)N2CCCC(O)c3cc(Cl)ccc32)c(C)c1,1,0.9358892143268969,0.313953488372093,0.30-0.50
random,18,106,O=C1CN(N=Cc2ccc(-c3ccc([N+](=O)[O-])cc3)o2)C(=O)N1,1,0.8493393976076378,0.22950819672131148,<0.30
random,18,82,CC(C)CN(C[C@@H](O)[C@H](Cc1ccccc1)NC(=O)O[C@H]1CO[C@H]2OCC[C@H]21)S(=O)(=O)c1ccc(N)cc1,1,0.17813766014503915,0.25217391304347825,<0.30
random,18,63,CC1=C(/C=C/C(C)=C/C=C/C(C)=C\C(=O)O)C(C)(C)CCC1,1,0.7708684393887727,0.42857142857142855,0.30-0.50
random,18,7,CNC(=O)c1cc(Oc2ccc(NC(=O)Nc3ccc(Cl)c(C(F)(F)F)c3)cc2)ccn1,1,0.9793348167692799,0.29411764705882354,<0.30
random,18,308,CC(=O)Oc1ccccc1C(=O)Nc1ncc([N+](=O)[O-])s1,0,0.8853288345053515,0.26229508196721313,<0.30
random,18,291,CCN(CC)C(C)C(=O)c1ccccc1,0,0.4503734213462601,0.3333333333333333,0.30-0.50
random,18,322,C[N+]1(C)C2CC(OC(=O)C(CO)c3ccccc3)CC1C1OC12,0,0.02403330624236082,0.6938775510204082,0.50-0.70
random,18,412,CCCCCCCC/C=C/CCCCCCCC(=O)O.NCCO,0,0.27853434884685907,0.3508771929824561,0.30-0.50
random,18,93,CCc1cccc2c3c([nH]c12)C(CC)(CC(=O)O)OCC3,1,0.34669860563417254,0.22033898305084745,<0.30
random,18,450,CC1/C=C/C=C/CC/C=C/C=C/C=C/C=C/C(OC2O[C@H](C)[C@@H](O)[C@H](N)[C@@H]2O)CC(O)C(C(=O)O)C(O)CC(=O)CC(O)C(O)CCC(O)CC(O)CC(O)CC(=O)OC(C)C(C)C1O,0,0.8931427471828671,0.19327731092436976,<0.30
random,18,132,C[C@H](N)C(=O)N[C@@H](C)C(=O)NC1[C@H]2CN(c3nc4c(cc3F)c(=O)c(C(=O)O)cn4-c3ccc(F)cc3F)C[C@@H]12,1,0.9797185012590613,0.6901408450704225,0.50-0.70
random,18,205,CC(COc1ccccc1)NC(C)C(O)c1ccc(O)cc1,0,0.2261062741105682,0.4878048780487805,0.30-0.50
random,18,444,O=C([O-])O.[Na+],0,0.46784434083949705,0.4166666666666667,0.30-0.50
random,18,273,O.O=C([O-])[O-].O=C([O-])[O-].O=C([O-])[O-].[La+3].[La+3],0,0.6097139354779827,0.4166666666666667,0.30-0.50
random,18,367,CCC(=O)N(c1ccccc1)C1(COC)CCN(CCn2nnn(CC)c2=O)CC1,0,0.08904421408601168,0.6153846153846154,0.50-0.70
random,18,116,CCCc1cc(=O)[nH]c(=S)[nH]1,1,0.7644133345033604,0.18181818181818182,<0.30
random,18,149,CC(=O)Oc1cc(C(C)C)c(OCCN(C)C)cc1C,1,0.6041242054328254,0.2962962962962963,<0.30
random,18,101,CCCCc1oc2ccccc2c1C(=O)c1cc(I)c(OCCN(CC)CC)c(I)c1,1,0.9336307188217279,0.5254237288135594,0.50-0.70
random,18,429,NCC[C@H](O)C(=O)N[C@@H]1C[C@H](N)[C@@H](O[C@H]2O[C@H](CN)[C@@H](O)[C@H](O)[C@H]2O)[C@H](O)[C@H]1O[C@H]1O[C@H](CO)[C@@H](O)[C@H](N)[C@H]1O,0,0.0508368491648339,0.6551724137931034,0.50-0.70
random,18,213,Cc1ncc(C[n+]2csc(CCO)c2C)c(N)n1,0,0.5312772014518398,0.23076923076923078,<0.30
random,18,180,COc1cccc2c1[C@@H]1CN(CCCCn3c(=O)[nH]c4c(sc5ncc(-c6ccccc6)nc54)c3=O)C[C@@H]1CO2,1,0.31327397495598713,0.2,<0.30
random,18,70,Cc1ccc(C)c(OCCCC(C)(C)C(=O)O)c1,1,0.20966324074517692,0.25,<0.30
random,18,36,O=C1CN(/N=C\c2ccc([N+](=O)[O-])o2)C(=O)N1,1,0.8578269484118941,0.21875,<0.30
random,18,428,NCCCNCCSP(=O)(O)O,0,0.05688379013790804,0.20930232558139536,<0.30
random,18,161,O=C(c1cc(O)c(O)c(O)c1)c1ccc(O)c(O)c1O,1,0.8240681818801469,0.35714285714285715,0.30-0.50
random,18,14,CCC1(c2ccccc2)C(=O)NC(=O)NC1=O.CCCCOCC(CN1C(=O)N(CC(COCCCC)OC(N)=O)C(=O)C(CC)(c2ccccc2)C1=O)OC(N)=O.CCCCOCC(CN1C(=O)NC(=O)C(CC)(c2ccccc2)C1=O)OC(N)=O,1,0.48356293939339334,0.3181818181818182,0.30-0.50
random,18,259,C#CCN(C)[C@H](C)Cc1ccccc1,0,0.09542236287849813,0.625,0.50-0.70
random,18,304,CC(C)(C)NCC(O)c1ccc(O)c(CO)c1,0,0.018270256698626024,0.475,0.30-0.50
random,18,410,CC(=O)O[C@H]1C[C@@H]2CC[C@@H]3[C@H](CC[C@@]4(C)[C@H]3C[C@H]([N+]3(C)CCCCC3)[C@@H]4OC(C)=O)[C@@]2(C)C[C@@H]1N1CCCCC1.[Br-],0,0.006750754120375076,0.7936507936507936,>=0.70
random,18,197,Nc1nc(=O)c2c([nH]1)NCC(CNc1ccc(C(=O)N[C@H](CCC(=O)O)C(=O)O)cc1)N2C=O,0,0.07939522645326308,1.0,>=0.70
random,18,131,O=C(O)COc1ccc(C(=O)c2cccs2)c(Cl)c1Cl,1,0.9415381153471662,0.27586206896551724,<0.30
random,18,320,Cc1cc2nc3c(=O)[nH]c(=O)nc-3n(C[C@@H](O)[C@@H](O)[C@@H](O)CO)c2cc1C,0,0.2312135542292622,0.2127659574468085,<0.30
random,18,45,C[C@](N)(Cc1ccc(O)c(O)c1)C(=O)O,1,0.23341343301748818,0.6666666666666666,0.50-0.70
random,18,315,CC(O)C(O)C1CNc2[nH]c(N)nc(=O)c2N1,0,0.060787136392664386,0.3037974683544304,0.30-0.50
random,18,441,C#CC1(OC(C)=O)CCC2C3CCC4=CC(=O)CCC4C3CCC21C,0,0.8797205679910584,0.5084745762711864,0.50-0.70
random,18,269,CO[Si](C)(C)O[Si](C)(C)C.O=[Si]=O,0,0.4365198860097092,0.1282051282051282,<0.30
random,18,251,C[C@H](N)Cc1ccccc1,0,0.14374272753304476,0.5384615384615384,0.50-0.70
random,18,436,COc1ccc(N(C)C)cc1CN[C@H]1CCCN[C@H]1c1ccccc1,0,0.32832108420924444,0.1917808219178082,<0.30
random,18,340,Nc1ncnc2c1ncn2[C@@H]1O[C@H](CO)[C@@H](O)[C@H]1O,0,0.512016394767623,0.5076923076923077,0.50-0.70
random,18,358,CCOC(=O)N1CCC(=C2c3ccc(Cl)cc3CCc3cccnc32)CC1,0,0.891091086625959,0.26865671641791045,<0.30
random,18,277,CCN(C(C)=O)c1cccc(-c2ccnc3c(C#N)cnn23)c1,0,0.5154112815757719,0.22972972972972974,<0.30
random,18,4,CC(=O)Nc1nnc(S(N)(=O)=O)s1,1,0.7753907233645209,0.2631578947368421,<0.30
random,18,248,Cl.Cl.NCCNCCNCCN,0,0.16108464631259528,0.15384615384615385,<0.30
random,18,370,Nc1ccc(C(=O)NCC(=O)O)cc1,0,0.9106909443005,0.37209302325581395,0.30-0.50
random,18,152,CC(C)Nc1ncccn1,1,0.4834448821573467,0.2571428571428571,<0.30
random,18,72,Nc1nnc(-c2cccc(Cl)c2Cl)c(N)n1,1,0.5766551996840643,0.18461538461538463,<0.30
random,18,343,CCN(CC)CC(=O)Nc1c(C)cccc1C,0,0.424253908360862,0.3617021276595745,0.30-0.50
random,18,206,CN[C@@H](C)[C@@H](O)c1ccccc1,0,0.2078327099020166,1.0,>=0.70
random,18,330,CCCC(C)(COC(N)=O)COC(=O)NC(C)C,0,0.1061241809175624,0.696969696969697,0.50-0.70
random,18,78,CC(C)C[C@@H](NC(=O)[C@@H](Cc1ccccc1)NC(=O)c1cnccn1)B(O)O,1,0.14613447187213918,0.26785714285714285,<0.30
random,18,440,CN1CCc2cccc3c2[C@H]1Cc1ccc(O)c(O)c1-3,0,0.02089089155602414,0.27941176470588236,<0.30
random,18,170,Cc1cc2c(cc1CC(=O)c1sccc1S(=O)(=O)Nc1onc(C)c1Cl)OCO2,1,0.9283682598745587,0.21176470588235294,<0.30
random,18,112,Cc1cccc(C)c1OCC(C)N,1,0.5792306235795059,0.32432432432432434,0.30-0.50
random,18,155,Cc1cc(Br)c(O)c2ncccc12,1,0.7793749867893871,0.28846153846153844,<0.30
random,18,257,N=c1nc(N2CCCCC2)cc(N)n1O,0,0.47811521490193915,0.18840579710144928,<0.30
random,18,379,O=C(NCC(O)CO)c1c(I)c(C(=O)NCC(O)CO)c(I)c(N(CCO)C(=O)CO)c1I,0,0.013165525431576274,0.21428571428571427,<0.30
random,18,34,CC(CCc1ccccc1)NCC(O)c1ccc(O)c(C(N)=O)c1,1,0.024762491868668062,0.43137254901960786,0.30-0.50
random,18,168,O=C(O)Cc1csc(-c2ccc(Cl)cc2)n1,1,0.9932241432942708,0.288135593220339,<0.30
random,18,54,Nc1nc(NC2CC2)c2ncn(C3C=C[C@H](CO)C3)c2n1,1,0.3240256892376674,0.25,<0.30
random,18,426,COCCNC(=O)CN(CCN(CCN(CC(=O)[O-])CC(=O)NCCOC)CC(=O)[O-])CC(=O)[O-].[Gd+3],0,0.015633511373377807,0.37254901960784315,0.30-0.50
random,18,290,C=Cc1ccccc1S(=O)(=O)[O-].[Ca+2],0,0.5704333901096028,0.2,<0.30
random,18,198,O=C(c1ccc(OCCN2CCCCC2)cc1)c1c(-c2ccc(O)cc2)sc2cc(O)ccc12,0,0.560228875117673,0.2716049382716049,<0.30
random,18,389,C[N+]1(CC2CC2)CC[C@]23c4c5ccc(O)c4O[C@H]2C(=O)CC[C@@]3(O)[C@H]1C5.[Br-],0,0.041191202610884464,0.5757575757575758,0.50-0.70
random,18,118,O=C1C=CC=C/C1=C1\N/C(=C2/C=CC=CC2=O)N(c2ccc(C(=O)O)cc2)N1,1,0.994697756753311,0.22033898305084745,<0.30
random,18,66,CCN(CC)C(=O)[C@]1(c2ccccc2)C[C@@H]1CN,1,0.1652682061980198,0.3018867924528302,0.30-0.50
random,18,374,OC[C@H]1OC(O)[C@H](O)[C@@H](O)[C@@H]1O,0,0.4277023971031401,0.3333333333333333,0.30-0.50
random,18,317,CCC(C)CCCCC(=O)NC(CCNCS(=O)(=O)[O-])C(=O)NC(C(=O)NC(CCNCS(=O)(=O)[O-])C(=O)NC1CCNC(=O)C(C(C)O)NC(=O)C(CCNCS(=O)(=O)[O-])NC(=O)C(CCNCS(=O)(=O)[O-])NC(=O)C(CC(C)C)NC(=O)C(CC(C)C)NC(=O)C(CCNCS(=O)(=O)[O-])NC1=O)C(C)O.[Na+].[Na+].[Na+].[Na+].[Na+],0,0.027468451036185046,0.7019230769230769,>=0.70
random,18,418,CC(O)CN1CCN(CC(=O)[O-])CCN(CC(=O)[O-])CCN(CC(=O)[O-])CC1.[Gd+3],0,0.04152446915382606,0.3,0.30-0.50
random,18,195,NCCCCCC(=O)O,0,0.10471750191289944,0.2926829268292683,<0.30
random,18,58,NC(=O)NO,1,0.6592421558564556,0.25925925925925924,<0.30
random,18,336,CC[N+](C)(C)c1cccc(O)c1,0,0.28845856738249726,0.3333333333333333,0.30-0.50
random,18,243,Cc1ncc2n1-c1ccc(Cl)cc1C(c1ccccc1F)=NC2,0,0.512879179231436,0.5166666666666667,0.50-0.70
random,18,321,C#C[C@]1(O)CC[C@H]2[C@@H]3CCC4=CC(=O)CC[C@@H]4[C@H]3CC[C@@]21CC,0,0.687586614336104,0.5087719298245614,0.50-0.70
random,18,89,C[C@H]1O[C@H](O[C@H]2[C@H](O)[C@@H](O)[C@@H](O[C@H]3[C@H](O)[C@@H](O)[C@H](O)O[C@@H]3CO)O[C@@H]2CO)[C@H](O)[C@@H](O)[C@@H]1N[C@H]1C=C(CO)[C@H](O)[C@H](O)[C@H]1O,1,0.7604925341010269,0.3333333333333333,0.30-0.50
random,18,181,Cc1ccc(-n2[nH]c(C)c(N/N=C3\C=CC=C(c4cccc(C(=O)O)c4)C3=O)c2=O)cc1C.NCCO.NCCO,1,0.7878637509034211,0.1875,<0.30
random,18,282,CCN(CC)CCOC(=O)C1(C2CCCCC2)CCCCC1,0,0.0446166345742839,0.2903225806451613,<0.30
random,18,337,NCCc1ccc(O)c(O)c1,0,0.08048360224421076,0.56,0.50-0.70
random,18,95,O=C1NC(c2ccccc2)(c2ccccc2)C(=O)N1COP(=O)(O)O,1,0.6888445830374488,0.35714285714285715,0.30-0.50
random,18,362,Oc1ccc2c(c1)[C@@]13CCCC[C@@]1(O)[C@@H](C2)N(CC1CCC1)CC3,0,0.04059576068352808,0.4626865671641791,0.30-0.50
random,18,113,COc1ccccc1Oc1c(NS(=O)(=O)c2ccc(C(C)(C)C)cc2)nc(-c2ncccn2)nc1OCCO,1,0.9002723544178913,0.2463768115942029,<0.30
random,18,199,C=C1CC[C@H](O)C/C1=C/C=C1\CCC[C@]2(C)[C@@H]([C@H](C)/C=C/[C@H](C)C(C)C)CC[C@@H]12,0,0.3400757749999413,0.4931506849315068,0.30-0.50
random,18,348,Cl.N#C[C@@H]1C[C@@H]2C[C@@H]2N1C(=O)[C@@H](N)C12CC3CC(CC(O)(C3)C1)C2,0,0.15712274085479486,0.24,<0.30
random,18,22,CNCC[C@@H](Oc1ccccc1C)c1ccccc1,1,0.5520365319315393,0.44,0.30-0.50
random,18,252,O=C(NC(CO)C(O)c1ccc([N+](=O)[O-])cc1)C(Cl)Cl,0,0.23403018773998976,0.24074074074074073,<0.30
random,18,76,CN(CC=CC#CC(C)(C)C)Cc1cccc2ccccc12,1,0.2914012571057159,0.20588235294117646,<0.30
random,18,295,OC[C@H]1O[C@@H](O[C@@H]2[C@@H](CO)O[C@](O)(CO)[C@H]2O)[C@H](O)[C@@H](O)[C@H]1O,0,0.38777712322438856,0.43137254901960786,0.30-0.50
random,19,435,CCOC(=O)c1cncn1C(C)c1ccccc1,0,0.4607071601234083,0.3333333333333333,0.30-0.50
random,19,424,C[C@@H]1CCN(C(=O)[C@H](CCCN=C(N)N)NS(=O)(=O)c2cccc3c2NC[C@H](C)C3)[C@@H](C(=O)O)C1,0,0.03147722334353628,0.2734375,<0.30
random,19,396,C=CCOCC1CN2CCO[Si](C)(O1)OC(COCC=C)C2,0,0.3633455076660496,0.1875,<0.30
random,19,426,COCCNC(=O)CN(CCN(CCN(CC(=O)[O-])CC(=O)NCCOC)CC(=O)[O-])CC(=O)[O-].[Gd+3],0,0.011751889143067582,0.3055555555555556,0.30-0.50
random,19,288,C[N+]1(C)CCCC(OC(=O)C(O)(c2ccccc2)c2ccccc2)C1,0,0.04811598751984464,0.6382978723404256,0.50-0.70
random,19,56,CC[C@H]1OC(=O)[C@H](C)C(=O)[C@H](C)[C@@H](O[C@@H]2O[C@H](C)C[C@H](N(C)C)[C@H]2O)[C@@](C)(OC)C[C@@H](C)C(=O)[C@H](C)[C@H]2N(CCCCn3cnc(-c4cccnc4)c3)C(=O)O[C@]12C,1,0.9959086634699132,0.42016806722689076,0.30-0.50
random,19,43,O=C(O)c1cn(C2CC2)c2cc(N3CCNCC3)c(F)cc2c1=O,1,0.7379810388700913,0.38571428571428573,0.30-0.50
random,19,237,COc1ccc(OC)c(C(O)CNC(=O)CN)c1,0,0.05732908675260329,0.2833333333333333,<0.30
random,19,378,[Cl][Cu][Cl],0,0.40241410708518627,0.041666666666666664,<0.30
random,19,141,O=C(COc1ccc(Cl)cc1)N1CCN(Cc2ccc3c(c2)OCO3)CC1,1,0.663237538774413,0.29850746268656714,<0.30
random,19,415,CNC[C@H](O)[C@@H](O)[C@H](O)[C@H](O)CO.CNC[C@H](O)[C@@H](O)[C@H](O)[C@H](O)CO.O=C([O-])CN(CCN(CC(=O)[O-])CC(=O)O)CCN(CC(=O)[O-])CC(=O)O.[Gd+3],0,0.009191607004291384,0.39473684210526316,0.30-0.50
random,19,148,COc1ccc2c(C(=S)N(C)CC(=O)O)cccc2c1C(F)(F)F,1,0.6486347040094247,0.21621621621621623,<0.30
random,19,403,CC[C@H](C)[C@@H]1NC(=O)[C@H](Cc2ccc(O)cc2)NC(=O)[C@@H](N)CSSC[C@@H](C(=O)N2CCC[C@H]2C(=O)N[C@@H](CC(C)C)C(=O)NCC(N)=O)NC(=O)[C@H](CC(N)=O)NC(=O)[C@H](CCC(N)=O)NC1=O,0,0.0034104215772269974,0.8979591836734694,>=0.70
random,19,307,C=CCN1C[C@H](C(=O)N(CCCN(C)C)C(=O)NCC)C[C@@H]2c3cccc4[nH]cc(c34)C[C@H]21,0,0.016544728216885164,0.32456140350877194,0.30-0.50
random,19,343,CCN(CC)CC(=O)Nc1c(C)cccc1C,0,0.4537552676130689,0.3448275862068966,0.30-0.50
random,19,29,S=c1nc[nH]c2nc[nH]c12,1,0.6126415553063674,0.3142857142857143,0.30-0.50
random,19,58,NC(=O)NO,1,0.5196195513387081,0.25925925925925924,<0.30
random,19,395,C/C=C1\NC(=O)[C@H]2CSSCC/C=C/[C@H](CC(=O)N[C@H](C(C)C)C(=O)N2)OC(=O)[C@H](C(C)C)NC1=O,0,0.9528139226255138,0.16666666666666666,<0.30
random,19,269,CO[Si](C)(C)O[Si](C)(C)C.O=[Si]=O,0,0.6524004002013503,0.1282051282051282,<0.30
random,19,429,NCC[C@H](O)C(=O)N[C@@H]1C[C@H](N)[C@@H](O[C@H]2O[C@H](CN)[C@@H](O)[C@H](O)[C@H]2O)[C@H](O)[C@H]1O[C@H]1O[C@H](CO)[C@@H](O)[C@H](N)[C@H]1O,0,0.014221442838154774,0.6551724137931034,0.50-0.70
random,19,201,CCOC(=O)C1(c2ccccc2)CCN(CCC(C#N)(c2ccccc2)c2ccccc2)CC1,0,0.0033264249293760797,0.6078431372549019,0.50-0.70
random,19,442,C/C(=N\O)[C@@H](C)NCC(C)(C)CN[C@H](C)/C(C)=N/O,0,0.112123230951196,0.17647058823529413,<0.30
random,19,294,CC(C)(C(=O)c1cccnc1)c1cccnc1,0,0.8588778619607672,0.5151515151515151,0.50-0.70
random,19,346,CC(=O)OCC[N+](C)(C)C,0,0.08090010191107348,0.6521739130434783,0.50-0.70
random,19,393,[Fe].[O]=[Fe][OH].[O]=[Fe][OH],0,0.29734948024315483,0.15384615384615385,<0.30
random,19,281,CC(=O)OCC(=O)[C@@]1(O)CC[C@H]2[C@@H]3CCC4=CC(=O)CC[C@]4(C)[C@H]3C(=O)C[C@@]21C,0,0.40151435361859644,0.5294117647058824,0.50-0.70
random,19,128,Nc1c(CC(=O)O)cccc1C(=O)c1ccc(Br)cc1,1,0.8959929908000182,0.32653061224489793,0.30-0.50
random,19,374,OC[C@H]1OC(O)[C@H](O)[C@@H](O)[C@@H]1O,0,0.3186786689281936,0.3783783783783784,0.30-0.50
random,19,265,CC(Cc1ccccc1)N(C)Cc1ccccc1,0,0.19879803477749472,0.625,0.50-0.70
random,19,380,CC[C@H](C)[C@H](NC(=O)[C@H](CC(=O)O)NC(=O)[C@H](CC(C)C)NC(=O)[C@H](CC(C)C)NC(=O)[C@H](CCCCN)NC(=O)[C@H](CCCNC(=N)N)NC(=O)[C@H](CC(N)=O)NC(=O)[C@H](CO)NC(=O)[C@H](Cc1cnc[nH]1)NC(=O)[C@H](C)NC(=O)[C@H](CCC(N)=O)NC(=O)[C@H](CCC(N)=O)NC(=O)[C@H](C)NC(=O)[C@H](CC(C)C)NC(=O)[C@H](CCC(N)=O)NC(=O)[C@H](CC(=O)O)NC(=O)[C@H](C)NC(=O)[C@H](CCCCN)NC(=O)[C@@H](NC(=O)[C@H](CCSC)NC(=O)[C@H](CCC(=O)O)NC(=O)[C@H](CC(C)C)NC(=O)[C@@H](NC(=O)[C@H](CCC(=O)O)NC(=O)[C@H](CCCNC(=N)N)NC(=O)[C@H](CC(C)C)NC(=O)[C@H](CC(C)C)NC(=O)[C@H](Cc1cnc[nH]1)NC(=O)[C@H](Cc1ccccc1)NC(=O)[C@@H](NC(=O)[C@H](CC(C)C)NC(=O)[C@H](CC(=O)O)NC(=O)[C@H](CC(C)C)NC(=O)[C@H](CO)NC(=O)[C@@H](NC(=O)[C@@H]1CCCN1C(=O)[C@@H]1CCCN1C(=O)[C@H](CCC(=O)O)NC(=O)[C@H](CCC(N)=O)NC(=O)[C@@H](N)CO)[C@@H](C)CC)[C@@H](C)O)C(C)C)[C@@H](C)O)C(=O)N[C@@H](C)C(N)=O,0,0.0010720748123331375,0.9568345323741008,>=0.70
random,19,34,CC(CCc1ccccc1)NCC(O)c1ccc(O)c(C(N)=O)c1,1,0.014677156830407769,0.43137254901960786,0.30-0.50
random,19,118,O=C1C=CC=C/C1=C1\N/C(=C2/C=CC=CC2=O)N(c2ccc(C(=O)O)cc2)N1,1,0.9818940184729027,0.22033898305084745,<0.30
random,19,203,COc1ccc2c(c1)[C@]13CCCC[C@@H]1[C@H](C2)N(C)CC3,0,0.0794545256083505,0.3230769230769231,0.30-0.50
random,19,285,CC(C)[N+](C)(CCOC(=O)C1c2ccccc2Oc2ccccc21)C(C)C,0,0.5566695584075672,0.28888888888888886,<0.30
random,19,149,CC(=O)Oc1cc(C(C)C)c(OCCN(C)C)cc1C,1,0.5863196354241399,0.2962962962962963,<0.30
random,19,159,COc1ccc2c(C(=O)c3ccc(Cl)cc3)c(C)n(CC(=O)O)c2c1,1,0.8321032499628519,0.5172413793103449,0.50-0.70
random,19,239,C/C1=C2/[N-]C([C@H](CC(N)=O)[C@@]2(C)CCC(=O)NCC(C)OP(=O)(O)OC2C(O)[C@@H](n3cnc4cc(C)c(C)cc43)O[C@H]2CO)[C@]2(C)N=C(/C(C)=C3N=C(/C=C4N=C1[C@@H](CCC(N)=O)C\4(C)C)[C@@H](CCC(N)=O)[C@]\3(C)CC(N)=O)[C@@H](CCC(N)=O)[C@]2(C)CC(N)=O.[C-]#N.[Co+3],0,0.2504179516800193,0.19607843137254902,<0.30
random,19,344,CCC(C)[C@H](N)C1=NCC(C(=O)N[C@@H](CC(C)C)C(=O)N[C@H](CCC(=O)O)C(=O)N[C@H](C(=O)N[C@H]2CCCCNC(=O)[C@H](CC(N)=O)NC(=O)[C@@H](CC(=O)O)NC(=O)[C@H](Cc3cnc[nH]3)NC(=O)[C@@H](Cc3ccccc3)NC(=O)[C@H](C(C)CC)NC(=O)[C@@H](CCCN)NC2=O)C(C)CC)S1,0,0.13295268980215771,0.40397350993377484,0.30-0.50
random,19,112,Cc1cccc(C)c1OCC(C)N,1,0.7180731828248533,0.3870967741935484,0.30-0.50
random,19,33,NC(=O)N1c2ccccc2C=Cc2ccccc21,1,0.6678907326228735,0.2631578947368421,<0.30
random,19,92,C[C@]12CC[C@H]3[C@@H](CCC4=CC(=O)CC[C@@H]43)[C@@H]1CC[C@@H]2O,1,0.34462448284576,0.56,0.50-0.70
random,19,52,Cn1cnc([N+](=O)[O-])c1Sc1ncnc2nc[nH]c12,1,0.6866075472318174,0.25925925925925924,<0.30
random,19,20,CC(c1cc2ccccc2s1)N(O)C(N)=O,1,0.8718787336593409,0.25,<0.30
random,19,361,Cc1cccc(C)c1NC(=O)C1CCCCN1C,0,0.1014294327965176,0.3125,0.30-0.50
random,19,284,CN1CC[C@]23CCCC[C@H]2[C@H]1Cc1ccc(O)cc13,0,0.022362991806456265,0.3770491803278688,0.30-0.50
random,19,404,CSCC[C@H](NC(=O)[C@H](CO)NC(=O)[C@H](Cc1ccc(O)cc1)NC(=O)C(N)CO)C(=O)N[C@@H](CCC(=O)O)C(=O)N[C@@H](Cc1c[nH]cn1)C(=O)N[C@@H](Cc1ccccc1)C(=O)N[C@@H](CCCNC(=N)N)C(=O)N[C@@H](Cc1c[nH]c2ccccc12)C(=O)NCC(=O)N[C@@H](CCCCN)C(=O)N1CCC[C@H]1C(=O)N[C@H](C(=O)NCC(=O)N[C@H](CCCCN)C(=O)N[C@H](CCCCN)C(=O)N[C@H](CCCNC(=N)N)C(=O)N[C@H](CCCNC(=N)N)C(=O)N1CCC[C@H]1C(=O)N[C@H](C(=O)N[C@@H](CCCCN)C(=O)N[C@H](C(=O)N[C@@H](Cc1ccc(O)cc1)C(=O)N1CCC[C@H]1C(=O)O)C(C)C)C(C)C)C(C)C,0,7.147849279414041e-05,0.6753246753246753,0.50-0.70
random,19,182,CCCC(CCC)C(=O)O.CCCC(CCC)C(=O)[O-].[Na+],1,0.5795731454970064,0.7272727272727273,>=0.70
random,19,416,Oc1ccc(C2CNCCc3c2cc(O)c(O)c3Cl)cc1,0,0.3155396733390183,0.19148936170212766,<0.30
random,19,131,O=C(O)COc1ccc(C(=O)c2cccs2)c(Cl)c1Cl,1,0.8690060298085152,0.27586206896551724,<0.30
random,19,297,CC(N)C12CC3CC(CC(C3)C1)C2,0,0.09390217443840866,0.24,<0.30
random,19,437,O=C(CCCCC(=O)Nc1c(I)cc(I)c(C(=O)O)c1I)Nc1c(I)cc(I)c(C(=O)O)c1I,0,0.14191927702755042,0.38461538461538464,0.30-0.50
random,19,147,CCOC(=O)CN[C@@H](C(=O)N1CC[C@H]1C(=O)NCc1ccc(/C(N)=N/O)cc1)C1CCCCC1,1,0.29177774688083213,0.22302158273381295,<0.30
random,19,178,CCCCN1C(=O)[C@@H]([C@H](O)C2CCCCC2)NC(=O)C12CCN(Cc1ccc(Oc3ccc(C(=O)O)cc3)cc1)CC2,1,0.784280734758206,0.23711340206185566,<0.30
random,19,366,O=C(CCCN1CC=C(n2c(=O)[nH]c3ccccc32)CC1)c1ccc(F)cc1,0,0.16117286702987213,0.3972602739726027,0.30-0.50
random,19,188,CN1CCC[C@@H]1CCO[C@](C)(c1ccccc1)c1ccc(Cl)cc1,0,0.020222372489625575,0.3157894736842105,0.30-0.50
random,19,177,CN1CCC(Nc2ncc3ncnc(Nc4ccc(F)c(Cl)c4)c3n2)CC1,1,0.9876305609976122,0.4074074074074074,0.30-0.50
random,19,206,CN[C@@H](C)[C@@H](O)c1ccccc1,0,0.1898007074984016,1.0,>=0.70
random,19,22,CNCC[C@@H](Oc1ccccc1C)c1ccccc1,1,0.6534903825413958,0.44,0.30-0.50
random,19,16,Cc1cc(C#N)cc(C)c1Oc1nc(Nc2ccc(C#N)cc2)nc(N)c1Br,1,0.9950151670914027,0.18823529411764706,<0.30
random,19,123,Cc1cccc(Nc2ccccc2C(=O)O)c1C,1,0.9472586329068333,0.30434782608695654,0.30-0.50
random,19,241,NC(=O)C(c1ccccc1)(c1ccccc1)[C@@H]1CCN(CCc2ccc3c(c2)CCO3)C1,0,0.02466683076874851,0.3333333333333333,0.30-0.50
random,19,277,CCN(C(C)=O)c1cccc(-c2ccnc3c(C#N)cnn23)c1,0,0.6287051117392741,0.22972972972972974,<0.30
random,19,32,O=c1ncnc2[nH][nH]cc1-2,1,0.6328034220342293,0.16666666666666666,<0.30
random,19,233,CN1CC[C@]23c4c5ccc(O)c4O[C@H]2[C@@H](O)C=C[C@H]3[C@H]1C5,0,0.04682296698205701,0.7592592592592593,>=0.70
random,19,172,C=CCOc1ccc(CC(=O)O)cc1Cl,1,0.8209046266380131,0.32558139534883723,0.30-0.50
random,19,195,NCCCCCC(=O)O,0,0.06997192184306984,0.4838709677419355,0.30-0.50
random,19,55,CCCSc1ccc2nc(NC(=O)OC)[nH]c2c1,1,0.6767902653579331,0.19230769230769232,<0.30
random,19,430,CNC[C@H](O)[C@@H](O)[C@H](O)[C@H](O)CO.CNC[C@H](O)[C@@H](O)[C@H](O)[C@H](O)CO.O=C([O-])CN(CCN(CC(=O)[O-])CC(=O)O)CCN(CC(=O)O)C(COCc1ccccc1)C(=O)[O-].[Gd+3],0,0.07081539112548499,0.2459016393442623,<0.30
random,19,253,CC(C)NCC(O)c1cc(O)cc(O)c1,0,0.06793388343966014,0.6060606060606061,0.50-0.70
random,19,337,NCCc1ccc(O)c(O)c1,0,0.1988415915048552,0.56,0.50-0.70
random,19,196,O=C1OC([C@@H](O)CO)C(O)=C1O,0,0.09434272515958442,0.2,<0.30
random,19,372,CC1(C)C(=CC=CC=CC=CC2=[N+](CCCCS(=O)(=O)[O-])c3ccc4ccccc4c3C2(C)C)N(CCCCS(=O)(=O)[O-])c2ccc3ccccc3c21.[Na+],0,0.4863966184431125,0.16483516483516483,<0.30
random,19,115,CS(=O)(=O)CCNCc1ccc(-c2ccc3ncnc(Nc4ccc(OCc5cccc(F)c5)c(Cl)c4)c3c2)o1,1,0.9982061034072448,0.31683168316831684,0.30-0.50
random,19,174,Cc1nc(C)c2c(n1)N(Cc1ccc(-c3ccccc3-c3nn[nH]n3)cc1)C(=O)CC2,1,0.8170636988805969,0.2087912087912088,<0.30
random,19,357,Nc1nc(F)nc2c1ncn2[C@@H]1O[C@H](COP(=O)(O)O)[C@@H](O)[C@@H]1O,0,0.6837661554732736,0.48333333333333334,0.30-0.50
random,19,183,Cc1nnc(C(C)C)n1C1C[C@H]2CC[C@@H](C1)N2CC[C@H](NC(=O)C1CCC(F)(F)CC1)c1ccccc1,1,0.1658211408356658,0.2857142857142857,<0.30
random,19,175,CC(=O)N[C@@H]1[C@@H](O[C@@H]2O[C@@H](C(=O)[O-])[C@@H](O)[C@H](O)[C@H]2O)[C@@H](OS(=O)(=O)[O-])[C@@H](CO)O[C@H]1O,1,0.2608844151351334,0.3333333333333333,0.30-0.50
random,19,101,CCCCc1oc2ccccc2c1C(=O)c1cc(I)c(OCCN(CC)CC)c(I)c1,1,0.9426309992421235,0.5254237288135594,0.50-0.70
random,19,97,CC(=O)N1CCN(c2ccc(OC[C@@H]3CO[C@@](Cn4ccnc4)(c4ccc(Cl)cc4Cl)O3)cc2)CC1,1,0.9826558739596574,0.5531914893617021,0.50-0.70
random,19,25,CC[C@H]1OC(=O)[C@H](C)[C@@H](O[C@H]2C[C@@](C)(OC)[C@@H](O)[C@H](C)O2)[C@H](C)[C@@H](O[C@@H]2O[C@H](C)C[C@H](N(C)C)[C@H]2O)[C@](C)(OC)C[C@@H](C)C(=O)[C@H](C)[C@@H](O)[C@]1(C)O,1,0.880068852759699,0.922077922077922,>=0.70
random,19,351,CCCCCCC(C)(C)c1cc(O)c2c(c1)OC(C)(C)[C@@H]1CCC(=O)C[C@@H]21,0,0.6303132444036585,0.2261904761904762,<0.30
random,19,119,CCN(CC)CCNC(=O)c1c(C)[nH]c(/C=C2\C(=O)Nc3ccc(F)cc32)c1C,1,0.49097564486557377,0.24691358024691357,<0.30
random,19,363,Oc1ccc2c3c1OC1[C@@H](O)CC[C@@]4(O)[C@@H](C2)N(CC2CCC2)CC[C@]314,0,0.13711734654692226,0.4861111111111111,0.30-0.50
random,19,321,C#C[C@]1(O)CC[C@H]2[C@@H]3CCC4=CC(=O)CC[C@@H]4[C@H]3CC[C@@]21CC,0,0.11137440425619051,0.5396825396825397,0.50-0.70
random,19,385,O.O=C([O-])CN(CCN(CC(=O)[O-])C[C@H](COP(=O)([O-])OC1CCC(c2ccccc2)(c2ccccc2)CC1)N(CC(=O)[O-])CC(=O)[O-])CC(=O)[O-].[Gd+3].[Na+].[Na+].[Na+],0,0.0032151036475869194,0.2125,<0.30
random,19,219,C[N+](C)(C)CC(=O)[O-],0,0.15365205406512544,0.4583333333333333,0.30-0.50
random,19,312,CCC(=O)NCC[C@@H]1CCc2ccc3c(c21)CCO3,0,0.7992972631287815,0.20270270270270271,<0.30
random,19,9,CS(=O)(=O)Nc1ccc([N+](=O)[O-])cc1Oc1ccccc1,1,0.6909257726413282,0.2641509433962264,<0.30
random,19,14,CCC1(c2ccccc2)C(=O)NC(=O)NC1=O.CCCCOCC(CN1C(=O)N(CC(COCCCC)OC(N)=O)C(=O)C(CC)(c2ccccc2)C1=O)OC(N)=O.CCCCOCC(CN1C(=O)NC(=O)C(CC)(c2ccccc2)C1=O)OC(N)=O,1,0.4688316808960982,0.3181818181818182,0.30-0.50
random,19,387,C[NH+](C)CCOC(c1ccccc1)c1ccccc1.Cn1c2nc(Cl)nc-2c([O-])n(C)c1=O,0,0.3441047682375211,0.3157894736842105,0.30-0.50
random,19,367,CCC(=O)N(c1ccccc1)C1(COC)CCN(CCn2nnn(CC)c2=O)CC1,0,0.03951021448141891,0.6153846153846154,0.50-0.70
random,20,8,COc1ccc(Cc2nccc3cc(OC)c(OC)cc23)cc1OC,1,0.706694463239821,0.25,<0.30
random,20,443,NC(=O)CCC1NC(=O)C(Cc2ccccc2)NC(=O)C(Cc2ccc(O)cc2)NC(=O)C(N)CSSCC(C(=O)N2CCCC2C(=O)NC(CCCN=C(N)N)C(=O)NCC(N)=O)NC(=O)C(CC(N)=O)NC1=O,0,0.0018523958900938636,0.7090909090909091,>=0.70
random,20,434,COC(=O)CCc1ccc(OCC(O)CNC(C)C)cc1,0,0.17616596370225146,0.39285714285714285,0.30-0.50
random,20,178,CCCCN1C(=O)[C@@H]([C@H](O)C2CCCCC2)NC(=O)C12CCN(Cc1ccc(Oc3ccc(C(=O)O)cc3)cc1)CC2,1,0.939810070326421,0.2403846153846154,<0.30
random,20,190,C[C@H]1O[C@@H](O[C@H]2[C@@H](O)C[C@H](O[C@H]3[C@@H](O)C[C@H](O[C@H]4CC[C@@]5(C)[C@H](CC[C@@H]6[C@@H]5C[C@@H](O)[C@]5(C)C(C7=CC(=O)OC7)CC[C@]65O)C4)O[C@@H]3C)O[C@@H]2C)C[C@H](O)[C@@H]1O,0,0.5753129351092436,0.22988505747126436,<0.30
random,20,302,Cc1ccc(O)c([C@@H](CCN(C(C)C)C(C)C)c2ccccc2)c1,0,0.14959861158346052,0.4262295081967213,0.30-0.50
random,20,187,Cc1ccccc1C(OCCN(C)C)c1ccccc1,0,0.06088964783394657,0.7272727272727273,>=0.70
random,20,255,OCC(S)CS,0,0.12558928414730877,0.2631578947368421,<0.30
random,20,227,CN[C@@H](C)Cc1ccccc1,0,0.3185416248379822,0.5384615384615384,0.50-0.70
random,20,111,Cc1oncc1C(=O)Nc1ccc(C(F)(F)F)cc1,1,0.6257372443982875,0.2727272727272727,<0.30
random,20,134,CCCN(CCC)C(=O)Cc1c(-c2ccc(Cl)cc2)nc2ccc(Cl)cn12,1,0.9459587509109986,0.288135593220339,<0.30
random,20,289,Cc1ccc(/C(=C\CN2CCCC2)c2ccccn2)cc1,0,0.20778404297993952,0.25,<0.30
random,20,65,C#Cc1cccc(Nc2ncnc3cc(OCCOC)c(OCCOC)cc23)c1,1,0.7620114789342933,0.40789473684210525,0.30-0.50
random,20,431,Cc1nc2c([nH]1)CCN(C(=O)c1ccc(NC(=O)c3ccccc3-c3ccccc3)cc1)c1ccccc1-2,0,0.801732007905846,0.313953488372093,0.30-0.50
random,20,216,[Cl-].[NH4+],0,0.33903649043222017,0.08333333333333333,<0.30
random,20,407,O=C(O)CN(CCN(CC(=O)O)CC(=O)O)CCN(CC(=O)O)CC(=O)O,0,0.2743567982124515,0.3055555555555556,0.30-0.50
random,20,387,C[NH+](C)CCOC(c1ccccc1)c1ccccc1.Cn1c2nc(Cl)nc-2c([O-])n(C)c1=O,0,0.5079378635419136,0.3157894736842105,0.30-0.50
random,20,263,CC#C[C@]1(O)CC[C@H]2[C@@H]3CCC4=CC(=O)CCC4=C3[C@@H](c3ccc(N(C)C)cc3)C[C@@]21C,0,0.34799307690019876,0.27710843373493976,<0.30
random,20,386,CC[C@H](C)[C@H](NC(=O)[C@H](Cc1ccccc1)NC(=O)[C@H](CC(C)C)NC(=O)[C@H](CCCNC(=N)N)NC(=O)[C@@H](NC(=O)[C@H](C)NC(=O)[C@H](CCC(=O)O)NC(=O)[C@H](CCC(=O)O)NC(=O)[C@H](CCC(=O)O)NC(=O)[C@H](CCSC)NC(=O)[C@H](CCC(N)=O)NC(=O)[C@H](CCCCN)NC(=O)[C@H](CO)NC(=O)[C@H](CC(C)C)NC(=O)[C@H](CC(=O)O)NC(=O)[C@H](CO)NC(=O)[C@@H](NC(=O)[C@H](Cc1ccccc1)NC(=O)[C@@H](NC(=O)CNC(=O)[C@H](CCC(=O)O)NC(=O)CNC(=O)[C@@H](N)Cc1cnc[nH]1)[C@@H](C)O)[C@@H](C)O)C(C)C)C(=O)N[C@@H](CCC(=O)O)C(=O)N[C@@H](Cc1c[nH]c2ccccc12)C(=O)N[C@@H](CC(C)C)C(=O)N[C@@H](CCCCN)C(=O)N[C@@H](CC(N)=O)C(=O)NCC(=O)NCC(=O)N1CCC[C@H]1C(=O)N[C@@H](CO)C(=O)N[C@@H](CO)C(=O)NCC(=O)N[C@@H](C)C(=O)N1CCC[C@H]1C(=O)N1CCC[C@H]1C(=O)N1CCC[C@H]1C(=O)N[C@@H](CO)C(N)=O,0,0.0007931794951846601,0.7514792899408284,>=0.70
random,20,191,N[C@@H](Cc1cc(I)c(Oc2ccc(O)c(I)c2)c(I)c1)C(=O)O,0,0.7322332178539549,0.25925925925925924,<0.30
random,20,371,CC[C@H](C)[C@H](NC(=O)[C@@H](NC(=O)[C@H](CCC(=O)O)NC(=O)[C@H](CC(C)C)NC(=O)[C@H](CCSC)NC(=O)[C@H](CCCCN)NC(=O)[C@H](CCCNC(=N)N)NC(=O)[C@H](CC(N)=O)NC(=O)[C@H](CO)NC(=O)[C@H](Cc1cnc[nH]1)NC(=O)[C@H](C)NC(=O)[C@H](CCC(N)=O)NC(=O)[C@H](CCC(N)=O)NC(=O)[C@H](C)NC(=O)[C@H](CC(C)C)NC(=O)[C@H](CCC(N)=O)NC(=O)[C@H](CCC(=O)O)NC(=O)[C@H](C)NC(=O)[C@H](CCCNC(=N)N)NC(=O)[C@H](C)NC(=O)[C@H](CCSC)NC(=O)[C@H](CCC(=O)O)NC(=O)[C@H](CC(C)C)NC(=O)[C@@H](NC(=O)[C@H](CCC(=O)O)NC(=O)[C@H](CCCNC(=N)N)NC(=O)[C@H](CC(C)C)NC(=O)[C@H](CC(C)C)NC(=O)[C@H](Cc1cnc[nH]1)NC(=O)[C@H](Cc1ccccc1)NC(=O)[C@@H](NC(=O)[C@H](CC(C)C)NC(=O)[C@H](CC(=O)O)NC(=O)[C@H](CC(C)C)NC(=O)[C@H](CO)NC(=O)[C@@H](NC(=O)[C@@H]1CCCN1C(=O)[C@@H]1CCCN1C(=O)[C@H](CCC(=O)O)NC(=O)[C@H](CCC(=O)O)NC(=O)[C@@H](N)CO)[C@@H](C)CC)[C@@H](C)O)C(C)C)[C@@H](C)CC)C(=O)O,0,0.0019585578885844613,0.9568345323741008,>=0.70
random,20,417,COc1cc2c(cc1OC)[C@@H](Cc1cc(OC)c(OC)c(OC)c1)[N+](C)(CCCOC(=O)CC/C=C/CCC(=O)OCCC[N+]1(C)CCc3cc(OC)c(OC)cc3[C@H]1Cc1cc(OC)c(OC)c(OC)c1)CC2,0,0.039741123088113284,0.6825396825396826,0.50-0.70
random,20,325,CN[C@@H](C)[C@H](O)c1ccccc1,0,0.22136913179039464,1.0,>=0.70
random,20,415,CNC[C@H](O)[C@@H](O)[C@H](O)[C@H](O)CO.CNC[C@H](O)[C@@H](O)[C@H](O)[C@H](O)CO.O=C([O-])CN(CCN(CC(=O)[O-])CC(=O)O)CCN(CC(=O)[O-])CC(=O)O.[Gd+3],0,0.015108544355578197,0.6229508196721312,0.50-0.70
random,20,109,CN(C)N/N=C1\N=CN=C1C(N)=O,1,0.7981889319000158,0.2,<0.30
random,20,100,NNC(=O)c1ccncc1,1,0.8961627246490346,0.5161290322580645,0.50-0.70
random,20,157,CCc1oc2ccccc2c1C(=O)c1ccc(O)cc1,1,0.8731080804850129,0.6904761904761905,0.50-0.70
random,20,450,CC1/C=C/C=C/CC/C=C/C=C/C=C/C=C/C(OC2O[C@H](C)[C@@H](O)[C@H](N)[C@@H]2O)CC(O)C(C(=O)O)C(O)CC(=O)CC(O)C(O)CCC(O)CC(O)CC(O)CC(=O)OC(C)C(C)C1O,0,0.9172892623083814,0.18947368421052632,<0.30
random,20,83,O=C1Nc2ccc(Cl)cc2[C@@](C#CC2CC2)(C(F)(F)F)O1,1,0.9749187057765897,0.24615384615384617,<0.30
random,20,389,C[N+]1(CC2CC2)CC[C@]23c4c5ccc(O)c4O[C@H]2C(=O)CC[C@@]3(O)[C@H]1C5.[Br-],0,0.06158409107293807,0.5757575757575758,0.50-0.70
random,20,93,CCc1cccc2c3c([nH]c12)C(CC)(CC(=O)O)OCC3,1,0.4267653668202437,0.22033898305084745,<0.30
random,20,24,COc1ccc([C@@H]2Sc3ccccc3N(CCN(C)C)C(=O)[C@@H]2OC(C)=O)cc1,1,0.6368028041932465,0.23943661971830985,<0.30
random,20,149,CC(=O)Oc1cc(C(C)C)c(OCCN(C)C)cc1C,1,0.5398533841046742,0.2631578947368421,<0.30
random,20,164,CC(NN)c1ccccc1,1,0.6826959584821731,0.41379310344827586,0.30-0.50
random,20,122,CN1C(=O)CCS(=O)(=O)C1c1ccc(Cl)cc1,1,0.7021395853934421,0.21666666666666667,<0.30
random,20,375,[13CH3]C(O)C(=O)[O-].[Na+],0,0.195331687085455,0.4,0.30-0.50
random,20,113,COc1ccccc1Oc1c(NS(=O)(=O)c2ccc(C(C)(C)C)cc2)nc(-c2ncccn2)nc1OCCO,1,0.8184755423442014,0.2463768115942029,<0.30
random,20,73,CC(C)c1c(C(=O)Nc2ccccc2)c(-c2ccccc2)c(-c2ccc(F)cc2)n1CC[C@@H](O)C[C@@H](O)CC(=O)O,1,0.10035975939611694,0.21794871794871795,<0.30
random,20,105,CN(Cc1cnc2nc(N)nc(N)c2n1)c1ccc(C(=O)N[C@@H](CCC(=O)O)C(=O)O)cc1,1,0.10910647147864867,0.4805194805194805,0.30-0.50
random,20,328,CC[C@@]1(O)C(=O)OCc2c1cc1n(c2=O)Cc2cc3c(CN(C)C)c(O)ccc3nc2-1,0,0.7141443926466845,0.19387755102040816,<0.30
random,20,245,NS(=O)(=O)c1cc(Cl)c(Cl)c(S(N)(=O)=O)c1,0,0.7734056050013324,0.175,<0.30
random,20,285,CC(C)[N+](C)(CCOC(=O)C1c2ccccc2Oc2ccccc21)C(C)C,0,0.32549739724721516,0.28888888888888886,<0.30
random,20,175,CC(=O)N[C@@H]1[C@@H](O[C@@H]2O[C@@H](C(=O)[O-])[C@@H](O)[C@H](O)[C@H]2O)[C@@H](OS(=O)(=O)[O-])[C@@H](CO)O[C@H]1O,1,0.4201026316458944,0.3333333333333333,0.30-0.50
random,20,20,CC(c1cc2ccccc2s1)N(O)C(N)=O,1,0.7590599316305002,0.25,<0.30
random,20,75,CC1(C)NC(=O)N(c2ccc([N+](=O)[O-])c(C(F)(F)F)c2)C1=O,1,0.9723432738545699,0.4,0.30-0.50
random,20,146,Cc1ccc(Nc2c(F)cccc2Cl)c(CC(=O)O)c1,1,0.9761933084949331,0.5652173913043478,0.50-0.70
random,20,209,C[C@]12CCC(=O)C=C1CC[C@H]1[C@@H]3CC[C@](O)(C(=O)CO)[C@@]3(C)C[C@H](O)[C@@]12F,0,0.3237519214386741,0.578125,0.50-0.70
random,20,410,CC(=O)O[C@H]1C[C@@H]2CC[C@@H]3[C@H](CC[C@@]4(C)[C@H]3C[C@H]([N+]3(C)CCCCC3)[C@@H]4OC(C)=O)[C@@]2(C)C[C@@H]1N1CCCCC1.[Br-],0,0.011003431011555268,0.7936507936507936,>=0.70
random,20,32,O=c1ncnc2[nH][nH]cc1-2,1,0.7160256627658218,0.16666666666666666,<0.30
random,20,112,Cc1cccc(C)c1OCC(C)N,1,0.49688011474017807,0.3870967741935484,0.30-0.50
random,20,202,O=c1[nH]c2ccccc2n1C1CCN(CCCC(c2ccc(F)cc2)c2ccc(F)cc2)CC1,0,0.13592449221128677,0.3972602739726027,0.30-0.50
random,20,416,Oc1ccc(C2CNCCc3c2cc(O)c(O)c3Cl)cc1,0,0.3519046970806969,0.19148936170212766,<0.30
random,20,210,CC(C)(C(=O)O)c1ccc(C(O)CCCN2CCC(C(O)(c3ccccc3)c3ccccc3)CC2)cc1,0,0.003861770842427638,0.3442622950819672,0.30-0.50
random,20,160,CC(=O)Oc1ccc(C(=C2CCCCC2)c2ccc(OC(C)=O)cc2)cc1,1,0.5746871469870114,0.3617021276595745,0.30-0.50
random,20,329,CN1C2CC(OC(=O)C(CO)c3ccccc3)CC1C1OC12,0,0.01407849274859423,0.6938775510204082,0.50-0.70
random,20,294,CC(C)(C(=O)c1cccnc1)c1cccnc1,0,0.7247928653363747,0.32653061224489793,0.30-0.50
random,20,154,CC(COc1ccccc1)NN,1,0.5450074099134851,0.4878048780487805,0.30-0.50
random,20,33,NC(=O)N1c2ccccc2C=Cc2ccccc21,1,0.6910722898776936,0.2631578947368421,<0.30
random,20,374,OC[C@H]1OC(O)[C@H](O)[C@@H](O)[C@@H]1O,0,0.24820962669482552,0.3783783783783784,0.30-0.50
random,20,53,CC1=C(CC(=O)O)c2cc(F)ccc2C1=Cc1ccc(S(C)=O)cc1,1,0.852731383880741,0.25,<0.30
random,20,370,Nc1ccc(C(=O)NCC(=O)O)cc1,0,0.8245679875924211,0.37209302325581395,0.30-0.50
random,20,267,Clc1ccc(C(c2ccccc2Cl)C(Cl)Cl)cc1,0,0.46973514691086676,0.2765957446808511,<0.30
random,20,357,Nc1nc(F)nc2c1ncn2[C@@H]1O[C@H](COP(=O)(O)O)[C@@H](O)[C@@H]1O,0,0.4433964193342151,0.48333333333333334,0.30-0.50
random,20,126,Nc1ccn([C@@H]2O[C@H](CO)[C@@H](O)[C@@H]2O)c(=O)n1,1,0.5512926702715141,0.6041666666666666,0.50-0.70
random,20,59,CN(C)CCCN1c2ccccc2CCc2ccc(Cl)cc21,1,0.49047096379232785,0.38181818181818183,0.30-0.50
random,20,144,CC(=O)Oc1ccc(C2(c3ccc(OC(C)=O)cc3)C(=O)N(C(C)=O)c3ccccc32)cc1,1,0.6069734755988673,0.5531914893617021,0.50-0.70
random,20,174,Cc1nc(C)c2c(n1)N(Cc1ccc(-c3ccccc3-c3nn[nH]n3)cc1)C(=O)CC2,1,0.6636560599978315,0.2077922077922078,<0.30
random,20,383,CCNC(=NCCCC[C@H](NC(=O)[C@H](CC(C)C)NC(=O)[C@@H](CCCCN=C(NCC)NCC)NC(=O)[C@H](Cc1ccc(O)cc1)NC(=O)[C@H](CO)NC(=O)[C@@H](Cc1cccnc1)NC(=O)[C@@H](Cc1ccc(Cl)cc1)NC(=O)[C@@H](Cc1ccc2ccccc2c1)NC(C)=O)C(=O)N1CCC[C@H]1C(=O)N[C@H](C)C(N)=O)NCC,0,0.5894847420659217,0.40789473684210525,0.30-0.50
random,20,224,CN(C)CCC(c1ccc(Br)cc1)c1ccccn1,0,0.06422046928204975,1.0,>=0.70
random,20,413,CCC(C)C1NC(=O)C(Cc2ccc(O)cc2)NC(=O)C(N)CSSCC(C(=O)N2CCCC2C(=O)NC(CC(C)C)C(=O)NCC(N)=O)NC(=O)C(CC(N)=O)NC(=O)C(C(C)O)NC1=O,0,0.01697683953331542,0.8979591836734694,>=0.70
random,20,440,CN1CCc2cccc3c2[C@H]1Cc1ccc(O)c(O)c1-3,0,0.03010167028774821,0.27941176470588236,<0.30
random,20,435,CCOC(=O)c1cncn1C(C)c1ccccc1,0,0.6251072998587301,0.3333333333333333,0.30-0.50
random,20,414,CC[C@H](C)[C@H](NC(=O)[C@H](CCC(=O)O)NC(=O)[C@H](CO)NC(=O)[C@@H](NC(=O)[C@@H](N)CO)C(C)C)C(=O)N[C@@H](CCC(N)=O)C(=O)N[C@@H](CC(C)C)C(=O)N[C@@H](CCSC)C(=O)N[C@@H](Cc1c[nH]cn1)C(=O)N[C@@H](CC(N)=O)C(=O)N[C@@H](CC(C)C)C(=O)NCC(=O)N[C@@H](CCCCN)C(=O)N[C@@H](Cc1c[nH]cn1)C(=O)N[C@@H](CC(C)C)C(=O)N[C@@H](CC(N)=O)C(=O)N[C@@H](CO)C(=O)N[C@@H](CCSC)C(=O)N[C@@H](CCC(=O)O)C(=O)N[C@@H](CCCNC(=N)N)C(=O)N[C@H](C(=O)N[C@@H](CCC(=O)O)C(=O)N[C@@H](Cc1c[nH]c2ccccc12)C(=O)N[C@@H](CC(C)C)C(=O)N[C@@H](CCCNC(=N)N)C(=O)N[C@@H](CCCCN)C(=O)N[C@@H](CCCCN)C(=O)N[C@@H](CC(C)C)C(=O)N[C@@H](CCC(N)=O)C(=O)N[C@@H](CC(=O)O)C(=O)N[C@H](C(=O)N[C@@H](Cc1c[nH]cn1)C(=O)N[C@@H](CC(N)=O)C(=O)N[C@@H](Cc1ccccc1)C(=O)O)C(C)C)C(C)C,0,0.004073093124916644,0.6753246753246753,0.50-0.70
random,20,346,CC(=O)OCC[N+](C)(C)C,0,0.04675135431850962,0.6521739130434783,0.50-0.70
random,20,341,CC(CCc1ccc(O)cc1)NCCc1ccc(O)c(O)c1,0,0.5759972081669892,0.41025641025641024,0.30-0.50
random,20,5,CNCCC=C1c2ccccc2CCc2ccccc21,1,0.36203600671923414,0.29545454545454547,<0.30
random,20,315,CC(O)C(O)C1CNc2[nH]c(N)nc(=O)c2N1,0,0.1439361650067547,0.3037974683544304,0.30-0.50
random,20,447,Nc1nc(=O)c2c([nH]1)NCC(CNc1ccc(C(=O)NC(CCC(=O)O)C(=O)O)cc1)N2C=O,0,0.0530447742533696,1.0,>=0.70
random,20,194,CC(=O)N[C@@H](CS)C(=O)O,0,0.18943904982160956,0.27586206896551724,<0.30
random,20,259,C#CCN(C)[C@H](C)Cc1ccccc1,0,0.0934197191104492,0.625,0.50-0.70
random,20,39,O=C(O)c1cccnc1,1,0.9725389362096378,0.35714285714285715,0.30-0.50
random,20,424,C[C@@H]1CCN(C(=O)[C@H](CCCN=C(N)N)NS(=O)(=O)c2cccc3c2NC[C@H](C)C3)[C@@H](C(=O)O)C1,0,0.1333999624664293,0.24,<0.30
random,20,108,C#C[C@]1(O)CC[C@H]2[C@@H]3CCC4=Cc5oncc5C[C@]4(C)[C@H]3CC[C@@]21C,1,0.13693111789081278,0.3235294117647059,0.30-0.50
random,20,369,OCC(O)C(O)C(O)C(O)CO,0,0.040899866230266105,1.0,>=0.70
random,20,406,CSCC[C@H](NC(=O)[C@H](Cc1c[nH]c2ccccc12)NC(=O)CCNC(=O)OCC(C)C)C(=O)N[C@@H](CC(=O)O)C(=O)N[C@@H](Cc1ccccc1)C(N)=O,0,0.05712689384573525,0.6354166666666666,0.50-0.70
random,20,437,O=C(CCCCC(=O)Nc1c(I)cc(I)c(C(=O)O)c1I)Nc1c(I)cc(I)c(C(=O)O)c1I,0,0.28139345311839215,0.38095238095238093,0.30-0.50
random,20,54,Nc1nc(NC2CC2)c2ncn(C3C=C[C@H](CO)C3)c2n1,1,0.15945255388181528,0.26865671641791045,<0.30
random,20,66,CCN(CC)C(=O)[C@]1(c2ccccc2)C[C@@H]1CN,1,0.13572979654184836,0.3018867924528302,0.30-0.50
random,20,262,CC1(C)S[C@@H]2[C@H](NC(=O)COc3ccccc3)C(=O)N2[C@H]1C(=O)O,0,0.5841895309920544,0.2625,<0.30
random,20,87,CCCCc1oc2ccc(NS(C)(=O)=O)cc2c1C(=O)c1ccc(OCCCN(CCCC)CCCC)cc1,1,0.9440585148076599,0.44155844155844154,0.30-0.50
random,20,402,CC(=O)Nc1c(I)c(NC(C)=O)c(I)c(C(=O)O)c1I,0,0.4180982551868198,0.7333333333333333,>=0.70
random,21,318,CCC(C)CCCCC(=O)NC(CCN)C(=O)NC(C(=O)NC(CCN)C(=O)NC1CCNC(=O)C(C(C)O)NC(=O)C(CCN)NC(=O)C(CCN)NC(=O)C(CC(C)C)NC(=O)C(Cc2ccccc2)NC(=O)C(CCN)NC1=O)C(C)O.O=S(=O)(O)O,0,0.051199880171531695,0.40397350993377484,0.30-0.50
random,21,145,CCOC(Nc1ccc(C(=O)O)cc1)C(=O)c1ccc(-c2ccccc2)cc1,1,0.5116861536806733,0.3333333333333333,0.30-0.50
random,21,392,CNC(=O)c1cnn(-c2nc(N)c3ncn([C@@H]4O[C@H](CO)[C@@H](O)[C@H]4O)c3n2)c1,0,0.48395967838674475,0.5076923076923077,0.50-0.70
random,21,151,CN(C)CCCC1c2ccccc2Nc2ccc(Cl)cc21,1,0.1045572277143127,0.38181818181818183,0.30-0.50
random,21,437,O=C(CCCCC(=O)Nc1c(I)cc(I)c(C(=O)O)c1I)Nc1c(I)cc(I)c(C(=O)O)c1I,0,0.12210478729369137,0.38461538461538464,0.30-0.50
random,21,168,O=C(O)Cc1csc(-c2ccc(Cl)cc2)n1,1,0.9850275846860995,0.288135593220339,<0.30
random,21,49,CN1CCN(C2=c3ccccc3=Nc3ccc(Cl)cc3N2)CC1,1,0.5479283909543357,0.2698412698412698,<0.30
random,21,372,CC1(C)C(=CC=CC=CC=CC2=[N+](CCCCS(=O)(=O)[O-])c3ccc4ccccc4c3C2(C)C)N(CCCCS(=O)(=O)[O-])c2ccc3ccccc3c21.[Na+],0,0.42077765597602124,0.16483516483516483,<0.30
random,21,430,CNC[C@H](O)[C@@H](O)[C@H](O)[C@H](O)CO.CNC[C@H](O)[C@@H](O)[C@H](O)[C@H](O)CO.O=C([O-])CN(CCN(CC(=O)[O-])CC(=O)O)CCN(CC(=O)O)C(COCc1ccccc1)C(=O)[O-].[Gd+3],0,0.08074550373218672,0.6229508196721312,0.50-0.70
random,21,303,C=CCN.ClCC1CO1,0,0.13924607949262882,0.1388888888888889,<0.30
random,21,202,O=c1[nH]c2ccccc2n1C1CCN(CCCC(c2ccc(F)cc2)c2ccc(F)cc2)CC1,0,0.09000430906071884,0.3972602739726027,0.30-0.50
random,21,386,CC[C@H](C)[C@H](NC(=O)[C@H](Cc1ccccc1)NC(=O)[C@H](CC(C)C)NC(=O)[C@H](CCCNC(=N)N)NC(=O)[C@@H](NC(=O)[C@H](C)NC(=O)[C@H](CCC(=O)O)NC(=O)[C@H](CCC(=O)O)NC(=O)[C@H](CCC(=O)O)NC(=O)[C@H](CCSC)NC(=O)[C@H](CCC(N)=O)NC(=O)[C@H](CCCCN)NC(=O)[C@H](CO)NC(=O)[C@H](CC(C)C)NC(=O)[C@H](CC(=O)O)NC(=O)[C@H](CO)NC(=O)[C@@H](NC(=O)[C@H](Cc1ccccc1)NC(=O)[C@@H](NC(=O)CNC(=O)[C@H](CCC(=O)O)NC(=O)CNC(=O)[C@@H](N)Cc1cnc[nH]1)[C@@H](C)O)[C@@H](C)O)C(C)C)C(=O)N[C@@H](CCC(=O)O)C(=O)N[C@@H](Cc1c[nH]c2ccccc12)C(=O)N[C@@H](CC(C)C)C(=O)N[C@@H](CCCCN)C(=O)N[C@@H](CC(N)=O)C(=O)NCC(=O)NCC(=O)N1CCC[C@H]1C(=O)N[C@@H](CO)C(=O)N[C@@H](CO)C(=O)NCC(=O)N[C@@H](C)C(=O)N1CCC[C@H]1C(=O)N1CCC[C@H]1C(=O)N1CCC[C@H]1C(=O)N[C@@H](CO)C(N)=O,0,0.00021896894605535677,0.7514792899408284,>=0.70
random,21,413,CCC(C)C1NC(=O)C(Cc2ccc(O)cc2)NC(=O)C(N)CSSCC(C(=O)N2CCCC2C(=O)NC(CC(C)C)C(=O)NCC(N)=O)NC(=O)C(CC(N)=O)NC(=O)C(C(C)O)NC1=O,0,0.013869264082735021,0.631578947368421,0.50-0.70
random,21,189,Cn1c(=O)c2[nH]cnc2n(C)c1=O,0,0.22656576010742527,0.8387096774193549,>=0.70
random,21,345,NC(N)=NCCC[C@H](N)C(=O)O,0,0.25760943777704265,0.40625,0.30-0.50
random,21,212,Nc1nc(=O)c2nc(CNc3ccc(C(=O)N[C@@H](CCC(=O)O)C(=O)O)cc3)cnc2[nH]1,0,0.5766149714793407,0.5125,0.50-0.70
random,21,97,CC(=O)N1CCN(c2ccc(OC[C@@H]3CO[C@@](Cn4ccnc4)(c4ccc(Cl)cc4Cl)O3)cc2)CC1,1,0.9266604672014143,0.5531914893617021,0.50-0.70
random,21,449,COc1cccc2c1C(=O)c1c(O)c3c(c(O)c1C2=O)C[C@@](O)(C(C)=O)C[C@@H]3O[C@H]1C[C@H](N)[C@H](O)[C@H](C)O1,0,0.3899434914646441,0.20353982300884957,<0.30
random,21,44,O=c1nc[nH]c2c1ncn2[C@H]1CC[C@@H](CO)O1,1,0.8804409056519887,0.2698412698412698,<0.30
random,21,417,COc1cc2c(cc1OC)[C@@H](Cc1cc(OC)c(OC)c(OC)c1)[N+](C)(CCCOC(=O)CC/C=C/CCC(=O)OCCC[N+]1(C)CCc3cc(OC)c(OC)cc3[C@H]1Cc1cc(OC)c(OC)c(OC)c1)CC2,0,0.04712284481893226,0.6825396825396826,0.50-0.70
random,21,95,O=C1NC(c2ccccc2)(c2ccccc2)C(=O)N1COP(=O)(O)O,1,0.6231491937611511,0.35714285714285715,0.30-0.50
random,21,282,CCN(CC)CCOC(=O)C1(C2CCCCC2)CCCCC1,0,0.049870026733997805,0.2903225806451613,<0.30
random,21,143,NC(=O)NS(=O)(=O)c1ccc(N)cc1,1,0.9444417614970416,0.4473684210526316,0.30-0.50
random,21,410,CC(=O)O[C@H]1C[C@@H]2CC[C@@H]3[C@H](CC[C@@]4(C)[C@H]3C[C@H]([N+]3(C)CCCCC3)[C@@H]4OC(C)=O)[C@@]2(C)C[C@@H]1N1CCCCC1.[Br-],0,0.00863948485173442,0.7936507936507936,>=0.70
random,21,243,Cc1ncc2n1-c1ccc(Cl)cc1C(c1ccccc1F)=NC2,0,0.3776265008478251,0.5166666666666667,0.50-0.70
random,21,428,NCCCNCCSP(=O)(O)O,0,0.027574115108801235,0.32142857142857145,0.30-0.50
random,21,442,C/C(=N\O)[C@@H](C)NCC(C)(C)CN[C@H](C)/C(C)=N/O,0,0.06702768424462889,0.17647058823529413,<0.30
random,21,321,C#C[C@]1(O)CC[C@H]2[C@@H]3CCC4=CC(=O)CC[C@@H]4[C@H]3CC[C@@]21CC,0,0.2127319445622648,0.5396825396825397,0.50-0.70
random,21,108,C#C[C@]1(O)CC[C@H]2[C@@H]3CCC4=Cc5oncc5C[C@]4(C)[C@H]3CC[C@@]21C,1,0.3315334134574971,0.3235294117647059,0.30-0.50
random,21,353,CN[C@@H]1CCc2[nH]c3ccc(C(N)=O)cc3c2C1,0,0.8422567281371939,0.20689655172413793,<0.30
random,21,264,CCC(c1cccc(O)c1)C(C)CN(C)C,0,0.2873973014392283,0.3333333333333333,0.30-0.50
random,21,294,CC(C)(C(=O)c1cccnc1)c1cccnc1,0,0.8312046653923846,0.5151515151515151,0.50-0.70
random,21,76,CN(CC=CC#CC(C)(C)C)Cc1cccc2ccccc12,1,0.36121737849155894,0.20588235294117646,<0.30
random,21,133,O=C(OCC(O)CO)c1ccccc1Nc1ccnc2cc(Cl)ccc12,1,0.4318037205185885,0.2786885245901639,<0.30
random,21,38,OC(Cn1cncn1)(Cn1cncn1)c1ccc(F)cc1F,1,0.6821409943423759,0.5849056603773585,0.50-0.70
random,21,21,O=c1[nH]c2cc(Cl)ccc2o1,1,0.8170716815757016,0.25,<0.30
random,21,179,CO/N=C(\N)c1ccc(-c2ccc(-c3ccc(/C(N)=N/OC)cc3)o2)cc1,1,0.845922539653015,0.2,<0.30
random,21,253,CC(C)NCC(O)c1cc(O)cc(O)c1,0,0.0893818760099276,0.6060606060606061,0.50-0.70
random,21,296,C=C1C(=CC=C2CCC[C@]3(C)[C@@H]([C@H](C)CCCC(C)(C)O)CC[C@@H]23)C[C@@H](O)C[C@@H]1O,0,0.19345393005406133,0.17204301075268819,<0.30
random,21,317,CCC(C)CCCCC(=O)NC(CCNCS(=O)(=O)[O-])C(=O)NC(C(=O)NC(CCNCS(=O)(=O)[O-])C(=O)NC1CCNC(=O)C(C(C)O)NC(=O)C(CCNCS(=O)(=O)[O-])NC(=O)C(CCNCS(=O)(=O)[O-])NC(=O)C(CC(C)C)NC(=O)C(CC(C)C)NC(=O)C(CCNCS(=O)(=O)[O-])NC1=O)C(C)O.[Na+].[Na+].[Na+].[Na+].[Na+],0,0.07240155868955862,0.3018867924528302,0.30-0.50
random,21,29,S=c1nc[nH]c2nc[nH]c12,1,0.7765287055757265,0.275,<0.30
random,21,422,NC(=O)C1CSSCCC(=O)NC(CCCCN=C(N)N)C(=O)NCC(=O)NC(CC(=O)O)C(=O)NC(Cc2c[nH]c3ccccc23)C(=O)N2CCCC2C(=O)N1,0,0.1403687536741542,0.34057971014492755,0.30-0.50
random,21,170,Cc1cc2c(cc1CC(=O)c1sccc1S(=O)(=O)Nc1onc(C)c1Cl)OCO2,1,0.9579140959976042,0.21176470588235294,<0.30
random,21,284,CN1CC[C@]23CCCC[C@H]2[C@H]1Cc1ccc(O)cc13,0,0.009345853294971836,0.7083333333333334,>=0.70
random,21,154,CC(COc1ccccc1)NN,1,0.7283149890674157,0.4878048780487805,0.30-0.50
random,21,86,Cc1ccccc1C(=O)Nc1ccc(C(=O)N2CCCC(O)c3cc(Cl)ccc32)c(C)c1,1,0.5260389396826005,0.313953488372093,0.30-0.50
random,21,391,CCCC(=O)OCOC(=O)C1=C(C)NC(C)=C(C(=O)OC)C1c1cccc(Cl)c1Cl,0,0.922209555289883,0.22388059701492538,<0.30
random,21,434,COC(=O)CCc1ccc(OCC(O)CNC(C)C)cc1,0,0.5990000644583315,0.39285714285714285,0.30-0.50
random,21,237,COc1ccc(OC)c(C(O)CNC(=O)CN)c1,0,0.10633069421378338,0.25,<0.30
random,21,60,COC1=CC(=O)C[C@@H](C)[C@]12Oc1c(Cl)c(OC)cc(OC)c1C2=O,1,0.7374117727744315,0.20253164556962025,<0.30
random,21,219,C[N+](C)(C)CC(=O)[O-],0,0.1266339067229606,0.4583333333333333,0.30-0.50
random,21,234,CN(CCOc1ccc(NS(C)(=O)=O)cc1)CCc1ccc(NS(C)(=O)=O)cc1,0,0.5762566046728064,0.3220338983050847,0.30-0.50
random,21,403,CC[C@H](C)[C@@H]1NC(=O)[C@H](Cc2ccc(O)cc2)NC(=O)[C@@H](N)CSSC[C@@H](C(=O)N2CCC[C@H]2C(=O)N[C@@H](CC(C)C)C(=O)NCC(N)=O)NC(=O)[C@H](CC(N)=O)NC(=O)[C@H](CCC(N)=O)NC1=O,0,0.0070363283683589906,0.7090909090909091,>=0.70
random,21,150,CC(=O)Oc1ccc(C2(c3ccc(OC(C)=O)cc3)C(=O)Nc3ccccc32)cc1,1,0.8455155199325649,0.5531914893617021,0.50-0.70
random,21,440,CN1CCc2cccc3c2[C@H]1Cc1ccc(O)c(O)c1-3,0,0.077158019237176,0.27941176470588236,<0.30
random,21,312,CCC(=O)NCC[C@@H]1CCc2ccc3c(c21)CCO3,0,0.8625772623970233,0.24675324675324675,<0.30
random,21,1,Nc1nc2ccc(OC(F)(F)F)cc2s1,1,0.9182859530530163,0.16071428571428573,<0.30
random,21,396,C=CCOCC1CN2CCO[Si](C)(O1)OC(COCC=C)C2,0,0.1456784174716572,0.14130434782608695,<0.30
random,21,368,CC(C)(CO)C(O)C(=O)NCCCO,0,0.06572697241789066,0.22857142857142856,<0.30
random,21,382,CC[C@H](C)[C@@H]1NC(=O)[C@H](CCCNC(=N)N)NC(=O)[C@H](CC(=O)O)NC(=O)[C@H](CCSC)NC(=O)[C@H](CCCCN)NC(=O)[C@H](CCCNC(=N)N)NC(=O)CNC(=O)[C@H](Cc2ccccc2)NC(=O)[C@@H](NC(=O)CNC(=O)[C@H](CO)NC(=O)CNC(=O)[C@H](CCC(N)=O)NC(=O)[C@@H](NC(=O)[C@H](CCSC)NC(=O)[C@H](CCCCN)NC(=O)[C@@H]2CCCN2C(=O)[C@@H](N)CO)C(C)C)CSSC[C@@H](C(=O)N[C@@H](CCCCN)C(=O)N[C@H](C(=O)N[C@@H](CC(C)C)C(=O)N[C@@H](CCCNC(=N)N)C(=O)N[C@@H](CCCNC(=N)N)C(=O)N[C@@H](CC2C=NC=N2)C(=O)O)C(C)C)NC(=O)CNC(=O)[C@H](CC(C)C)NC(=O)CNC(=O)[C@H](CO)NC(=O)[C@H](CO)NC(=O)[C@H](CO)NC(=O)[C@H](CO)NC1=O,0,0.0005048990576618958,0.49416342412451364,0.30-0.50
random,21,102,CC(C)C(=O)Nc1ccc([N+](=O)[O-])c(C(F)(F)F)c1,1,0.7178721953876828,0.4,0.30-0.50
random,21,172,C=CCOc1ccc(CC(=O)O)cc1Cl,1,0.8743244095686888,0.32558139534883723,0.30-0.50
random,21,87,CCCCc1oc2ccc(NS(C)(=O)=O)cc2c1C(=O)c1ccc(OCCCN(CCCC)CCCC)cc1,1,0.9694387712149659,0.44155844155844154,0.30-0.50
random,21,444,O=C([O-])O.[Na+],0,0.398303964240031,0.45454545454545453,0.30-0.50
random,21,53,CC1=C(CC(=O)O)c2cc(F)ccc2C1=Cc1ccc(S(C)=O)cc1,1,0.8770574974989606,0.25,<0.30
random,21,181,Cc1ccc(-n2[nH]c(C)c(N/N=C3\C=CC=C(c4cccc(C(=O)O)c4)C3=O)c2=O)cc1C.NCCO.NCCO,1,0.6368360775456002,0.1875,<0.30
random,21,293,C[N+]1(C)CCC(OC(=O)C(O)(c2ccccc2)C2CCCC2)C1,0,0.0811625552819795,0.6382978723404256,0.50-0.70
random,21,388,CCN1CC(CCN2CCOCC2)C(c2ccccc2)(c2ccccc2)C1=O,0,0.3860305732162917,0.32075471698113206,0.30-0.50
random,21,268,CC(C)=CCN1CC[C@@]2(C)c3cc(O)ccc3C[C@@H]1[C@@H]2C,0,0.011223749384945402,0.3484848484848485,0.30-0.50
random,21,306,CCCCN1C[C@H](O)[C@@H](O)[C@H](O)[C@H]1CO,0,0.11556988969727332,0.6774193548387096,0.50-0.70
random,21,30,CC(=O)Nc1ccc(O)cc1,1,0.3161347184521431,0.30303030303030304,0.30-0.50
random,21,199,C=C1CC[C@H](O)C/C1=C/C=C1\CCC[C@]2(C)[C@@H]([C@H](C)/C=C/[C@H](C)C(C)C)CC[C@@H]12,0,0.6525181490256974,0.16304347826086957,<0.30
random,21,414,CC[C@H](C)[C@H](NC(=O)[C@H](CCC(=O)O)NC(=O)[C@H](CO)NC(=O)[C@@H](NC(=O)[C@@H](N)CO)C(C)C)C(=O)N[C@@H](CCC(N)=O)C(=O)N[C@@H](CC(C)C)C(=O)N[C@@H](CCSC)C(=O)N[C@@H](Cc1c[nH]cn1)C(=O)N[C@@H](CC(N)=O)C(=O)N[C@@H](CC(C)C)C(=O)NCC(=O)N[C@@H](CCCCN)C(=O)N[C@@H](Cc1c[nH]cn1)C(=O)N[C@@H](CC(C)C)C(=O)N[C@@H](CC(N)=O)C(=O)N[C@@H](CO)C(=O)N[C@@H](CCSC)C(=O)N[C@@H](CCC(=O)O)C(=O)N[C@@H](CCCNC(=N)N)C(=O)N[C@H](C(=O)N[C@@H](CCC(=O)O)C(=O)N[C@@H](Cc1c[nH]c2ccccc12)C(=O)N[C@@H](CC(C)C)C(=O)N[C@@H](CCCNC(=N)N)C(=O)N[C@@H](CCCCN)C(=O)N[C@@H](CCCCN)C(=O)N[C@@H](CC(C)C)C(=O)N[C@@H](CCC(N)=O)C(=O)N[C@@H](CC(=O)O)C(=O)N[C@H](C(=O)N[C@@H](Cc1c[nH]cn1)C(=O)N[C@@H](CC(N)=O)C(=O)N[C@@H](Cc1ccccc1)C(=O)O)C(C)C)C(C)C,0,0.005006848602234453,0.6753246753246753,0.50-0.70
random,21,266,Cc1c(-c2ccccc2)oc2c(C(=O)OCCN3CCCCC3)cccc2c1=O,0,0.11725349772677811,0.2716049382716049,<0.30
random,21,98,CCc1nn(CCCN2CCN(c3cccc(Cl)c3)CC2)c(=O)n1CCOc1ccccc1,1,0.3611951904413494,0.2597402597402597,<0.30
random,21,196,O=C1OC([C@@H](O)CO)C(O)=C1O,0,0.05336087321566915,0.2,<0.30
random,21,34,CC(CCc1ccccc1)NCC(O)c1ccc(O)c(C(N)=O)c1,1,0.058649578944471044,0.43137254901960786,0.30-0.50
random,21,425,CCCCS(=O)(=O)N[C@@H](Cc1ccc(OCCCCC2CCNCC2)cc1)C(=O)O,0,0.7300024938543803,0.23711340206185566,<0.30
random,21,332,CC(=O)Oc1ccc(C(c2ccc(OC(C)=O)cc2)c2ccccn2)cc1,0,0.4244281556414758,0.34782608695652173,0.30-0.50
random,21,175,CC(=O)N[C@@H]1[C@@H](O[C@@H]2O[C@@H](C(=O)[O-])[C@@H](O)[C@H](O)[C@H]2O)[C@@H](OS(=O)(=O)[O-])[C@@H](CO)O[C@H]1O,1,0.079077328799106,0.3333333333333333,0.30-0.50
random,21,426,COCCNC(=O)CN(CCN(CCN(CC(=O)[O-])CC(=O)NCCOC)CC(=O)[O-])CC(=O)[O-].[Gd+3],0,0.0185766019580453,0.37254901960784315,0.30-0.50
random,21,46,CS(=O)(=O)OCCCCOS(C)(=O)=O,1,0.04807056649174647,0.1724137931034483,<0.30
random,21,18,CC[C@H]1OC(=O)[C@H](C)[C@@H](O[C@H]2C[C@@](C)(OC)[C@@H](O)[C@H](C)O2)[C@H](C)[C@@H](O[C@@H]2O[C@H](C)C[C@H](N(C)C)[C@H]2O)[C@](C)(O)C[C@@H](C)C(=O)[C@H](C)[C@@H](O)[C@]1(C)O,1,0.8448296461744038,0.922077922077922,>=0.70
random,21,304,CC(C)(C)NCC(O)c1ccc(O)c(CO)c1,0,0.03845479885089257,0.475,0.30-0.50
random,21,274,O=C(OC1CC2CC[C@@H](C1)[N+]21CCCC1)C(O)(c1ccccc1)c1ccccc1.[Cl-],0,0.04316739685503125,0.5833333333333334,0.50-0.70
random,21,118,O=C1C=CC=C/C1=C1\N/C(=C2/C=CC=CC2=O)N(c2ccc(C(=O)O)cc2)N1,1,0.9816930884662695,0.22033898305084745,<0.30
random,21,19,COc1cc(C(=O)NS(=O)(=O)c2ccccc2C)ccc1Cc1cn(C)c2ccc(NC(=O)OC3CCCC3)cc12,1,0.3218553434091007,0.25,<0.30
random,21,83,O=C1Nc2ccc(Cl)cc2[C@@](C#CC2CC2)(C(F)(F)F)O1,1,0.8282788353892022,0.1794871794871795,<0.30
random,21,32,O=c1ncnc2[nH][nH]cc1-2,1,0.7496898970280343,0.15384615384615385,<0.30
random,21,58,NC(=O)NO,1,0.5900052444844027,0.21739130434782608,<0.30
random,21,232,C[C@](N)(Cc1ccc(O)cc1)C(=O)O,0,0.7459336009126888,0.6666666666666666,0.50-0.70
random,22,93,CCc1cccc2c3c([nH]c12)C(CC)(CC(=O)O)OCC3,1,0.5236943860647564,0.22033898305084745,<0.30
random,22,203,COc1ccc2c(c1)[C@]13CCCC[C@@H]1[C@H](C2)N(C)CC3,0,0.0905143683016142,0.7083333333333334,>=0.70
random,22,325,CN[C@@H](C)[C@H](O)c1ccccc1,0,0.1301223413747537,1.0,>=0.70
random,22,292,OC(CCN1CCCCC1)(c1ccccc1)C1CC2C=CC1C2,0,0.005630459295510939,0.6086956521739131,0.50-0.70
random,22,422,NC(=O)C1CSSCCC(=O)NC(CCCCN=C(N)N)C(=O)NCC(=O)NC(CC(=O)O)C(=O)NC(Cc2c[nH]c3ccccc23)C(=O)N2CCCC2C(=O)N1,0,0.06618429676631835,0.34057971014492755,0.30-0.50
random,22,450,CC1/C=C/C=C/CC/C=C/C=C/C=C/C=C/C(OC2O[C@H](C)[C@@H](O)[C@H](N)[C@@H]2O)CC(O)C(C(=O)O)C(O)CC(=O)CC(O)C(O)CCC(O)CC(O)CC(O)CC(=O)OC(C)C(C)C1O,0,0.8668777887890327,0.19327731092436976,<0.30
random,22,24,COc1ccc([C@@H]2Sc3ccccc3N(CCN(C)C)C(=O)[C@@H]2OC(C)=O)cc1,1,0.6177002331001936,0.2465753424657534,<0.30
random,22,222,CN1[C@@H]2CC[C@H]1CC(OC(=O)C(CO)c1ccccc1)C2,0,0.022545425881274145,0.6808510638297872,0.50-0.70
random,22,163,CN(C)CC=C(c1ccc(Br)cc1)c1cccnc1,1,0.3156017885485633,0.35714285714285715,0.30-0.50
random,22,43,O=C(O)c1cn(C2CC2)c2cc(N3CCNCC3)c(F)cc2c1=O,1,0.7998814378975558,0.38571428571428573,0.30-0.50
random,22,19,COc1cc(C(=O)NS(=O)(=O)c2ccccc2C)ccc1Cc1cn(C)c2ccc(NC(=O)OC3CCCC3)cc12,1,0.6150864227493861,0.25742574257425743,<0.30
random,22,321,C#C[C@]1(O)CC[C@H]2[C@@H]3CCC4=CC(=O)CC[C@@H]4[C@H]3CC[C@@]21CC,0,0.10276961145188436,0.5396825396825397,0.50-0.70
random,22,135,CC(C(=O)O)c1ccc(N2CC=CC2)c(Cl)c1,1,0.4398895651798632,0.4,0.30-0.50
random,22,162,CCCCCCCCNC(C)C(O)c1ccc(SC(C)C)cc1,1,0.08796057195585959,0.3181818181818182,0.30-0.50
random,22,145,CCOC(Nc1ccc(C(=O)O)cc1)C(=O)c1ccc(-c2ccccc2)cc1,1,0.6594687376825358,0.3333333333333333,0.30-0.50
random,22,126,Nc1ccn([C@@H]2O[C@H](CO)[C@@H](O)[C@@H]2O)c(=O)n1,1,0.23351379636809091,0.46153846153846156,0.30-0.50
random,22,346,CC(=O)OCC[N+](C)(C)C,0,0.026201422308001186,0.6521739130434783,0.50-0.70
random,22,191,N[C@@H](Cc1cc(I)c(Oc2ccc(O)c(I)c2)c(I)c1)C(=O)O,0,0.6191334581610755,0.25925925925925924,<0.30
random,22,232,C[C@](N)(Cc1ccc(O)cc1)C(=O)O,0,0.638035459700974,0.6666666666666666,0.50-0.70
random,22,237,COc1ccc(OC)c(C(O)CNC(=O)CN)c1,0,0.15052730642594364,0.2833333333333333,<0.30
random,22,244,CN1C[C@H](C(=O)N[C@]2(C)O[C@@]3(O)[C@@H]4CCCN4C(=O)[C@H](Cc4ccccc4)N3C2=O)C[C@@H]2c3cccc4[nH]cc(c34)C[C@H]21,0,0.052710428986573604,0.32456140350877194,0.30-0.50
random,22,313,CCCCC(F)(F)[C@@]1(O)CC[C@@H]2[C@H](CCCCCCC(=O)O)C(=O)C[C@H]2O1,0,0.13699410135338216,0.25,<0.30
random,22,213,Cc1ncc(C[n+]2csc(CCO)c2C)c(N)n1,0,0.39014095798284865,0.23076923076923078,<0.30
random,22,242,O=C(CCCCCCC(=O)Nc1ccccc1)NO,0,0.7392911669676718,0.38095238095238093,0.30-0.50
random,22,445,c1cc(CN2CCCNCCNCCCNCC2)ccc1CN1CCCNCCNCCCNCC1,0,0.2827168389766227,0.2413793103448276,<0.30
random,22,131,O=C(O)COc1ccc(C(=O)c2cccs2)c(Cl)c1Cl,1,0.9126582536272908,0.2631578947368421,<0.30
random,22,153,NC(=O)C1CCN(CCCN2c3ccccc3Sc3ccc(Cl)cc32)CC1,1,0.9692776970751688,0.3548387096774194,0.30-0.50
random,22,387,C[NH+](C)CCOC(c1ccccc1)c1ccccc1.Cn1c2nc(Cl)nc-2c([O-])n(C)c1=O,0,0.5440513414665376,0.3157894736842105,0.30-0.50
random,22,249,Cc1ccc(N(CC2=NCCN2)c2cccc(O)c2)cc1,0,0.18397541424301897,0.2631578947368421,<0.30
random,22,236,OCCOCCN1CCN(C(c2ccccc2)c2ccc(Cl)cc2)CC1,0,0.03660976583468756,0.2857142857142857,<0.30
random,22,25,CC[C@H]1OC(=O)[C@H](C)[C@@H](O[C@H]2C[C@@](C)(OC)[C@@H](O)[C@H](C)O2)[C@H](C)[C@@H](O[C@@H]2O[C@H](C)C[C@H](N(C)C)[C@H]2O)[C@](C)(OC)C[C@@H](C)C(=O)[C@H](C)[C@@H](O)[C@]1(C)O,1,0.16268530949121662,0.4396551724137931,0.30-0.50
random,22,394,Cn1c(CCCC(=O)O)nc2cc(N(CCCl)CCCl)ccc21,0,0.8408637976583748,0.21621621621621623,<0.30
random,22,113,COc1ccccc1Oc1c(NS(=O)(=O)c2ccc(C(C)(C)C)cc2)nc(-c2ncccn2)nc1OCCO,1,0.8609777377409934,0.2463768115942029,<0.30
random,22,68,CCCN(CCOc1c(Cl)cc(Cl)cc1Cl)C(=O)n1ccnc1.O=S(=O)([O-])C(I)I.[Na+],1,0.9391442533242778,0.2345679012345679,<0.30
random,22,84,CNCC[C@H](Oc1cccc2ccccc12)c1cccs1,1,0.6256240417553449,0.44,0.30-0.50
random,22,180,COc1cccc2c1[C@@H]1CN(CCCCn3c(=O)[nH]c4c(sc5ncc(-c6ccccc6)nc54)c3=O)C[C@@H]1CO2,1,0.821587536148002,0.2,<0.30
random,22,69,Nc1ccn([C@@H]2O[C@H](CO)[C@@H](O)C2(F)F)c(=O)n1,1,0.752223509709331,0.27419354838709675,<0.30
random,22,171,CC(N)C(=O)OC(C)(C)Cc1ccc(Cl)cc1,1,0.5019697823382402,0.2916666666666667,<0.30
random,22,352,CN(C)CCc1c[nH]c2ccc(CS(=O)(=O)N3CCCC3)cc12,0,0.04469302127871971,0.5084745762711864,0.50-0.70
random,22,211,NC[C@H]1O[C@H](O[C@H]2[C@H](O)[C@@H](O[C@H]3O[C@H](CO)[C@@H](O)[C@H](N)[C@H]3O)[C@H](N)C[C@@H]2N)[C@H](O)[C@@H](O)[C@@H]1O,0,0.03780807158613307,0.6551724137931034,0.50-0.70
random,22,160,CC(=O)Oc1ccc(C(=C2CCCCC2)c2ccc(OC(C)=O)cc2)cc1,1,0.6768731455206037,0.34782608695652173,0.30-0.50
random,22,150,CC(=O)Oc1ccc(C2(c3ccc(OC(C)=O)cc3)C(=O)Nc3ccccc32)cc1,1,0.7824532333084744,0.5531914893617021,0.50-0.70
random,22,168,O=C(O)Cc1csc(-c2ccc(Cl)cc2)n1,1,0.9897776397125982,0.288135593220339,<0.30
random,22,297,CC(N)C12CC3CC(CC(C3)C1)C2,0,0.05715404801559005,0.24,<0.30
random,22,305,CN1[C@@H]2CC[C@@H]1CC(OC(c1ccccc1)c1ccccc1)C2,0,0.18742821737842275,0.32075471698113206,0.30-0.50
random,22,418,CC(O)CN1CCN(CC(=O)[O-])CCN(CC(=O)[O-])CCN(CC(=O)[O-])CC1.[Gd+3],0,0.017422772137269792,0.3,0.30-0.50
random,22,268,CC(C)=CCN1CC[C@@]2(C)c3cc(O)ccc3C[C@@H]1[C@@H]2C,0,0.02916619684483868,0.3770491803278688,0.30-0.50
random,22,128,Nc1c(CC(=O)O)cccc1C(=O)c1ccc(Br)cc1,1,0.9340371674192262,0.32653061224489793,0.30-0.50
random,22,316,COc1ccc2c3c1O[C@H]1[C@@H](O)C=C[C@H]4[C@@H](C2)N(C)CC[C@@]341,0,0.046827591880107676,0.7592592592592593,>=0.70
random,22,74,CCN(CC)C(=S)SSC(=S)N(CC)CC,1,0.06072582554533923,0.18604651162790697,<0.30
random,22,399,NC[C@H](O)c1ccc(O)c(O)c1,0,0.09116308702160664,0.5806451612903226,0.50-0.70
random,22,277,CCN(C(C)=O)c1cccc(-c2ccnc3c(C#N)cnn23)c1,0,0.48326526853685847,0.2222222222222222,<0.30
random,22,371,CC[C@H](C)[C@H](NC(=O)[C@@H](NC(=O)[C@H](CCC(=O)O)NC(=O)[C@H](CC(C)C)NC(=O)[C@H](CCSC)NC(=O)[C@H](CCCCN)NC(=O)[C@H](CCCNC(=N)N)NC(=O)[C@H](CC(N)=O)NC(=O)[C@H](CO)NC(=O)[C@H](Cc1cnc[nH]1)NC(=O)[C@H](C)NC(=O)[C@H](CCC(N)=O)NC(=O)[C@H](CCC(N)=O)NC(=O)[C@H](C)NC(=O)[C@H](CC(C)C)NC(=O)[C@H](CCC(N)=O)NC(=O)[C@H](CCC(=O)O)NC(=O)[C@H](C)NC(=O)[C@H](CCCNC(=N)N)NC(=O)[C@H](C)NC(=O)[C@H](CCSC)NC(=O)[C@H](CCC(=O)O)NC(=O)[C@H](CC(C)C)NC(=O)[C@@H](NC(=O)[C@H](CCC(=O)O)NC(=O)[C@H](CCCNC(=N)N)NC(=O)[C@H](CC(C)C)NC(=O)[C@H](CC(C)C)NC(=O)[C@H](Cc1cnc[nH]1)NC(=O)[C@H](Cc1ccccc1)NC(=O)[C@@H](NC(=O)[C@H](CC(C)C)NC(=O)[C@H](CC(=O)O)NC(=O)[C@H](CC(C)C)NC(=O)[C@H](CO)NC(=O)[C@@H](NC(=O)[C@@H]1CCCN1C(=O)[C@@H]1CCCN1C(=O)[C@H](CCC(=O)O)NC(=O)[C@H](CCC(=O)O)NC(=O)[C@@H](N)CO)[C@@H](C)CC)[C@@H](C)O)C(C)C)[C@@H](C)CC)C(=O)O,0,0.0002743769664853344,0.9568345323741008,>=0.70
random,22,108,C#C[C@]1(O)CC[C@H]2[C@@H]3CCC4=Cc5oncc5C[C@]4(C)[C@H]3CC[C@@]21C,1,0.1500665023805589,0.3235294117647059,0.30-0.50
random,22,79,CCC(CO)NCCNC(CC)CO,1,0.03552397628991253,0.21739130434782608,<0.30
random,22,378,[Cl][Cu][Cl],0,0.3512790738969182,0.041666666666666664,<0.30
random,22,64,N[C@@H]1CCCC[C@H]1N.O=C([O-])C(=O)[O-].[Pt+2],1,0.090647978912303,0.26666666666666666,<0.30
random,22,426,COCCNC(=O)CN(CCN(CCN(CC(=O)[O-])CC(=O)NCCOC)CC(=O)[O-])CC(=O)[O-].[Gd+3],0,0.003849813852617513,0.37254901960784315,0.30-0.50
random,22,156,O=C(O)COc1nn(Cc2ccccc2)c2ccccc12,1,0.7869798618915298,0.23333333333333334,<0.30
random,22,330,CCCC(C)(COC(N)=O)COC(=O)NC(C)C,0,0.12091056599746011,0.696969696969697,0.50-0.70
random,22,289,Cc1ccc(/C(=C\CN2CCCC2)c2ccccn2)cc1,0,0.2391534505722049,0.23728813559322035,<0.30
random,22,110,Cc1ccc(C(=O)c2cc(O)c(O)c([N+](=O)[O-])c2)cc1,1,0.9534131779658928,0.35714285714285715,0.30-0.50
random,22,265,CC(Cc1ccccc1)N(C)Cc1ccccc1,0,0.1630589195114774,0.625,0.50-0.70
random,22,427,FC(F)(F)C(F)(F)C(F)(F)F,0,0.324892678827635,0.08695652173913043,<0.30
random,22,339,CN[C@@H]1[C@H](O[C@H]2[C@H](O[C@H]3[C@H](O)[C@@H](O)[C@H](N=C(N)N)[C@@H](O)[C@@H]3N=C(N)N)O[C@@H](C)[C@]2(O)C=O)O[C@@H](CO)[C@H](O)[C@H]1O,0,0.17567567401428227,0.2916666666666667,<0.30
random,22,181,Cc1ccc(-n2[nH]c(C)c(N/N=C3\C=CC=C(c4cccc(C(=O)O)c4)C3=O)c2=O)cc1C.NCCO.NCCO,1,0.7453043932982615,0.2,<0.30
random,22,53,CC1=C(CC(=O)O)c2cc(F)ccc2C1=Cc1ccc(S(C)=O)cc1,1,0.8913426514912214,0.25,<0.30
random,22,142,Nc1ccc(S(=O)(=O)Nc2nccs2)cc1,1,0.9638740916004849,0.4473684210526316,0.30-0.50
random,22,198,O=C(c1ccc(OCCN2CCCCC2)cc1)c1c(-c2ccc(O)cc2)sc2cc(O)ccc12,0,0.3462621848944017,0.2716049382716049,<0.30
random,22,182,CCCC(CCC)C(=O)O.CCCC(CCC)C(=O)[O-].[Na+],1,0.45474102072035977,0.7272727272727273,>=0.70
random,22,405,CC(=O)O[C@H]1C[C@@H]2CC[C@@H]3[C@H](CC[C@@]4(C)[C@H]3C[C@H]([N+]3(C)CCCCC3)[C@@H]4OC(C)=O)[C@@]2(C)C[C@@H]1[N+]1(C)CCCCC1.[Br-].[Br-],0,0.051841664478458574,0.7936507936507936,>=0.70
random,22,333,OC(CCN1CCCC1)(c1ccccc1)C1CCCCC1,0,0.005413055963295915,1.0,>=0.70
random,22,37,CC/C(=C(\c1ccccc1)c1ccc(OCCN(C)C)cc1)c1ccccc1,1,0.1674952455585409,0.36363636363636365,0.30-0.50
random,22,50,CCCCCCCCCCC[C@@H](C[C@@H]1OC(=O)[C@H]1CCCCCC)OC(=O)[C@H](CC(C)C)NC=O,1,0.09643662346794629,0.18888888888888888,<0.30
random,22,406,CSCC[C@H](NC(=O)[C@H](Cc1c[nH]c2ccccc12)NC(=O)CCNC(=O)OCC(C)C)C(=O)N[C@@H](CC(=O)O)C(=O)N[C@@H](Cc1ccccc1)C(N)=O,0,0.05806723834301759,0.6354166666666666,0.50-0.70
random,22,436,COc1ccc(N(C)C)cc1CN[C@H]1CCCN[C@H]1c1ccccc1,0,0.6295346599266649,0.19148936170212766,<0.30
random,22,207,CC(C)NCC(O)c1ccc(O)c(O)c1,0,0.13928546420758206,0.6875,0.50-0.70
random,22,18,CC[C@H]1OC(=O)[C@H](C)[C@@H](O[C@H]2C[C@@](C)(OC)[C@@H](O)[C@H](C)O2)[C@H](C)[C@@H](O[C@@H]2O[C@H](C)C[C@H](N(C)C)[C@H]2O)[C@](C)(O)C[C@@H](C)C(=O)[C@H](C)[C@@H](O)[C@]1(C)O,1,0.12930395442647993,0.42016806722689076,0.30-0.50
random,22,331,CC(C)(N)CO.Cn1c(=O)c2[nH]c(Br)nc2n(C)c1=O,0,0.09863378582968124,0.3877551020408163,0.30-0.50
random,22,317,CCC(C)CCCCC(=O)NC(CCNCS(=O)(=O)[O-])C(=O)NC(C(=O)NC(CCNCS(=O)(=O)[O-])C(=O)NC1CCNC(=O)C(C(C)O)NC(=O)C(CCNCS(=O)(=O)[O-])NC(=O)C(CCNCS(=O)(=O)[O-])NC(=O)C(CC(C)C)NC(=O)C(CC(C)C)NC(=O)C(CCNCS(=O)(=O)[O-])NC1=O)C(C)O.[Na+].[Na+].[Na+].[Na+].[Na+],0,0.007696745343670858,0.7019230769230769,>=0.70
random,22,231,CC1C(c2ccccc2)OCCN1C,0,0.2792089341482409,0.2765957446808511,<0.30
random,22,300,OCCN1C[C@H](O)[C@@H](O)[C@H](O)[C@H]1CO,0,0.04130951021330284,0.6774193548387096,0.50-0.70
random,22,192,Cn1c(=O)c2c(ncn2C)n(C)c1=O,0,0.2364640265566917,0.525,0.50-0.70
random,22,229,Cc1cccc(CN2CCN(C(c3ccccc3)c3ccc(Cl)cc3)CC2)c1,0,0.6249462597836923,0.29850746268656714,<0.30
random,22,267,Clc1ccc(C(c2ccccc2Cl)C(Cl)Cl)cc1,0,0.4923408459710179,0.2765957446808511,<0.30
random,22,287,CN1C(=O)CC(C)(c2ccccc2)C1=O,0,0.7067307702698615,0.32075471698113206,0.30-0.50
random,22,323,O=[N+]([O-])OCC(CO[N+](=O)[O-])O[N+](=O)[O-],0,0.23398001717015446,0.21212121212121213,<0.30
random,22,109,CN(C)N/N=C1\N=CN=C1C(N)=O,1,0.8662941895397297,0.2,<0.30
random,22,14,CCC1(c2ccccc2)C(=O)NC(=O)NC1=O.CCCCOCC(CN1C(=O)N(CC(COCCCC)OC(N)=O)C(=O)C(CC)(c2ccccc2)C1=O)OC(N)=O.CCCCOCC(CN1C(=O)NC(=O)C(CC)(c2ccccc2)C1=O)OC(N)=O,1,0.5810401022374789,0.3181818181818182,0.30-0.50
random,22,359,COC(=O)[C@H]1[C@H]2C[C@@H]3c4[nH]c5cc(OC)ccc5c4CCN3C[C@H]2C[C@@H](OC(=O)c2cc(OC)c(OC)c(OC)c2)[C@@H]1OC,0,0.59661026090629,0.23529411764705882,<0.30
random,22,403,CC[C@H](C)[C@@H]1NC(=O)[C@H](Cc2ccc(O)cc2)NC(=O)[C@@H](N)CSSC[C@@H](C(=O)N2CCC[C@H]2C(=O)N[C@@H](CC(C)C)C(=O)NCC(N)=O)NC(=O)[C@H](CC(N)=O)NC(=O)[C@H](CCC(N)=O)NC1=O,0,0.002394671782400329,0.8979591836734694,>=0.70
random,23,157,CCc1oc2ccccc2c1C(=O)c1ccc(O)cc1,1,0.9309439485187562,0.6904761904761905,0.50-0.70
random,23,65,C#Cc1cccc(Nc2ncnc3cc(OCCOC)c(OCCOC)cc23)c1,1,0.939532815248343,0.40789473684210525,0.30-0.50
random,23,386,CC[C@H](C)[C@H](NC(=O)[C@H](Cc1ccccc1)NC(=O)[C@H](CC(C)C)NC(=O)[C@H](CCCNC(=N)N)NC(=O)[C@@H](NC(=O)[C@H](C)NC(=O)[C@H](CCC(=O)O)NC(=O)[C@H](CCC(=O)O)NC(=O)[C@H](CCC(=O)O)NC(=O)[C@H](CCSC)NC(=O)[C@H](CCC(N)=O)NC(=O)[C@H](CCCCN)NC(=O)[C@H](CO)NC(=O)[C@H](CC(C)C)NC(=O)[C@H](CC(=O)O)NC(=O)[C@H](CO)NC(=O)[C@@H](NC(=O)[C@H](Cc1ccccc1)NC(=O)[C@@H](NC(=O)CNC(=O)[C@H](CCC(=O)O)NC(=O)CNC(=O)[C@@H](N)Cc1cnc[nH]1)[C@@H](C)O)[C@@H](C)O)C(C)C)C(=O)N[C@@H](CCC(=O)O)C(=O)N[C@@H](Cc1c[nH]c2ccccc12)C(=O)N[C@@H](CC(C)C)C(=O)N[C@@H](CCCCN)C(=O)N[C@@H](CC(N)=O)C(=O)NCC(=O)NCC(=O)N1CCC[C@H]1C(=O)N[C@@H](CO)C(=O)N[C@@H](CO)C(=O)NCC(=O)N[C@@H](C)C(=O)N1CCC[C@H]1C(=O)N1CCC[C@H]1C(=O)N1CCC[C@H]1C(=O)N[C@@H](CO)C(N)=O,0,0.00024005922131159406,0.7514792899408284,>=0.70
random,23,144,CC(=O)Oc1ccc(C2(c3ccc(OC(C)=O)cc3)C(=O)N(C(C)=O)c3ccccc32)cc1,1,0.8652170113949943,0.5531914893617021,0.50-0.70
random,23,184,CC(COc1ccccc1)N(CCCl)Cc1ccccc1,0,0.4255353982210622,0.40476190476190477,0.30-0.50
random,23,178,CCCCN1C(=O)[C@@H]([C@H](O)C2CCCCC2)NC(=O)C12CCN(Cc1ccc(Oc3ccc(C(=O)O)cc3)cc1)CC2,1,0.9298823605800057,0.2403846153846154,<0.30
random,23,448,CN1c2c([nH]c(N)nc2=O)NC[C@@H]1CNc1ccc(C(=O)N[C@@H](CCC(=O)[O-])C(=O)[O-])cc1.[Ca+2],0,0.1075628928732619,0.625,0.50-0.70
random,23,446,NCCc1ccc(O)cc1,0,0.1565895163470957,0.3333333333333333,0.30-0.50
random,23,29,S=c1nc[nH]c2nc[nH]c12,1,0.7366464082300169,0.3142857142857143,0.30-0.50
random,23,249,Cc1ccc(N(CC2=NCCN2)c2cccc(O)c2)cc1,0,0.09885899769912489,0.2631578947368421,<0.30
random,23,414,CC[C@H](C)[C@H](NC(=O)[C@H](CCC(=O)O)NC(=O)[C@H](CO)NC(=O)[C@@H](NC(=O)[C@@H](N)CO)C(C)C)C(=O)N[C@@H](CCC(N)=O)C(=O)N[C@@H](CC(C)C)C(=O)N[C@@H](CCSC)C(=O)N[C@@H](Cc1c[nH]cn1)C(=O)N[C@@H](CC(N)=O)C(=O)N[C@@H](CC(C)C)C(=O)NCC(=O)N[C@@H](CCCCN)C(=O)N[C@@H](Cc1c[nH]cn1)C(=O)N[C@@H](CC(C)C)C(=O)N[C@@H](CC(N)=O)C(=O)N[C@@H](CO)C(=O)N[C@@H](CCSC)C(=O)N[C@@H](CCC(=O)O)C(=O)N[C@@H](CCCNC(=N)N)C(=O)N[C@H](C(=O)N[C@@H](CCC(=O)O)C(=O)N[C@@H](Cc1c[nH]c2ccccc12)C(=O)N[C@@H](CC(C)C)C(=O)N[C@@H](CCCNC(=N)N)C(=O)N[C@@H](CCCCN)C(=O)N[C@@H](CCCCN)C(=O)N[C@@H](CC(C)C)C(=O)N[C@@H](CCC(N)=O)C(=O)N[C@@H](CC(=O)O)C(=O)N[C@H](C(=O)N[C@@H](Cc1c[nH]cn1)C(=O)N[C@@H](CC(N)=O)C(=O)N[C@@H](Cc1ccccc1)C(=O)O)C(C)C)C(C)C,0,0.005979404170992436,0.6753246753246753,0.50-0.70
random,23,179,CO/N=C(\N)c1ccc(-c2ccc(-c3ccc(/C(N)=N/OC)cc3)o2)cc1,1,0.9201570047960366,0.2,<0.30
random,23,36,O=C1CN(/N=C\c2ccc([N+](=O)[O-])o2)C(=O)N1,1,0.9057151784810885,0.673469387755102,0.50-0.70
random,23,162,CCCCCCCCNC(C)C(O)c1ccc(SC(C)C)cc1,1,0.25672503953348663,0.3181818181818182,0.30-0.50
random,23,390,C=CCN1CC[C@]23c4c5ccc(O)c4O[C@H]2C(=O)CC[C@@]3(O)[C@H]1C5,0,0.01674912805395637,0.7288135593220338,>=0.70
random,23,75,CC1(C)NC(=O)N(c2ccc([N+](=O)[O-])c(C(F)(F)F)c2)C1=O,1,0.9841518326951397,0.4,0.30-0.50
random,23,84,CNCC[C@H](Oc1cccc2ccccc12)c1cccs1,1,0.753887619846444,0.44,0.30-0.50
random,23,30,CC(=O)Nc1ccc(O)cc1,1,0.3073918114863782,0.30303030303030304,0.30-0.50
random,23,54,Nc1nc(NC2CC2)c2ncn(C3C=C[C@H](CO)C3)c2n1,1,0.07907608398197959,0.26865671641791045,<0.30
random,23,64,N[C@@H]1CCCC[C@H]1N.O=C([O-])C(=O)[O-].[Pt+2],1,0.039859309317076416,0.26666666666666666,<0.30
random,23,10,Cc1c(C)c2c(c(C)c1O)CCC(C)(COc1ccc(CC3SC(=O)NC3=O)cc1)O2,1,0.16143172977681447,0.38028169014084506,0.30-0.50
random,23,215,NC[C@@H]1O[C@H](O[C@H]2[C@@H](O)[C@H](O[C@@H]3[C@@H](O)[C@H](N)C[C@H](N)[C@H]3O[C@H]3O[C@H](CO)[C@@H](O)[C@H](O)[C@H]3N)O[C@@H]2CO)[C@H](N)[C@@H](O)[C@@H]1O,0,0.02530284708826026,0.9761904761904762,>=0.70
random,23,16,Cc1cc(C#N)cc(C)c1Oc1nc(Nc2ccc(C#N)cc2)nc(N)c1Br,1,0.9855201581978467,0.18823529411764706,<0.30
random,23,274,O=C(OC1CC2CC[C@@H](C1)[N+]21CCCC1)C(O)(c1ccccc1)c1ccccc1.[Cl-],0,0.012639342566796935,0.5833333333333334,0.50-0.70
random,23,68,CCCN(CCOc1c(Cl)cc(Cl)cc1Cl)C(=O)n1ccnc1.O=S(=O)([O-])C(I)I.[Na+],1,0.9789328425251834,0.2345679012345679,<0.30
random,23,397,CC[C@H](C)[C@@H]1NC(=O)[C@H](Cc2ccccc2)NC(=O)[C@H](CCC(=O)O)NC(=O)[C@H](CCC(=O)O)NC(=O)[C@@H]2CSSC[C@@H]3NC(=O)[C@H](CCC(=O)O)NC(=O)[C@H](CCC(=O)O)NC(=O)[C@H](CC(C)C)NC(=O)[C@H](CO)NC(=O)[C@H](CCC(=O)O)NC(=O)[C@H](Cc4ccccc4)NC(=O)[C@H](CCCNC(=N)N)NC(=O)[C@H](CC(N)=O)NC(=O)[C@H](CCC(N)=O)NC(=O)[C@H](CC(N)=O)NC(=O)CNC(=O)[C@H](CCC(=O)O)NC(=O)[C@H](CSSC[C@H](NC(=O)[C@@H]4CCCN4C(=O)CNC(=O)[C@H](CC(=O)O)NC(=O)[C@H](CC(=O)O)NC(=O)[C@H](C)NC(=O)[C@H](CCCCN)NC(=O)[C@H](Cc4ccccc4)NC(=O)[C@H](C)NC(=O)[C@@H](NC(=O)[C@H](Cc4ccccc4)NC(=O)[C@H](CO)NC(=O)[C@H](Cc4cnc[nH]4)NC(=O)[C@H](CCSC)NC(=O)[C@H](C)NC(=O)[C@@H](N)CCC(=O)O)CSSC[C@@H](C(=O)N[C@H](C(=O)N[C@@H](CCCNC(=N)N)C(=O)N[C@@H](CC(=O)O)C(=O)O)[C@H](C)O)NC(=O)[C@H](CCSC)NC(=O)[C@H](CCCCN)NC(=O)[C@H](CCCCN)NC3=O)C(=O)N[C@@H](CCCNC(=N)N)C(=O)N[C@@H](C)C(=O)N[C@@H](C)C(=O)N[C@@H](Cc3cnc[nH]3)C(=O)N3CCC[C@H]3C(=O)N[C@@H](CCCNC(=N)N)C(=O)N[C@@H](Cc3c[nH]c4ccccc34)C(=O)N[C@@H](Cc3ccccc3)C(=O)N[C@@H](Cc3ccccc3)C(=O)N[C@@H](CC(N)=O)C(=O)N[C@@H]([C@@H](C)CC)C(=O)N[C@@H](Cc3ccccc3)C(=O)N[C@@H]([C@H](C)O)C(=O)N[C@@H](CCCNC(=N)N)C(=O)N[C@@H](CCC(N)=O)C(=O)N2)NC(=O)CNC(=O)CNC(=O)[C@H](Cc2ccc(O)cc2)NC1=O,0,1.9689531165076577e-05,0.49416342412451364,0.30-0.50
random,23,350,CNCCCC1c2ccccc2C=Cc2ccccc21,0,0.548315670999817,0.29411764705882354,<0.30
random,23,90,C[C@@H](c1ncncc1F)[C@](O)(Cn1cncn1)c1ccc(F)cc1F,1,0.7554327099538262,0.5849056603773585,0.50-0.70
random,23,442,C/C(=N\O)[C@@H](C)NCC(C)(C)CN[C@H](C)/C(C)=N/O,0,0.08953629205240415,0.2,<0.30
random,23,11,O=C(O)CCCCCC[NH2+]C1c2ccccc2CCc2ccccc21.[Cl-],1,0.09652020762539541,0.2926829268292683,<0.30
random,23,205,CC(COc1ccccc1)NC(C)C(O)c1ccc(O)cc1,0,0.1125480752367777,0.4878048780487805,0.30-0.50
random,23,196,O=C1OC([C@@H](O)CO)C(O)=C1O,0,0.10758298771275446,0.2,<0.30
random,23,81,CCC(C)n1ncn(-c2ccc(N3CCN(c4ccc(OC[C@H]5CO[C@](Cn6cncn6)(c6ccc(Cl)cc6Cl)O5)cc4)CC3)cc2)c1=O,1,0.888862234652172,0.5531914893617021,0.50-0.70
random,23,5,CNCCC=C1c2ccccc2CCc2ccccc21,1,0.5706567171311605,0.24489795918367346,<0.30
random,23,197,Nc1nc(=O)c2c([nH]1)NCC(CNc1ccc(C(=O)N[C@H](CCC(=O)O)C(=O)O)cc1)N2C=O,0,0.061565716560490584,1.0,>=0.70
random,23,355,CCCCCN(C)CCC(O)(P(=O)(O)O)P(=O)(O)O,0,0.05420699961947775,0.28125,<0.30
random,23,345,NC(N)=NCCC[C@H](N)C(=O)O,0,0.27224360854545065,0.40625,0.30-0.50
random,23,302,Cc1ccc(O)c([C@@H](CCN(C(C)C)C(C)C)c2ccccc2)c1,0,0.19273398287899884,0.4262295081967213,0.30-0.50
random,23,309,COc1ccccc1OCC(O)CN1CCN(CC(=O)Nc2c(C)cccc2C)CC1,0,0.011746463396337661,0.4339622641509434,0.30-0.50
random,23,83,O=C1Nc2ccc(Cl)cc2[C@@](C#CC2CC2)(C(F)(F)F)O1,1,0.927305310288016,0.24615384615384617,<0.30
random,23,44,O=c1nc[nH]c2c1ncn2[C@H]1CC[C@@H](CO)O1,1,0.6240089639838843,0.2698412698412698,<0.30
random,23,225,COc1cc(NC(C)CCCN)c2ncccc2c1,0,0.8074332595710996,0.25925925925925924,<0.30
random,23,331,CC(C)(N)CO.Cn1c(=O)c2[nH]c(Br)nc2n(C)c1=O,0,0.1316857589197693,0.3695652173913043,0.30-0.50
random,23,47,Nc1ccc(C(=O)O)c(O)c1,1,0.9640003705211212,0.325,0.30-0.50
random,23,240,CC(=CCC1=C(C)C(=O)c2ccccc2C1=O)CCCC(C)CCCC(C)CCCC(C)C,0,0.3243298889133655,0.23529411764705882,<0.30
random,23,209,C[C@]12CCC(=O)C=C1CC[C@H]1[C@@H]3CC[C@](O)(C(=O)CO)[C@@]3(C)C[C@H](O)[C@@]12F,0,0.4596005655839517,0.578125,0.50-0.70
random,23,440,CN1CCc2cccc3c2[C@H]1Cc1ccc(O)c(O)c1-3,0,0.025437378009055777,0.27941176470588236,<0.30
random,23,128,Nc1c(CC(=O)O)cccc1C(=O)c1ccc(Br)cc1,1,0.9699901701965357,0.25,<0.30
random,23,101,CCCCc1oc2ccccc2c1C(=O)c1cc(I)c(OCCN(CC)CC)c(I)c1,1,0.9555923210547047,0.5254237288135594,0.50-0.70
random,23,104,Cc1cn([C@H]2C[C@H](N=[N+]=[N-])[C@@H](CO)O2)c(=O)[nH]c1=O,1,0.8367825933335398,0.4727272727272727,0.30-0.50
random,23,77,Cc1ccc(NC(=O)c2ccc(CN3CCN(C)CC3)cc2)cc1Nc1nccc(-c2cccnc2)n1,1,0.9599735674321207,0.2708333333333333,<0.30
random,23,40,O=C(O)C1=C/C(=N/Nc2ccc(S(=O)(=O)Nc3ccccn3)cc2)C=CC1=O,1,0.8487097199181468,0.24615384615384617,<0.30
random,23,371,CC[C@H](C)[C@H](NC(=O)[C@@H](NC(=O)[C@H](CCC(=O)O)NC(=O)[C@H](CC(C)C)NC(=O)[C@H](CCSC)NC(=O)[C@H](CCCCN)NC(=O)[C@H](CCCNC(=N)N)NC(=O)[C@H](CC(N)=O)NC(=O)[C@H](CO)NC(=O)[C@H](Cc1cnc[nH]1)NC(=O)[C@H](C)NC(=O)[C@H](CCC(N)=O)NC(=O)[C@H](CCC(N)=O)NC(=O)[C@H](C)NC(=O)[C@H](CC(C)C)NC(=O)[C@H](CCC(N)=O)NC(=O)[C@H](CCC(=O)O)NC(=O)[C@H](C)NC(=O)[C@H](CCCNC(=N)N)NC(=O)[C@H](C)NC(=O)[C@H](CCSC)NC(=O)[C@H](CCC(=O)O)NC(=O)[C@H](CC(C)C)NC(=O)[C@@H](NC(=O)[C@H](CCC(=O)O)NC(=O)[C@H](CCCNC(=N)N)NC(=O)[C@H](CC(C)C)NC(=O)[C@H](CC(C)C)NC(=O)[C@H](Cc1cnc[nH]1)NC(=O)[C@H](Cc1ccccc1)NC(=O)[C@@H](NC(=O)[C@H](CC(C)C)NC(=O)[C@H](CC(=O)O)NC(=O)[C@H](CC(C)C)NC(=O)[C@H](CO)NC(=O)[C@@H](NC(=O)[C@@H]1CCCN1C(=O)[C@@H]1CCCN1C(=O)[C@H](CCC(=O)O)NC(=O)[C@H](CCC(=O)O)NC(=O)[C@@H](N)CO)[C@@H](C)CC)[C@@H](C)O)C(C)C)[C@@H](C)CC)C(=O)O,0,0.001195276574501397,0.9568345323741008,>=0.70
random,23,445,c1cc(CN2CCCNCCNCCCNCC2)ccc1CN1CCCNCCNCCCNCC1,0,0.0656375767170207,0.24074074074074073,<0.30
random,23,42,O=C(O)Cc1ccccc1Nc1c(Cl)cccc1Cl,1,0.8769848684171582,0.5652173913043478,0.50-0.70
random,23,224,CN(C)CCC(c1ccc(Br)cc1)c1ccccn1,0,0.08460286964882278,1.0,>=0.70
random,23,58,NC(=O)NO,1,0.599154220861566,0.25925925925925924,<0.30
random,23,374,OC[C@H]1OC(O)[C@H](O)[C@@H](O)[C@@H]1O,0,0.38109330374841016,0.3783783783783784,0.30-0.50
random,23,398,NCCc1cnc[nH]1.O=P(O)(O)O.O=P(O)(O)O,0,0.2530110267893724,0.23076923076923078,<0.30
random,23,313,CCCCC(F)(F)[C@@]1(O)CC[C@@H]2[C@H](CCCCCCC(=O)O)C(=O)C[C@H]2O1,0,0.08197537259835092,0.25,<0.30
random,23,278,Cn1c(=O)c2[nH]cnc2n(C)c1=O.Cn1c(=O)c2[nH]cnc2n(C)c1=O.NCCN,0,0.14768151428111884,0.8387096774193549,>=0.70
random,23,287,CN1C(=O)CC(C)(c2ccccc2)C1=O,0,0.4573869496403558,0.32075471698113206,0.30-0.50
random,23,141,O=C(COc1ccc(Cl)cc1)N1CCN(Cc2ccc3c(c2)OCO3)CC1,1,0.39918637789601874,0.29850746268656714,<0.30
random,23,220,Cc1ncc(CO)c(CO)c1O,0,0.45428975396420707,0.2391304347826087,<0.30
random,23,378,[Cl][Cu][Cl],0,0.3793145797527492,0.041666666666666664,<0.30
random,23,170,Cc1cc2c(cc1CC(=O)c1sccc1S(=O)(=O)Nc1onc(C)c1Cl)OCO2,1,0.971931920001305,0.1891891891891892,<0.30
random,23,244,CN1C[C@H](C(=O)N[C@]2(C)O[C@@]3(O)[C@@H]4CCCN4C(=O)[C@H](Cc4ccccc4)N3C2=O)C[C@@H]2c3cccc4[nH]cc(c34)C[C@H]21,0,0.02497826545952452,0.32456140350877194,0.30-0.50
random,23,263,CC#C[C@]1(O)CC[C@H]2[C@@H]3CCC4=CC(=O)CCC4=C3[C@@H](c3ccc(N(C)C)cc3)C[C@@]21C,0,0.5684616958302485,0.27710843373493976,<0.30
random,23,199,C=C1CC[C@H](O)C/C1=C/C=C1\CCC[C@]2(C)[C@@H]([C@H](C)/C=C/[C@H](C)C(C)C)CC[C@@H]12,0,0.2071758525171134,0.4931506849315068,0.30-0.50
random,23,370,Nc1ccc(C(=O)NCC(=O)O)cc1,0,0.9341427594960429,0.37209302325581395,0.30-0.50
random,23,219,C[N+](C)(C)CC(=O)[O-],0,0.09931593403319487,0.4583333333333333,0.30-0.50
random,23,300,OCCN1C[C@H](O)[C@@H](O)[C@H](O)[C@H]1CO,0,0.04338420901327247,0.6774193548387096,0.50-0.70
random,23,267,Clc1ccc(C(c2ccccc2Cl)C(Cl)Cl)cc1,0,0.41519974583841507,0.2765957446808511,<0.30
random,23,206,CN[C@@H](C)[C@@H](O)c1ccccc1,0,0.16698988909439777,1.0,>=0.70
random,23,387,C[NH+](C)CCOC(c1ccccc1)c1ccccc1.Cn1c2nc(Cl)nc-2c([O-])n(C)c1=O,0,0.38770814544697635,0.3157894736842105,0.30-0.50
random,23,381,O=S([O-])([O-])=S.[Na+].[Na+],0,0.4070154063292263,0.21428571428571427,<0.30
random,23,171,CC(N)C(=O)OC(C)(C)Cc1ccc(Cl)cc1,1,0.4554584013238041,0.2916666666666667,<0.30
random,23,232,C[C@](N)(Cc1ccc(O)cc1)C(=O)O,0,0.6099890749459361,0.6666666666666666,0.50-0.70
random,23,233,CN1CC[C@]23c4c5ccc(O)c4O[C@H]2[C@@H](O)C=C[C@H]3[C@H]1C5,0,0.03344871195829156,0.7592592592592593,>=0.70
random,23,241,NC(=O)C(c1ccccc1)(c1ccccc1)[C@@H]1CCN(CCc2ccc3c(c2)CCO3)C1,0,0.03600116514766205,0.3333333333333333,0.30-0.50
random,23,109,CN(C)N/N=C1\N=CN=C1C(N)=O,1,0.832330996470321,0.2,<0.30
random,23,337,NCCc1ccc(O)c(O)c1,0,0.22266023300882176,0.42857142857142855,0.30-0.50
random,23,19,COc1cc(C(=O)NS(=O)(=O)c2ccccc2C)ccc1Cc1cn(C)c2ccc(NC(=O)OC3CCCC3)cc12,1,0.34244723365570345,0.25742574257425743,<0.30
random,23,421,CCCCCCCN(CC)CCCC(O)c1ccc(NS(C)(=O)=O)cc1,0,0.15865453728026332,0.33783783783783783,0.30-0.50
random,23,223,CC(C)NCC(O)COc1cccc2[nH]ccc12,0,0.10546690896897001,0.39285714285714285,0.30-0.50
random,23,174,Cc1nc(C)c2c(n1)N(Cc1ccc(-c3ccccc3-c3nn[nH]n3)cc1)C(=O)CC2,1,0.8030740028568363,0.2087912087912088,<0.30
random,23,190,C[C@H]1O[C@@H](O[C@H]2[C@@H](O)C[C@H](O[C@H]3[C@@H](O)C[C@H](O[C@H]4CC[C@@]5(C)[C@H](CC[C@@H]6[C@@H]5C[C@@H](O)[C@]5(C)C(C7=CC(=O)OC7)CC[C@]65O)C4)O[C@@H]3C)O[C@@H]2C)C[C@H](O)[C@@H]1O,0,0.5198746016461292,0.22988505747126436,<0.30
random,23,376,NC(=O)[C@@H]1CCCN1C(=O)[C@H](Cc1cnc[nH]1)NC(=O)[C@@H]1CCC(=O)N1,0,0.13484625505615103,0.26973684210526316,<0.30
random,23,327,Fc1ccccc1C1=NCC(=S)N(CC(F)(F)F)c2ccc(Cl)cc21,0,0.6774576440746294,0.5166666666666667,0.50-0.70
random,23,28,C[C@]12CC[C@H]3[C@@H](CCC4=CC(=O)CC[C@@]43C)[C@@H]1CC[C@@H]2O,1,0.7880092514251004,0.56,0.50-0.70
random,23,395,C/C=C1\NC(=O)[C@H]2CSSCC/C=C/[C@H](CC(=O)N[C@H](C(C)C)C(=O)N2)OC(=O)[C@H](C(C)C)NC1=O,0,0.8743454639183346,0.16666666666666666,<0.30
random,24,359,COC(=O)[C@H]1[C@H]2C[C@@H]3c4[nH]c5cc(OC)ccc5c4CCN3C[C@H]2C[C@@H](OC(=O)c2cc(OC)c(OC)c(OC)c2)[C@@H]1OC,0,0.829419884570124,0.2087912087912088,<0.30
random,24,131,O=C(O)COc1ccc(C(=O)c2cccs2)c(Cl)c1Cl,1,0.8487712909275192,0.2631578947368421,<0.30
random,24,437,O=C(CCCCC(=O)Nc1c(I)cc(I)c(C(=O)O)c1I)Nc1c(I)cc(I)c(C(=O)O)c1I,0,0.17919415112606452,0.38461538461538464,0.30-0.50
random,24,401,C[N+](C)(C)CCOC(=O)CCC(=O)OCC[N+](C)(C)C,0,0.025427188487457477,0.6521739130434783,0.50-0.70
random,24,443,NC(=O)CCC1NC(=O)C(Cc2ccccc2)NC(=O)C(Cc2ccc(O)cc2)NC(=O)C(N)CSSCC(C(=O)N2CCCC2C(=O)NC(CCCN=C(N)N)C(=O)NCC(N)=O)NC(=O)C(CC(N)=O)NC1=O,0,0.0002353634000878439,0.7090909090909091,>=0.70
random,24,442,C/C(=N\O)[C@@H](C)NCC(C)(C)CN[C@H](C)/C(C)=N/O,0,0.20875655159729706,0.2,<0.30
random,24,415,CNC[C@H](O)[C@@H](O)[C@H](O)[C@H](O)CO.CNC[C@H](O)[C@@H](O)[C@H](O)[C@H](O)CO.O=C([O-])CN(CCN(CC(=O)[O-])CC(=O)O)CCN(CC(=O)[O-])CC(=O)O.[Gd+3],0,0.016860149709722473,0.6229508196721312,0.50-0.70
random,24,307,C=CCN1C[C@H](C(=O)N(CCCN(C)C)C(=O)NCC)C[C@@H]2c3cccc4[nH]cc(c34)C[C@H]21,0,0.02563423416177579,0.2857142857142857,<0.30
random,24,244,CN1C[C@H](C(=O)N[C@]2(C)O[C@@]3(O)[C@@H]4CCCN4C(=O)[C@H](Cc4ccccc4)N3C2=O)C[C@@H]2c3cccc4[nH]cc(c34)C[C@H]21,0,0.0030815050625149797,0.27522935779816515,<0.30
random,24,393,[Fe].[O]=[Fe][OH].[O]=[Fe][OH],0,0.32865933082845106,0.15384615384615385,<0.30
random,24,188,CN1CCC[C@@H]1CCO[C@](C)(c1ccccc1)c1ccc(Cl)cc1,0,0.013009707731931905,0.3157894736842105,0.30-0.50
random,24,407,O=C(O)CN(CCN(CC(=O)O)CC(=O)O)CCN(CC(=O)O)CC(=O)O,0,0.26399977629514876,0.3055555555555556,0.30-0.50
random,24,254,CN(C)CCC(c1ccc(Cl)cc1)c1ccccn1,0,0.037534216410591306,1.0,>=0.70
random,24,4,CC(=O)Nc1nnc(S(N)(=O)=O)s1,1,0.7407732222660603,0.2631578947368421,<0.30
random,24,109,CN(C)N/N=C1\N=CN=C1C(N)=O,1,0.5348913284596106,0.2,<0.30
random,24,121,CCC[C@@]1(CCc2ccccc2)CC(=O)C([C@H](CC)c2cccc(NS(=O)(=O)c3ccc(C(F)(F)F)cn3)c2)=C(O)O1,1,0.2593002500744586,0.2087912087912088,<0.30
random,24,378,[Cl][Cu][Cl],0,0.37548130715520317,0.041666666666666664,<0.30
random,24,230,CN1CC[C@]23c4c5ccc(O)c4O[C@H]2C(=O)CC[C@@]3(O)[C@H]1C5,0,0.03165217572375165,0.7678571428571429,>=0.70
random,24,376,NC(=O)[C@@H]1CCCN1C(=O)[C@H](Cc1cnc[nH]1)NC(=O)[C@@H]1CCC(=O)N1,0,0.24635802953832298,0.26973684210526316,<0.30
random,24,47,Nc1ccc(C(=O)O)c(O)c1,1,0.9076011633134291,0.325,0.30-0.50
random,24,372,CC1(C)C(=CC=CC=CC=CC2=[N+](CCCCS(=O)(=O)[O-])c3ccc4ccccc4c3C2(C)C)N(CCCCS(=O)(=O)[O-])c2ccc3ccccc3c21.[Na+],0,0.44245865258444195,0.16483516483516483,<0.30
random,24,302,Cc1ccc(O)c([C@@H](CCN(C(C)C)C(C)C)c2ccccc2)c1,0,0.10450347406669679,0.4262295081967213,0.30-0.50
random,24,187,Cc1ccccc1C(OCCN(C)C)c1ccccc1,0,0.04757002243549691,0.7272727272727273,>=0.70
random,24,239,C/C1=C2/[N-]C([C@H](CC(N)=O)[C@@]2(C)CCC(=O)NCC(C)OP(=O)(O)OC2C(O)[C@@H](n3cnc4cc(C)c(C)cc43)O[C@H]2CO)[C@]2(C)N=C(/C(C)=C3N=C(/C=C4N=C1[C@@H](CCC(N)=O)C\4(C)C)[C@@H](CCC(N)=O)[C@]\3(C)CC(N)=O)[C@@H](CCC(N)=O)[C@]2(C)CC(N)=O.[C-]#N.[Co+3],0,0.20986731628392066,0.19607843137254902,<0.30
random,24,249,Cc1ccc(N(CC2=NCCN2)c2cccc(O)c2)cc1,0,0.06993513808846745,0.2631578947368421,<0.30
random,24,156,O=C(O)COc1nn(Cc2ccccc2)c2ccccc12,1,0.4370220320572438,0.23333333333333334,<0.30
random,24,316,COc1ccc2c3c1O[C@H]1[C@@H](O)C=C[C@H]4[C@@H](C2)N(C)CC[C@@]341,0,0.04142212677766716,0.7592592592592593,>=0.70
random,24,127,CC(C)NNC(=O)c1ccncc1,1,0.8653303540649878,0.5161290322580645,0.50-0.70
random,24,313,CCCCC(F)(F)[C@@]1(O)CC[C@@H]2[C@H](CCCCCCC(=O)O)C(=O)C[C@H]2O1,0,0.18350315192723293,0.25,<0.30
random,24,134,CCCN(CCC)C(=O)Cc1c(-c2ccc(Cl)cc2)nc2ccc(Cl)cn12,1,0.9535142189441805,0.288135593220339,<0.30
random,24,357,Nc1nc(F)nc2c1ncn2[C@@H]1O[C@H](COP(=O)(O)O)[C@@H](O)[C@@H]1O,0,0.5874030450596542,0.48333333333333334,0.30-0.50
random,24,26,CO[C@H]1/C=C/O[C@@]2(C)Oc3c(C)c(O)c4c(c3C2=O)C(=O)/C(=C/NN2CCN(C)CC2)C(=C4O)NC(=O)/C(C)=C\C=C\[C@H](C)[C@H](O)[C@@H](C)[C@@H](O)[C@@H](C)[C@H](OC(C)=O)[C@@H]1C,1,0.7441993337172699,0.1721311475409836,<0.30
random,24,23,CC(C)c1nc(CN(C)C(=O)N[C@H](C(=O)N[C@@H](Cc2ccccc2)C[C@H](O)[C@H](Cc2ccccc2)NC(=O)OCc2cncs2)C(C)C)cs1,1,0.22898107963163886,0.25217391304347825,<0.30
random,24,347,CC[C@]1(O)C[C@@H]2CN(CCc3c([nH]c4ccccc34)[C@@](C(=O)OC)(c3cc4c(cc3OC)N(C)[C@H]3[C@@](O)(C(=O)OC)[C@H](OC(C)=O)[C@]5(CC)C=CCN6CC[C@]43[C@@H]65)C2)C1,0,0.1861863598353936,0.19491525423728814,<0.30
random,24,317,CCC(C)CCCCC(=O)NC(CCNCS(=O)(=O)[O-])C(=O)NC(C(=O)NC(CCNCS(=O)(=O)[O-])C(=O)NC1CCNC(=O)C(C(C)O)NC(=O)C(CCNCS(=O)(=O)[O-])NC(=O)C(CCNCS(=O)(=O)[O-])NC(=O)C(CC(C)C)NC(=O)C(CC(C)C)NC(=O)C(CCNCS(=O)(=O)[O-])NC1=O)C(C)O.[Na+].[Na+].[Na+].[Na+].[Na+],0,0.07010678221205675,0.3018867924528302,0.30-0.50
random,24,124,OCC1OC(n2cnc3c2NC=NC[C@H]3O)CC1O,1,0.1285428807131059,0.27692307692307694,<0.30
random,24,167,CN1CCCC(CN2c3ccccc3Sc3ccccc32)C1,1,0.3606136208641094,0.3548387096774194,0.30-0.50
random,24,164,CC(NN)c1ccccc1,1,0.6573085281050542,0.41935483870967744,0.30-0.50
random,24,449,COc1cccc2c1C(=O)c1c(O)c3c(c(O)c1C2=O)C[C@@](O)(C(C)=O)C[C@@H]3O[C@H]1C[C@H](N)[C@H](O)[C@H](C)O1,0,0.8090691843148532,0.20353982300884957,<0.30
random,24,36,O=C1CN(/N=C\c2ccc([N+](=O)[O-])o2)C(=O)N1,1,0.9444891648740533,0.673469387755102,0.50-0.70
random,24,411,COc1ccc(CC2c3cc(OC)c(OC)cc3CC[N+]2(C)CCC(=O)OCCCCCOC(=O)CC[N+]2(C)CCc3cc(OC)c(OC)cc3C2Cc2ccc(OC)c(OC)c2)cc1OC,0,0.13065819246063565,0.8095238095238095,>=0.70
random,24,421,CCCCCCCN(CC)CCCC(O)c1ccc(NS(C)(=O)=O)cc1,0,0.2571424965105441,0.33783783783783783,0.30-0.50
random,24,312,CCC(=O)NCC[C@@H]1CCc2ccc3c(c21)CCO3,0,0.6695893171454825,0.24675324675324675,<0.30
random,24,191,N[C@@H](Cc1cc(I)c(Oc2ccc(O)c(I)c2)c(I)c1)C(=O)O,0,0.7352206712715335,0.25925925925925924,<0.30
random,24,34,CC(CCc1ccccc1)NCC(O)c1ccc(O)c(C(N)=O)c1,1,0.018935418050235284,0.43137254901960786,0.30-0.50
random,24,391,CCCC(=O)OCOC(=O)C1=C(C)NC(C)=C(C(=O)OC)C1c1cccc(Cl)c1Cl,0,0.9188309197048632,0.22388059701492538,<0.30
random,24,39,O=C(O)c1cccnc1,1,0.9294921071755903,0.35714285714285715,0.30-0.50
random,24,7,CNC(=O)c1cc(Oc2ccc(NC(=O)Nc3ccc(Cl)c(C(F)(F)F)c3)cc2)ccn1,1,0.9897528254748496,0.29411764705882354,<0.30
random,24,13,CN1c2c(oc(=O)n(-c3ccccn3)c2=O)-c2ccccc2S1(=O)=O,1,0.41143994462424793,0.21739130434782608,<0.30
random,24,304,CC(C)(C)NCC(O)c1ccc(O)c(CO)c1,0,0.07251100098685627,0.475,0.30-0.50
random,24,438,CSCC[C@H](N)C(=O)O,0,0.33801145132095733,0.40625,0.30-0.50
random,24,125,NC(=O)OCC(COC(N)=O)c1ccccc1,1,0.25591797188049914,0.3170731707317073,0.30-0.50
random,24,329,CN1C2CC(OC(=O)C(CO)c3ccccc3)CC1C1OC12,0,0.004904759689821187,0.6938775510204082,0.50-0.70
random,24,176,CCO[C@@H]1OC(=O)C[C@@H]1NC(=O)[C@@H]1CCCN2C(=O)CC[C@H](NC(=O)c3nccc4ccccc34)C(=O)N12,1,0.6434632834010557,0.2159090909090909,<0.30
random,24,258,CC(O)(P(=O)(O)O)P(=O)(O)O,0,0.12264151904157371,0.28125,<0.30
random,24,212,Nc1nc(=O)c2nc(CNc3ccc(C(=O)N[C@@H](CCC(=O)O)C(=O)O)cc3)cnc2[nH]1,0,0.6140397873560788,0.5125,0.50-0.70
random,24,139,CC(C)Cc1ccc(CC(=O)O)cc1,1,0.40974213623926975,0.3548387096774194,0.30-0.50
random,24,177,CN1CCC(Nc2ncc3ncnc(Nc4ccc(F)c(Cl)c4)c3n2)CC1,1,0.9341245475740179,0.4074074074074074,0.30-0.50
random,24,318,CCC(C)CCCCC(=O)NC(CCN)C(=O)NC(C(=O)NC(CCN)C(=O)NC1CCNC(=O)C(C(C)O)NC(=O)C(CCN)NC(=O)C(CCN)NC(=O)C(CC(C)C)NC(=O)C(Cc2ccccc2)NC(=O)C(CCN)NC1=O)C(C)O.O=S(=O)(O)O,0,0.0770364070960435,0.40397350993377484,0.30-0.50
random,24,169,Cc1nc([N+](=O)[O-])cn1-c1ccc([N+](=O)[O-])cc1,1,0.6994830806681835,0.24561403508771928,<0.30
random,24,174,Cc1nc(C)c2c(n1)N(Cc1ccc(-c3ccccc3-c3nn[nH]n3)cc1)C(=O)CC2,1,0.6909063910930523,0.2087912087912088,<0.30
random,24,182,CCCC(CCC)C(=O)O.CCCC(CCC)C(=O)[O-].[Na+],1,0.6073482322175073,0.7272727272727273,>=0.70
random,24,114,C[C@]12COC(=O)C[C@@H]1CC[C@@H]1[C@@H]2CC[C@@]2(C)[C@H]1CC[C@]2(C)O,1,0.2895528133058995,0.2786885245901639,<0.30
random,24,196,O=C1OC([C@@H](O)CO)C(O)=C1O,0,0.04463407667553817,0.2,<0.30
random,24,354,C[C@]12CCC3[C@@H](CC[C@H]4NC(=O)C=C[C@]34C)[C@@H]1CC[C@@H]2C(=O)Nc1cc(C(F)(F)F)ccc1C(F)(F)F,0,0.9840787269447432,0.24390243902439024,<0.30
random,24,108,C#C[C@]1(O)CC[C@H]2[C@@H]3CCC4=Cc5oncc5C[C@]4(C)[C@H]3CC[C@@]21C,1,0.04841056539584139,0.3235294117647059,0.30-0.50
random,24,281,CC(=O)OCC(=O)[C@@]1(O)CC[C@H]2[C@@H]3CCC4=CC(=O)CC[C@]4(C)[C@H]3C(=O)C[C@@]21C,0,0.14086113853255205,0.5294117647058824,0.50-0.70
random,24,428,NCCCNCCSP(=O)(O)O,0,0.08016404129933337,0.32142857142857145,0.30-0.50
random,24,151,CN(C)CCCC1c2ccccc2Nc2ccc(Cl)cc21,1,0.343467243564275,0.38181818181818183,0.30-0.50
random,24,366,O=C(CCCN1CC=C(n2c(=O)[nH]c3ccccc32)CC1)c1ccc(F)cc1,0,0.3138845224212966,0.3972602739726027,0.30-0.50
random,24,451,[C-]#N.[C-]#N.[C-]#N.[C-]#N.[C-]#N.[Fe+4].[N-]=O,0,0.5359991675336846,0.07142857142857142,<0.30
random,24,291,CCN(CC)C(C)C(=O)c1ccccc1,0,0.5193060035731114,0.3333333333333333,0.30-0.50
random,24,225,COc1cc(NC(C)CCCN)c2ncccc2c1,0,0.7955529670180473,0.25925925925925924,<0.30
random,24,107,C[C@]12CC(=CO)C(=O)C[C@@H]1CC[C@@H]1[C@@H]2CC[C@@]2(C)[C@H]1CC[C@]2(C)O,1,0.12872059681445402,0.265625,<0.30
random,24,148,COc1ccc2c(C(=S)N(C)CC(=O)O)cccc2c1C(F)(F)F,1,0.8121599789108727,0.21621621621621623,<0.30
random,24,78,CC(C)C[C@@H](NC(=O)[C@@H](Cc1ccccc1)NC(=O)c1cnccn1)B(O)O,1,0.044155453530470234,0.26785714285714285,<0.30
random,24,83,O=C1Nc2ccc(Cl)cc2[C@@](C#CC2CC2)(C(F)(F)F)O1,1,0.9218909509066667,0.23636363636363636,<0.30
random,24,348,Cl.N#C[C@@H]1C[C@@H]2C[C@@H]2N1C(=O)[C@@H](N)C12CC3CC(CC(O)(C3)C1)C2,0,0.14521009959334202,0.24,<0.30
random,24,159,COc1ccc2c(C(=O)c3ccc(Cl)cc3)c(C)n(CC(=O)O)c2c1,1,0.9511253270668011,0.5172413793103449,0.50-0.70
random,24,217,CC[C@@H](CO)NC(=O)[C@@H]1C=C2c3cccc4c3c(cn4C)C[C@H]2N(C)C1,0,0.22811277111200173,0.7230769230769231,>=0.70
random,24,86,Cc1ccccc1C(=O)Nc1ccc(C(=O)N2CCCC(O)c3cc(Cl)ccc32)c(C)c1,1,0.7000196951911503,0.313953488372093,0.30-0.50
random,24,146,Cc1ccc(Nc2c(F)cccc2Cl)c(CC(=O)O)c1,1,0.9832592677828627,0.5652173913043478,0.50-0.70
random,24,54,Nc1nc(NC2CC2)c2ncn(C3C=C[C@H](CO)C3)c2n1,1,0.22746040557012595,0.26865671641791045,<0.30
random,24,294,CC(C)(C(=O)c1cccnc1)c1cccnc1,0,0.6962407612507083,0.32653061224489793,0.30-0.50
random,24,211,NC[C@H]1O[C@H](O[C@H]2[C@H](O)[C@@H](O[C@H]3O[C@H](CO)[C@@H](O)[C@H](N)[C@H]3O)[C@H](N)C[C@@H]2N)[C@H](O)[C@@H](O)[C@@H]1O,0,0.03499102317858987,0.6551724137931034,0.50-0.70
random,24,409,CCCCC[C@](C)(O)/C=C/[C@@H]1[C@@H](C/C=C/CCCC(=O)O)[C@@H](O)C[C@H]1O,0,0.24265154767172753,0.3508771929824561,0.30-0.50
random,24,240,CC(=CCC1=C(C)C(=O)c2ccccc2C1=O)CCCC(C)CCCC(C)CCCC(C)C,0,0.31884839477004745,0.23529411764705882,<0.30
random,24,65,C#Cc1cccc(Nc2ncnc3cc(OCCOC)c(OCCOC)cc23)c1,1,0.8705388383187878,0.40789473684210525,0.30-0.50
random,24,333,OC(CCN1CCCC1)(c1ccccc1)C1CCCCC1,0,0.0023747019728644447,1.0,>=0.70
random,24,194,CC(=O)N[C@@H](CS)C(=O)O,0,0.2817101386303241,0.27586206896551724,<0.30
random,24,395,C/C=C1\NC(=O)[C@H]2CSSCC/C=C/[C@H](CC(=O)N[C@H](C(C)C)C(=O)N2)OC(=O)[C@H](C(C)C)NC1=O,0,0.9383629774962042,0.16666666666666666,<0.30
scaffold,0,0,Cc1nnc(C(=O)NC(C)(C)C2=N/C(=C(\O)NCc3ccc(F)cc3)C(=O)C(=O)N2C)o1,1,0.7110155205860262,0.2,<0.30
scaffold,0,1,Nc1nc2ccc(OC(F)(F)F)cc2s1,1,0.817193493309427,0.16071428571428573,<0.30
scaffold,0,4,CC(=O)Nc1nnc(S(N)(=O)=O)s1,1,0.5347617816642718,0.2631578947368421,<0.30
scaffold,0,7,CNC(=O)c1cc(Oc2ccc(NC(=O)Nc3ccc(Cl)c(C(F)(F)F)c3)cc2)ccn1,1,0.9836041537467147,0.29411764705882354,<0.30
scaffold,0,15,NC(N)=Nc1nc(CSCCN=CNS(=O)(=O)c2ccc(Br)cc2)cs1,1,0.8901752698983132,0.21875,<0.30
scaffold,0,17,CCCCCOc1ccc(-c2cc(-c3ccc(C(=O)NC4CC(O)C(O)NC(=O)C5C(O)C(C)CN5C(=O)C(C(O)CC(N)=O)NC(=O)C(C(O)C(O)c5ccc(O)c(OS(=O)(=O)O)c5)NC(=O)C5CC(O)CN5C(=O)C(C(C)O)NC4=O)cc3)no2)cc1,1,0.8250897116616162,0.20454545454545456,<0.30
scaffold,0,21,O=c1[nH]c2cc(Cl)ccc2o1,1,0.9387375979346729,0.25,<0.30
scaffold,0,22,CNCC[C@@H](Oc1ccccc1C)c1ccccc1,1,0.7953169939076961,0.44,0.30-0.50
scaffold,0,23,CC(C)c1nc(CN(C)C(=O)N[C@H](C(=O)N[C@@H](Cc2ccccc2)C[C@H](O)[C@H](Cc2ccccc2)NC(=O)OCc2cncs2)C(C)C)cs1,1,0.12342232389408644,0.26,<0.30
scaffold,0,26,CO[C@H]1/C=C/O[C@@]2(C)Oc3c(C)c(O)c4c(c3C2=O)C(=O)/C(=C/NN2CCN(C)CC2)C(=C4O)NC(=O)/C(C)=C\C=C\[C@H](C)[C@H](O)[C@@H](C)[C@@H](O)[C@@H](C)[C@H](OC(C)=O)[C@@H]1C,1,0.7081647007059927,0.17647058823529413,<0.30
scaffold,0,39,O=C(O)c1cccnc1,1,0.8962422461494791,0.5151515151515151,0.50-0.70
scaffold,0,41,COc1ccc2c(c1)c(CC(=O)O)c(C)n2C(=O)c1ccc(Cl)cc1,1,0.9381066512155889,0.5172413793103449,0.50-0.70
scaffold,0,53,CC1=C(CC(=O)O)c2cc(F)ccc2C1=Cc1ccc(S(C)=O)cc1,1,0.8271854729978902,0.25,<0.30
scaffold,0,54,Nc1nc(NC2CC2)c2ncn(C3C=C[C@H](CO)C3)c2n1,1,0.10460250713736152,0.26865671641791045,<0.30
scaffold,0,58,NC(=O)NO,1,0.556992807351356,0.25925925925925924,<0.30
scaffold,0,63,CC1=C(/C=C/C(C)=C/C=C/C(C)=C\C(=O)O)C(C)(C)CCC1,1,0.6916514348785764,0.42857142857142855,0.30-0.50
scaffold,0,79,CCC(CO)NCCNC(CC)CO,1,0.07880761655698416,0.21739130434782608,<0.30
scaffold,0,80,Clc1ccc2nsnc2c1NC1=NCCN1,1,0.6040630714007533,0.203125,<0.30
scaffold,0,82,CC(C)CN(C[C@@H](O)[C@H](Cc1ccccc1)NC(=O)O[C@H]1CO[C@H]2OCC[C@H]21)S(=O)(=O)c1ccc(N)cc1,1,0.16113230997266,0.22916666666666666,<0.30
scaffold,0,90,C[C@@H](c1ncncc1F)[C@](O)(Cn1cncn1)c1ccc(F)cc1F,1,0.7004575248459952,0.5849056603773585,0.50-0.70
scaffold,0,94,C=C1C[C@@H]2[C@H](CC[C@]3(C)C(=O)CC[C@@H]23)[C@@]2(C)C=CC(=O)C=C12,1,0.5292379680642472,0.2903225806451613,<0.30
scaffold,0,98,CCc1nn(CCCN2CCN(c3cccc(Cl)c3)CC2)c(=O)n1CCOc1ccccc1,1,0.5692388138907195,0.2597402597402597,<0.30
scaffold,0,100,NNC(=O)c1ccncc1,1,0.7163912387944128,0.35294117647058826,0.30-0.50
scaffold,0,107,C[C@]12CC(=CO)C(=O)C[C@@H]1CC[C@@H]1[C@@H]2CC[C@@]2(C)[C@H]1CC[C@]2(C)O,1,0.5102395727330471,0.5882352941176471,0.50-0.70
scaffold,0,113,COc1ccccc1Oc1c(NS(=O)(=O)c2ccc(C(C)(C)C)cc2)nc(-c2ncccn2)nc1OCCO,1,0.659121956481447,0.2463768115942029,<0.30
scaffold,0,122,CN1C(=O)CCS(=O)(=O)C1c1ccc(Cl)cc1,1,0.8347681861111811,0.20689655172413793,<0.30
scaffold,0,127,CC(C)NNC(=O)c1ccncc1,1,0.41187193167945296,0.2571428571428571,<0.30
scaffold,0,140,O=C(O)c1cc(-c2ccccc2)nc2ccccc12,1,0.9634223804151589,0.28205128205128205,<0.30
scaffold,0,156,O=C(O)COc1nn(Cc2ccccc2)c2ccccc12,1,0.5706065302364629,0.27586206896551724,<0.30
scaffold,0,165,O=C(CCNNC(=O)c1ccncc1)NCc1ccccc1,1,0.10071685607293229,0.26,<0.30
scaffold,0,174,Cc1nc(C)c2c(n1)N(Cc1ccc(-c3ccccc3-c3nn[nH]n3)cc1)C(=O)CC2,1,0.613745776996907,0.2087912087912088,<0.30
scaffold,0,184,CC(COc1ccccc1)N(CCCl)Cc1ccccc1,0,0.4089827499829971,0.40476190476190477,0.30-0.50
scaffold,0,188,CN1CCC[C@@H]1CCO[C@](C)(c1ccccc1)c1ccc(Cl)cc1,0,0.018270312980320096,0.3157894736842105,0.30-0.50
scaffold,0,193,CN(C)C(=O)Oc1ccc[n+](C)c1,0,0.6053060260952681,0.23404255319148937,<0.30
scaffold,0,198,O=C(c1ccc(OCCN2CCCCC2)cc1)c1c(-c2ccc(O)cc2)sc2cc(O)ccc12,0,0.26488420547770564,0.2716049382716049,<0.30
scaffold,0,200,O=[N+]([O-])O[C@H]1CO[C@H]2[C@@H]1OC[C@H]2O[N+](=O)[O-],0,0.15757838806303023,0.21212121212121213,<0.30
scaffold,0,201,CCOC(=O)C1(c2ccccc2)CCN(CCC(C#N)(c2ccccc2)c2ccccc2)CC1,0,0.0022993984710731113,0.6078431372549019,0.50-0.70
scaffold,0,204,CN(C)C(=O)C(CCN1CCC(O)(c2ccc(Cl)cc2)CC1)(c1ccccc1)c1ccccc1,0,0.02960872579312857,0.3064516129032258,0.30-0.50
scaffold,0,208,CCC1(c2ccccc2)C(=O)NCNC1=O,0,0.7267692769482678,0.3611111111111111,0.30-0.50
scaffold,0,211,NC[C@H]1O[C@H](O[C@H]2[C@H](O)[C@@H](O[C@H]3O[C@H](CO)[C@@H](O)[C@H](N)[C@H]3O)[C@H](N)C[C@@H]2N)[C@H](O)[C@@H](O)[C@@H]1O,0,0.0354277991158153,0.6530612244897959,0.50-0.70
scaffold,0,219,C[N+](C)(C)CC(=O)[O-],0,0.15340295700330592,0.4583333333333333,0.30-0.50
scaffold,0,220,Cc1ncc(CO)c(CO)c1O,0,0.41316660729199417,0.2391304347826087,<0.30
scaffold,0,228,CNC1(C)C2CCC(C2)C1(C)C,0,0.17920032720504755,0.16,<0.30
scaffold,0,229,Cc1cccc(CN2CCN(C(c3ccccc3)c3ccc(Cl)cc3)CC2)c1,0,0.2514423230019329,0.5,0.50-0.70
scaffold,0,231,CC1C(c2ccccc2)OCCN1C,0,0.1676757911336646,0.2765957446808511,<0.30
scaffold,0,244,CN1C[C@H](C(=O)N[C@]2(C)O[C@@]3(O)[C@@H]4CCCN4C(=O)[C@H](Cc4ccccc4)N3C2=O)C[C@@H]2c3cccc4[nH]cc(c34)C[C@H]21,0,0.03505007713757708,0.32456140350877194,0.30-0.50
scaffold,0,250,NC(N)=NCCN1CCCCCCC1,0,0.03055681312753774,0.3142857142857143,0.30-0.50
scaffold,0,255,OCC(S)CS,0,0.0491712057563995,0.2631578947368421,<0.30
scaffold,0,258,CC(O)(P(=O)(O)O)P(=O)(O)O,0,0.10029058965334015,0.28125,<0.30
scaffold,0,270,CC(C)CC(NC(=O)CNC(=O)C(CCC(N)=O)NC(=O)C(CC(C)C)NC(=O)C(CC(C)C)NC(=O)C(CCCNC(=N)N)NC(=O)C(CCC(N)=O)NC(=O)C(CC(C)C)NC(=O)C(CCCNC(=N)N)NC(=O)C(C)NC(=O)C(CO)NC(=O)C(CC(=O)O)NC(=O)C(CCCNC(=N)N)NC(=O)C(CC(C)C)NC(=O)C(CCCNC(=N)N)NC(=O)C(CO)NC(=O)C(CC(C)C)NC(=O)C(CCC(=O)O)NC(=O)C(CO)NC(=O)C(NC(=O)C(Cc1ccccc1)NC(=O)C(NC(=O)CNC(=O)C(CC(=O)O)NC(=O)C(CO)NC(=O)C(N)Cc1ncc[nH]1)C(C)O)C(C)O)C(=O)NC(C(=O)O)C(C)C,0,0.015749185283622145,0.5547945205479452,0.50-0.70
scaffold,0,278,Cn1c(=O)c2[nH]cnc2n(C)c1=O.Cn1c(=O)c2[nH]cnc2n(C)c1=O.NCCN,0,0.08411327173633695,0.8387096774193549,>=0.70
scaffold,0,287,CN1C(=O)CC(C)(c2ccccc2)C1=O,0,0.5672204623275295,0.32075471698113206,0.30-0.50
scaffold,0,288,C[N+]1(C)CCCC(OC(=O)C(O)(c2ccccc2)c2ccccc2)C1,0,0.030282069621896366,0.6382978723404256,0.50-0.70
scaffold,0,292,OC(CCN1CCCCC1)(c1ccccc1)C1CC2C=CC1C2,0,0.0023324260799509992,0.6086956521739131,0.50-0.70
scaffold,0,297,CC(N)C12CC3CC(CC(C3)C1)C2,0,0.12997259973115513,0.24,<0.30
scaffold,0,300,OCCN1C[C@H](O)[C@@H](O)[C@H](O)[C@H]1CO,0,0.08667344688250438,0.20588235294117646,<0.30
scaffold,0,306,CCCCN1C[C@H](O)[C@@H](O)[C@H](O)[C@H]1CO,0,0.2758707510476521,0.18421052631578946,<0.30
scaffold,0,324,CC[N+](CC)(CCNC(=O)C(=O)NCC[N+](CC)(CC)Cc1ccccc1Cl)Cc1ccccc1Cl,0,0.8162105028974257,0.32653061224489793,0.30-0.50
scaffold,0,335,CC(C)(C)NC[C@H](O)COc1ccccc1C1CCCC1,0,0.142764248156522,0.3673469387755102,0.30-0.50
scaffold,0,338,CNC(=O)Oc1ccc2c(c1)[C@]1(C)CCN(C)[C@@H]1N2C,0,0.14445422512694825,0.3230769230769231,0.30-0.50
scaffold,0,347,CC[C@]1(O)C[C@@H]2CN(CCc3c([nH]c4ccccc34)[C@@](C(=O)OC)(c3cc4c(cc3OC)N(C)[C@H]3[C@@](O)(C(=O)OC)[C@H](OC(C)=O)[C@]5(CC)C=CCN6CC[C@]43[C@@H]65)C2)C1,0,0.04577691736477149,0.23529411764705882,<0.30
scaffold,0,350,CNCCCC1c2ccccc2C=Cc2ccccc21,0,0.8316608757146607,0.29545454545454547,<0.30
scaffold,0,365,COc1ccc(C[C@@H]2c3cc(OC)c(OC)cc3CC[N@+]2(C)CCC(=O)OCCCCCOC(=O)CC[N@@+]2(C)CCc3cc(OC)c(OC)cc3[C@H]2Cc2ccc(OC)c(OC)c2)cc1OC.O=S(=O)([O-])c1ccccc1.O=S(=O)([O-])c1ccccc1,0,0.05212845761212045,0.8095238095238095,>=0.70
scaffold,0,366,O=C(CCCN1CC=C(n2c(=O)[nH]c3ccccc32)CC1)c1ccc(F)cc1,0,0.13534305360163854,0.3972602739726027,0.30-0.50
scaffold,0,372,CC1(C)C(=CC=CC=CC=CC2=[N+](CCCCS(=O)(=O)[O-])c3ccc4ccccc4c3C2(C)C)N(CCCCS(=O)(=O)[O-])c2ccc3ccccc3c21.[Na+],0,0.6421409242785939,0.16483516483516483,<0.30
scaffold,0,376,NC(=O)[C@@H]1CCCN1C(=O)[C@H](Cc1cnc[nH]1)NC(=O)[C@@H]1CCC(=O)N1,0,0.2531271740351387,0.26973684210526316,<0.30
scaffold,0,383,CCNC(=NCCCC[C@H](NC(=O)[C@H](CC(C)C)NC(=O)[C@@H](CCCCN=C(NCC)NCC)NC(=O)[C@H](Cc1ccc(O)cc1)NC(=O)[C@H](CO)NC(=O)[C@@H](Cc1cccnc1)NC(=O)[C@@H](Cc1ccc(Cl)cc1)NC(=O)[C@@H](Cc1ccc2ccccc2c1)NC(C)=O)C(=O)N1CCC[C@H]1C(=O)N[C@H](C)C(N)=O)NCC,0,0.33248293708630666,0.40789473684210525,0.30-0.50
scaffold,0,386,CC[C@H](C)[C@H](NC(=O)[C@H](Cc1ccccc1)NC(=O)[C@H](CC(C)C)NC(=O)[C@H](CCCNC(=N)N)NC(=O)[C@@H](NC(=O)[C@H](C)NC(=O)[C@H](CCC(=O)O)NC(=O)[C@H](CCC(=O)O)NC(=O)[C@H](CCC(=O)O)NC(=O)[C@H](CCSC)NC(=O)[C@H](CCC(N)=O)NC(=O)[C@H](CCCCN)NC(=O)[C@H](CO)NC(=O)[C@H](CC(C)C)NC(=O)[C@H](CC(=O)O)NC(=O)[C@H](CO)NC(=O)[C@@H](NC(=O)[C@H](Cc1ccccc1)NC(=O)[C@@H](NC(=O)CNC(=O)[C@H](CCC(=O)O)NC(=O)CNC(=O)[C@@H](N)Cc1cnc[nH]1)[C@@H](C)O)[C@@H](C)O)C(C)C)C(=O)N[C@@H](CCC(=O)O)C(=O)N[C@@H](Cc1c[nH]c2ccccc12)C(=O)N[C@@H](CC(C)C)C(=O)N[C@@H](CCCCN)C(=O)N[C@@H](CC(N)=O)C(=O)NCC(=O)NCC(=O)N1CCC[C@H]1C(=O)N[C@@H](CO)C(=O)N[C@@H](CO)C(=O)NCC(=O)N[C@@H](C)C(=O)N1CCC[C@H]1C(=O)N1CCC[C@H]1C(=O)N1CCC[C@H]1C(=O)N[C@@H](CO)C(N)=O,0,0.0004423378093205678,0.7514792899408284,>=0.70
scaffold,0,395,C/C=C1\NC(=O)[C@H]2CSSCC/C=C/[C@H](CC(=O)N[C@H](C(C)C)C(=O)N2)OC(=O)[C@H](C(C)C)NC1=O,0,0.9297359178384543,0.16666666666666666,<0.30
scaffold,0,398,NCCc1cnc[nH]1.O=P(O)(O)O.O=P(O)(O)O,0,0.06892793427796119,0.25,<0.30
scaffold,0,409,CCCCC[C@](C)(O)/C=C/[C@@H]1[C@@H](C/C=C/CCCC(=O)O)[C@@H](O)C[C@H]1O,0,0.11448515370764518,0.3508771929824561,0.30-0.50
scaffold,0,415,CNC[C@H](O)[C@@H](O)[C@H](O)[C@H](O)CO.CNC[C@H](O)[C@@H](O)[C@H](O)[C@H](O)CO.O=C([O-])CN(CCN(CC(=O)[O-])CC(=O)O)CCN(CC(=O)[O-])CC(=O)O.[Gd+3],0,0.007556221019279359,0.6229508196721312,0.50-0.70
scaffold,0,429,NCC[C@H](O)C(=O)N[C@@H]1C[C@H](N)[C@@H](O[C@H]2O[C@H](CN)[C@@H](O)[C@H](O)[C@H]2O)[C@H](O)[C@H]1O[C@H]1O[C@H](CO)[C@@H](O)[C@H](N)[C@H]1O,0,0.023414534608208293,0.45588235294117646,0.30-0.50
scaffold,0,433,O=C(CNC(=O)c1ccccc1)CC(Cc1ccccc1)C(=O)O,0,0.1055450559202055,0.37209302325581395,0.30-0.50
scaffold,0,437,O=C(CCCCC(=O)Nc1c(I)cc(I)c(C(=O)O)c1I)Nc1c(I)cc(I)c(C(=O)O)c1I,0,0.11323613669073779,0.38461538461538464,0.30-0.50
scaffold,0,445,c1cc(CN2CCCNCCNCCCNCC2)ccc1CN1CCCNCCNCCCNCC1,0,0.13371802237844593,0.2413793103448276,<0.30
scaffold,1,4,CC(=O)Nc1nnc(S(N)(=O)=O)s1,1,0.8022879895399297,0.2631578947368421,<0.30
scaffold,1,6,C=C(c1ccc(C(=O)O)cc1)c1cc2c(cc1C)C(C)(C)CCC2(C)C,1,0.9457182427907596,0.23529411764705882,<0.30
scaffold,1,7,CNC(=O)c1cc(Oc2ccc(NC(=O)Nc3ccc(Cl)c(C(F)(F)F)c3)cc2)ccn1,1,0.9730884833599945,0.29411764705882354,<0.30
scaffold,1,10,Cc1c(C)c2c(c(C)c1O)CCC(C)(COc1ccc(CC3SC(=O)NC3=O)cc1)O2,1,0.12622009136552773,0.1956521739130435,<0.30
scaffold,1,20,CC(c1cc2ccccc2s1)N(O)C(N)=O,1,0.8850485123791094,0.26666666666666666,<0.30
scaffold,1,24,COc1ccc([C@@H]2Sc3ccccc3N(CCN(C)C)C(=O)[C@@H]2OC(C)=O)cc1,1,0.4992500832934126,0.23943661971830985,<0.30
scaffold,1,26,CO[C@H]1/C=C/O[C@@]2(C)Oc3c(C)c(O)c4c(c3C2=O)C(=O)/C(=C/NN2CCN(C)CC2)C(=C4O)NC(=O)/C(C)=C\C=C\[C@H](C)[C@H](O)[C@@H](C)[C@@H](O)[C@@H](C)[C@H](OC(C)=O)[C@@H]1C,1,0.571304019436876,0.1721311475409836,<0.30
scaffold,1,32,O=c1ncnc2[nH][nH]cc1-2,1,0.7359804664639026,0.16363636363636364,<0.30
scaffold,1,36,O=C1CN(/N=C\c2ccc([N+](=O)[O-])o2)C(=O)N1,1,0.911341555862497,0.673469387755102,0.50-0.70
scaffold,1,37,CC/C(=C(\c1ccccc1)c1ccc(OCCN(C)C)cc1)c1ccccc1,1,0.26557674182293683,0.36363636363636365,0.30-0.50
scaffold,1,49,CN1CCN(C2=c3ccccc3=Nc3ccc(Cl)cc3N2)CC1,1,0.7577709654552333,0.2698412698412698,<0.30
scaffold,1,61,Cn1cc[nH]c1=S,1,0.8287362428979447,0.22580645161290322,<0.30
scaffold,1,64,N[C@@H]1CCCC[C@H]1N.O=C([O-])C(=O)[O-].[Pt+2],1,0.10143508254519218,0.23809523809523808,<0.30
scaffold,1,74,CCN(CC)C(=S)SSC(=S)N(CC)CC,1,0.14400797225158138,0.18604651162790697,<0.30
scaffold,1,75,CC1(C)NC(=O)N(c2ccc([N+](=O)[O-])c(C(F)(F)F)c2)C1=O,1,0.9506446494763552,0.4,0.30-0.50
scaffold,1,77,Cc1ccc(NC(=O)c2ccc(CN3CCN(C)CC3)cc2)cc1Nc1nccc(-c2cccnc2)n1,1,0.9621104207170571,0.2708333333333333,<0.30
scaffold,1,86,Cc1ccccc1C(=O)Nc1ccc(C(=O)N2CCCC(O)c3cc(Cl)ccc32)c(C)c1,1,0.7868692347185585,0.313953488372093,0.30-0.50
scaffold,1,89,C[C@H]1O[C@H](O[C@H]2[C@H](O)[C@@H](O)[C@@H](O[C@H]3[C@H](O)[C@@H](O)[C@H](O)O[C@@H]3CO)O[C@@H]2CO)[C@H](O)[C@@H](O)[C@@H]1N[C@H]1C=C(CO)[C@H](O)[C@H](O)[C@H]1O,1,0.39992881245883116,0.3333333333333333,0.30-0.50
scaffold,1,91,CC12CCC3c4ccc(OC(=O)N(CCCl)CCCl)cc4CCC3C1CCC2O,1,0.8732941966994071,0.36231884057971014,0.30-0.50
scaffold,1,133,O=C(OCC(O)CO)c1ccccc1Nc1ccnc2cc(Cl)ccc12,1,0.5807055000593164,0.2786885245901639,<0.30
scaffold,1,138,CC(C(=O)O)c1ccc2oc(-c3ccc(Cl)cc3)nc2c1,1,0.9804712238206207,0.37037037037037035,0.30-0.50
scaffold,1,140,O=C(O)c1cc(-c2ccccc2)nc2ccccc12,1,0.9647419719079167,0.28205128205128205,<0.30
scaffold,1,144,CC(=O)Oc1ccc(C2(c3ccc(OC(C)=O)cc3)C(=O)N(C(C)=O)c3ccccc32)cc1,1,0.7504922568633564,0.33962264150943394,0.30-0.50
scaffold,1,145,CCOC(Nc1ccc(C(=O)O)cc1)C(=O)c1ccc(-c2ccccc2)cc1,1,0.5542049881300111,0.3333333333333333,0.30-0.50
scaffold,1,150,CC(=O)Oc1ccc(C2(c3ccc(OC(C)=O)cc3)C(=O)Nc3ccccc32)cc1,1,0.7974091035299097,0.3617021276595745,0.30-0.50
scaffold,1,152,CC(C)Nc1ncccn1,1,0.4147638613607494,0.2571428571428571,<0.30
scaffold,1,153,NC(=O)C1CCN(CCCN2c3ccccc3Sc3ccc(Cl)cc32)CC1,1,0.972139803254849,0.3548387096774194,0.30-0.50
scaffold,1,166,CN(C)Cc1ccc(CSCCN/C(=C\[N+](=O)[O-])NCc2ccc3c(c2)OCO3)o1,1,0.7019764881254403,0.25,<0.30
scaffold,1,174,Cc1nc(C)c2c(n1)N(Cc1ccc(-c3ccccc3-c3nn[nH]n3)cc1)C(=O)CC2,1,0.8119961322958271,0.2087912087912088,<0.30
scaffold,1,177,CN1CCC(Nc2ncc3ncnc(Nc4ccc(F)c(Cl)c4)c3n2)CC1,1,0.9304073736502697,0.4074074074074074,0.30-0.50
scaffold,1,182,CCCC(CCC)C(=O)O.CCCC(CCC)C(=O)[O-].[Na+],1,0.5526384172901405,0.7272727272727273,>=0.70
scaffold,1,184,CC(COc1ccccc1)N(CCCl)Cc1ccccc1,0,0.37228983056897186,0.40476190476190477,0.30-0.50
scaffold,1,189,Cn1c(=O)c2[nH]cnc2n(C)c1=O,0,0.8421937058861098,0.3142857142857143,0.30-0.50
scaffold,1,192,Cn1c(=O)c2c(ncn2C)n(C)c1=O,0,0.4122544473165084,0.19642857142857142,<0.30
scaffold,1,194,CC(=O)N[C@@H](CS)C(=O)O,0,0.2623040240751403,0.27586206896551724,<0.30
scaffold,1,203,COc1ccc2c(c1)[C@]13CCCC[C@@H]1[C@H](C2)N(C)CC3,0,0.04055434978306225,0.3188405797101449,0.30-0.50
scaffold,1,211,NC[C@H]1O[C@H](O[C@H]2[C@H](O)[C@@H](O[C@H]3O[C@H](CO)[C@@H](O)[C@H](N)[C@H]3O)[C@H](N)C[C@@H]2N)[C@H](O)[C@@H](O)[C@@H]1O,0,0.042995348091254035,0.6530612244897959,0.50-0.70
scaffold,1,213,Cc1ncc(C[n+]2csc(CCO)c2C)c(N)n1,0,0.49536453833984484,0.23076923076923078,<0.30
scaffold,1,216,[Cl-].[NH4+],0,0.280504205741382,0.08333333333333333,<0.30
scaffold,1,223,CC(C)NCC(O)COc1cccc2[nH]ccc12,0,0.09446462166472976,0.39285714285714285,0.30-0.50
scaffold,1,240,CC(=CCC1=C(C)C(=O)c2ccccc2C1=O)CCCC(C)CCCC(C)CCCC(C)C,0,0.3712346576788523,0.2,<0.30
scaffold,1,246,NCC1CCC(C(=O)O)CC1,0,0.17006750147019123,0.25,<0.30
scaffold,1,248,Cl.Cl.NCCNCCNCCN,0,0.18431368538287443,0.32142857142857145,0.30-0.50
scaffold,1,257,N=c1nc(N2CCCCC2)cc(N)n1O,0,0.3348053801957747,0.23809523809523808,<0.30
scaffold,1,265,CC(Cc1ccccc1)N(C)Cc1ccccc1,0,0.18631285397124767,0.625,0.50-0.70
scaffold,1,266,Cc1c(-c2ccccc2)oc2c(C(=O)OCCN3CCCCC3)cccc2c1=O,0,0.2731807661220516,0.2716049382716049,<0.30
scaffold,1,277,CCN(C(C)=O)c1cccc(-c2ccnc3c(C#N)cnn23)c1,0,0.4842301425101558,0.22972972972972974,<0.30
scaffold,1,278,Cn1c(=O)c2[nH]cnc2n(C)c1=O.Cn1c(=O)c2[nH]cnc2n(C)c1=O.NCCN,0,0.7290959878838905,0.275,<0.30
scaffold,1,280,CC(C[N+](C)(C)C)OC(N)=O,0,0.555409685276609,0.3548387096774194,0.30-0.50
scaffold,1,283,Cn1c(=O)c2c(ncn2CC(O)CO)n(C)c1=O,0,0.05021137830867059,0.23529411764705882,<0.30
scaffold,1,284,CN1CC[C@]23CCCC[C@H]2[C@H]1Cc1ccc(O)cc13,0,0.022966105916921515,0.3770491803278688,0.30-0.50
scaffold,1,287,CN1C(=O)CC(C)(c2ccccc2)C1=O,0,0.690400803866525,0.32075471698113206,0.30-0.50
scaffold,1,288,C[N+]1(C)CCCC(OC(=O)C(O)(c2ccccc2)c2ccccc2)C1,0,0.02179641017770325,0.6382978723404256,0.50-0.70
scaffold,1,303,C=CCN.ClCC1CO1,0,0.21388009620171888,0.1875,<0.30
scaffold,1,330,CCCC(C)(COC(N)=O)COC(=O)NC(C)C,0,0.5290030068288711,0.23404255319148937,<0.30
scaffold,1,331,CC(C)(N)CO.Cn1c(=O)c2[nH]c(Br)nc2n(C)c1=O,0,0.41832466597961065,0.16901408450704225,<0.30
scaffold,1,334,CCCC(C)(COC(N)=O)COC(N)=O,0,0.509840213462644,0.2631578947368421,<0.30
scaffold,1,338,CNC(=O)Oc1ccc2c(c1)[C@]1(C)CCN(C)[C@@H]1N2C,0,0.12004239097579893,0.2289156626506024,<0.30
scaffold,1,345,NC(N)=NCCC[C@H](N)C(=O)O,0,0.5817078008886785,0.3142857142857143,0.30-0.50
scaffold,1,346,CC(=O)OCC[N+](C)(C)C,0,0.04145525134166095,0.6521739130434783,0.50-0.70
scaffold,1,364,CCC(=O)N(c1ccccc1)C1(COC)CCN(CCc2cccs2)CC1,0,0.05296359048460865,0.6153846153846154,0.50-0.70
scaffold,1,374,OC[C@H]1OC(O)[C@H](O)[C@@H](O)[C@@H]1O,0,0.26221210416897367,0.3783783783783784,0.30-0.50
scaffold,1,375,[13CH3]C(O)C(=O)[O-].[Na+],0,0.14893143397982747,0.4,0.30-0.50
scaffold,1,386,CC[C@H](C)[C@H](NC(=O)[C@H](Cc1ccccc1)NC(=O)[C@H](CC(C)C)NC(=O)[C@H](CCCNC(=N)N)NC(=O)[C@@H](NC(=O)[C@H](C)NC(=O)[C@H](CCC(=O)O)NC(=O)[C@H](CCC(=O)O)NC(=O)[C@H](CCC(=O)O)NC(=O)[C@H](CCSC)NC(=O)[C@H](CCC(N)=O)NC(=O)[C@H](CCCCN)NC(=O)[C@H](CO)NC(=O)[C@H](CC(C)C)NC(=O)[C@H](CC(=O)O)NC(=O)[C@H](CO)NC(=O)[C@@H](NC(=O)[C@H](Cc1ccccc1)NC(=O)[C@@H](NC(=O)CNC(=O)[C@H](CCC(=O)O)NC(=O)CNC(=O)[C@@H](N)Cc1cnc[nH]1)[C@@H](C)O)[C@@H](C)O)C(C)C)C(=O)N[C@@H](CCC(=O)O)C(=O)N[C@@H](Cc1c[nH]c2ccccc12)C(=O)N[C@@H](CC(C)C)C(=O)N[C@@H](CCCCN)C(=O)N[C@@H](CC(N)=O)C(=O)NCC(=O)NCC(=O)N1CCC[C@H]1C(=O)N[C@@H](CO)C(=O)N[C@@H](CO)C(=O)NCC(=O)N[C@@H](C)C(=O)N1CCC[C@H]1C(=O)N1CCC[C@H]1C(=O)N1CCC[C@H]1C(=O)N[C@@H](CO)C(N)=O,0,0.00013628679749647362,0.7514792899408284,>=0.70
scaffold,1,398,NCCc1cnc[nH]1.O=P(O)(O)O.O=P(O)(O)O,0,0.09234059227648997,0.2537313432835821,<0.30
scaffold,1,403,CC[C@H](C)[C@@H]1NC(=O)[C@H](Cc2ccc(O)cc2)NC(=O)[C@@H](N)CSSC[C@@H](C(=O)N2CCC[C@H]2C(=O)N[C@@H](CC(C)C)C(=O)NCC(N)=O)NC(=O)[C@H](CC(N)=O)NC(=O)[C@H](CCC(N)=O)NC1=O,0,0.0010428844545431744,0.7090909090909091,>=0.70
scaffold,1,407,O=C(O)CN(CCN(CC(=O)O)CC(=O)O)CCN(CC(=O)O)CC(=O)O,0,0.2652041351512314,0.39473684210526316,0.30-0.50
scaffold,1,408,O=C1OC2(c3ccc(O)cc3Oc3cc(O)ccc32)c2ccccc21,0,0.3901226379106275,0.19642857142857142,<0.30
scaffold,1,413,CCC(C)C1NC(=O)C(Cc2ccc(O)cc2)NC(=O)C(N)CSSCC(C(=O)N2CCCC2C(=O)NC(CC(C)C)C(=O)NCC(N)=O)NC(=O)C(CC(N)=O)NC(=O)C(C(C)O)NC1=O,0,0.0034861338280882093,0.631578947368421,0.50-0.70
scaffold,1,416,Oc1ccc(C2CNCCc3c2cc(O)c(O)c3Cl)cc1,0,0.0960326806356892,0.19148936170212766,<0.30
scaffold,1,424,C[C@@H]1CCN(C(=O)[C@H](CCCN=C(N)N)NS(=O)(=O)c2cccc3c2NC[C@H](C)C3)[C@@H](C(=O)O)C1,0,0.24101070567546873,0.2734375,<0.30
scaffold,1,426,COCCNC(=O)CN(CCN(CCN(CC(=O)[O-])CC(=O)NCCOC)CC(=O)[O-])CC(=O)[O-].[Gd+3],0,0.008176243911288395,0.37254901960784315,0.30-0.50
scaffold,1,429,NCC[C@H](O)C(=O)N[C@@H]1C[C@H](N)[C@@H](O[C@H]2O[C@H](CN)[C@@H](O)[C@H](O)[C@H]2O)[C@H](O)[C@H]1O[C@H]1O[C@H](CO)[C@@H](O)[C@H](N)[C@H]1O,0,0.044291259896262626,0.45588235294117646,0.30-0.50
scaffold,1,438,CSCC[C@H](N)C(=O)O,0,0.2683465613476258,0.32142857142857145,0.30-0.50
scaffold,1,439,Cc1c(C)c2c(c(C)c1O)CC[C@@](C)(CCC[C@H](C)CCC[C@H](C)CCCC(C)C)O2,0,0.14651474603257836,0.16049382716049382,<0.30
scaffold,1,440,CN1CCc2cccc3c2[C@H]1Cc1ccc(O)c(O)c1-3,0,0.037934492847910464,0.27941176470588236,<0.30
scaffold,1,449,COc1cccc2c1C(=O)c1c(O)c3c(c(O)c1C2=O)C[C@@](O)(C(C)=O)C[C@@H]3O[C@H]1C[C@H](N)[C@H](O)[C@H](C)O1,0,0.7883523564464054,0.20353982300884957,<0.30
scaffold,1,450,CC1/C=C/C=C/CC/C=C/C=C/C=C/C=C/C(OC2O[C@H](C)[C@@H](O)[C@H](N)[C@@H]2O)CC(O)C(C(=O)O)C(O)CC(=O)CC(O)C(O)CCC(O)CC(O)CC(O)CC(=O)OC(C)C(C)C1O,0,0.8901230992390408,0.19327731092436976,<0.30
scaffold,2,3,CC(C(=O)O)c1cccc(Oc2ccccc2)c1,1,0.6760318578453295,0.4,0.30-0.50
scaffold,2,9,CS(=O)(=O)Nc1ccc([N+](=O)[O-])cc1Oc1ccccc1,1,0.7989605694893638,0.23214285714285715,<0.30
scaffold,2,14,CCC1(c2ccccc2)C(=O)NC(=O)NC1=O.CCCCOCC(CN1C(=O)N(CC(COCCCC)OC(N)=O)C(=O)C(CC)(c2ccccc2)C1=O)OC(N)=O.CCCCOCC(CN1C(=O)NC(=O)C(CC)(c2ccccc2)C1=O)OC(N)=O,1,0.40521610789228585,0.3181818181818182,0.30-0.50
scaffold,2,18,CC[C@H]1OC(=O)[C@H](C)[C@@H](O[C@H]2C[C@@](C)(OC)[C@@H](O)[C@H](C)O2)[C@H](C)[C@@H](O[C@@H]2O[C@H](C)C[C@H](N(C)C)[C@H]2O)[C@](C)(O)C[C@@H](C)C(=O)[C@H](C)[C@@H](O)[C@]1(C)O,1,0.24853332104698453,0.42016806722689076,0.30-0.50
scaffold,2,20,CC(c1cc2ccccc2s1)N(O)C(N)=O,1,0.8490046025421364,0.26666666666666666,<0.30
scaffold,2,21,O=c1[nH]c2cc(Cl)ccc2o1,1,0.9333659873792713,0.23636363636363636,<0.30
scaffold,2,24,COc1ccc([C@@H]2Sc3ccccc3N(CCN(C)C)C(=O)[C@@H]2OC(C)=O)cc1,1,0.3010151621546897,0.2465753424657534,<0.30
scaffold,2,25,CC[C@H]1OC(=O)[C@H](C)[C@@H](O[C@H]2C[C@@](C)(OC)[C@@H](O)[C@H](C)O2)[C@H](C)[C@@H](O[C@@H]2O[C@H](C)C[C@H](N(C)C)[C@H]2O)[C@](C)(OC)C[C@@H](C)C(=O)[C@H](C)[C@@H](O)[C@]1(C)O,1,0.2722503940634541,0.4396551724137931,0.30-0.50
scaffold,2,30,CC(=O)Nc1ccc(O)cc1,1,0.46589413684548797,0.2631578947368421,<0.30
scaffold,2,31,O=C1NC(=O)C(c2ccccc2)(c2ccccc2)N1,1,0.6108836382778846,0.3611111111111111,0.30-0.50
scaffold,2,37,CC/C(=C(\c1ccccc1)c1ccc(OCCN(C)C)cc1)c1ccccc1,1,0.3721487625617576,0.3269230769230769,0.30-0.50
scaffold,2,40,O=C(O)C1=C/C(=N/Nc2ccc(S(=O)(=O)Nc3ccccn3)cc2)C=CC1=O,1,0.9175274112440678,0.24615384615384617,<0.30
scaffold,2,43,O=C(O)c1cn(C2CC2)c2cc(N3CCNCC3)c(F)cc2c1=O,1,0.6491145548290704,0.38571428571428573,0.30-0.50
scaffold,2,45,C[C@](N)(Cc1ccc(O)c(O)c1)C(=O)O,1,0.6557169261097783,0.3125,0.30-0.50
scaffold,2,47,Nc1ccc(C(=O)O)c(O)c1,1,0.8927048899080195,0.3142857142857143,0.30-0.50
scaffold,2,57,C[C@](O)(CS(=O)(=O)c1ccc(F)cc1)C(=O)Nc1ccc(C#N)c(C(F)(F)F)c1,1,0.9026125887091555,0.24691358024691357,<0.30
scaffold,2,59,CN(C)CCCN1c2ccccc2CCc2ccc(Cl)cc21,1,0.8148709051072949,0.38181818181818183,0.30-0.50
scaffold,2,62,O=C(O)c1cc(-c2ccc(F)cc2F)ccc1O,1,0.9681474888097968,0.27906976744186046,<0.30
scaffold,2,63,CC1=C(/C=C/C(C)=C/C=C/C(C)=C\C(=O)O)C(C)(C)CCC1,1,0.3674636123487912,0.19672131147540983,<0.30
scaffold,2,64,N[C@@H]1CCCC[C@H]1N.O=C([O-])C(=O)[O-].[Pt+2],1,0.11047848628479633,0.23809523809523808,<0.30
scaffold,2,65,C#Cc1cccc(Nc2ncnc3cc(OCCOC)c(OCCOC)cc23)c1,1,0.9171822476427076,0.40789473684210525,0.30-0.50
scaffold,2,70,Cc1ccc(C)c(OCCCC(C)(C)C(=O)O)c1,1,0.28073264068294107,0.22950819672131148,<0.30
scaffold,2,74,CCN(CC)C(=S)SSC(=S)N(CC)CC,1,0.26410807623236826,0.18604651162790697,<0.30
scaffold,2,77,Cc1ccc(NC(=O)c2ccc(CN3CCN(C)CC3)cc2)cc1Nc1nccc(-c2cccnc2)n1,1,0.9748400272485164,0.2708333333333333,<0.30
scaffold,2,78,CC(C)C[C@@H](NC(=O)[C@@H](Cc1ccccc1)NC(=O)c1cnccn1)B(O)O,1,0.25921484885462837,0.26,<0.30
scaffold,2,84,CNCC[C@H](Oc1cccc2ccccc12)c1cccs1,1,0.7587780172071739,0.44,0.30-0.50
scaffold,2,85,c1ccc2[nH]c(-c3cscn3)nc2c1,1,0.6697968107559222,0.20833333333333334,<0.30
scaffold,2,89,C[C@H]1O[C@H](O[C@H]2[C@H](O)[C@@H](O)[C@@H](O[C@H]3[C@H](O)[C@@H](O)[C@H](O)O[C@@H]3CO)O[C@@H]2CO)[C@H](O)[C@@H](O)[C@@H]1N[C@H]1C=C(CO)[C@H](O)[C@H](O)[C@H]1O,1,0.5638255278985567,0.3333333333333333,0.30-0.50
scaffold,2,93,CCc1cccc2c3c([nH]c12)C(CC)(CC(=O)O)OCC3,1,0.2998731406456691,0.22033898305084745,<0.30
scaffold,2,95,O=C1NC(c2ccccc2)(c2ccccc2)C(=O)N1COP(=O)(O)O,1,0.47042403589531906,0.2653061224489796,<0.30
scaffold,2,96,COc1cc(C)c(/C=C/C(C)=C/C=C/C(C)=C\C(=O)O)c(C)c1C,1,0.8649579048617125,0.18518518518518517,<0.30
scaffold,2,102,CC(C)C(=O)Nc1ccc([N+](=O)[O-])c(C(F)(F)F)c1,1,0.5672096238104839,0.4,0.30-0.50
scaffold,2,103,Cc1cn([C@H]2C=C[C@@H](CO)O2)c(=O)[nH]c1=O,1,0.7708693622882294,0.4727272727272727,0.30-0.50
scaffold,2,105,CN(Cc1cnc2nc(N)nc(N)c2n1)c1ccc(C(=O)N[C@@H](CCC(=O)O)C(=O)O)cc1,1,0.19671250580614003,0.4805194805194805,0.30-0.50
scaffold,2,111,Cc1oncc1C(=O)Nc1ccc(C(F)(F)F)cc1,1,0.5683923960966485,0.2608695652173913,<0.30
scaffold,2,112,Cc1cccc(C)c1OCC(C)N,1,0.5514481286736957,0.24444444444444444,<0.30
scaffold,2,114,C[C@]12COC(=O)C[C@@H]1CC[C@@H]1[C@@H]2CC[C@@]2(C)[C@H]1CC[C@]2(C)O,1,0.7747386492218835,0.5882352941176471,0.50-0.70
scaffold,2,125,NC(=O)OCC(COC(N)=O)c1ccccc1,1,0.38178165172558925,0.3125,0.30-0.50
scaffold,2,129,C1CCC(C(CC2CCCCN2)C2CCCCC2)CC1,1,0.07733947647495185,0.15873015873015872,<0.30
scaffold,2,131,O=C(O)COc1ccc(C(=O)c2cccs2)c(Cl)c1Cl,1,0.7736654695951019,0.22807017543859648,<0.30
scaffold,2,136,NC1=NC(=O)C(c2ccccc2)O1,1,0.9049155131598198,0.23255813953488372,<0.30
scaffold,2,138,CC(C(=O)O)c1ccc2oc(-c3ccc(Cl)cc3)nc2c1,1,0.9825545613575615,0.37037037037037035,0.30-0.50
scaffold,2,139,CC(C)Cc1ccc(CC(=O)O)cc1,1,0.4153718912736514,0.3055555555555556,0.30-0.50
scaffold,2,143,NC(=O)NS(=O)(=O)c1ccc(N)cc1,1,0.9756731313905942,0.4473684210526316,0.30-0.50
scaffold,2,149,CC(=O)Oc1cc(C(C)C)c(OCCN(C)C)cc1C,1,0.2665343589205658,0.22580645161290322,<0.30
scaffold,2,154,CC(COc1ccccc1)NN,1,0.5733046320517283,0.4878048780487805,0.30-0.50
scaffold,2,156,O=C(O)COc1nn(Cc2ccccc2)c2ccccc12,1,0.5924297334629388,0.23333333333333334,<0.30
scaffold,2,160,CC(=O)Oc1ccc(C(=C2CCCCC2)c2ccc(OC(C)=O)cc2)cc1,1,0.6783425641202877,0.3617021276595745,0.30-0.50
scaffold,2,162,CCCCCCCCNC(C)C(O)c1ccc(SC(C)C)cc1,1,0.7475382131836182,0.3090909090909091,0.30-0.50
scaffold,2,164,CC(NN)c1ccccc1,1,0.8031506581440505,0.3076923076923077,0.30-0.50
scaffold,2,170,Cc1cc2c(cc1CC(=O)c1sccc1S(=O)(=O)Nc1onc(C)c1Cl)OCO2,1,0.963215526259726,0.21176470588235294,<0.30
scaffold,2,171,CC(N)C(=O)OC(C)(C)Cc1ccc(Cl)cc1,1,0.496304112890295,0.25,<0.30
scaffold,2,172,C=CCOc1ccc(CC(=O)O)cc1Cl,1,0.7237996339500494,0.27450980392156865,<0.30
scaffold,2,185,CCN(CC)CC#CCOC(=O)C(O)(c1ccccc1)C1CCCCC1,0,0.04614214464160776,0.46551724137931033,0.30-0.50
scaffold,2,186,CN(C)CCOC(c1ccccc1)c1ccccc1,0,0.08281267385969086,0.5365853658536586,0.50-0.70
scaffold,2,187,Cc1ccccc1C(OCCN(C)C)c1ccccc1,0,0.0544787078870539,0.4583333333333333,0.30-0.50
scaffold,2,188,CN1CCC[C@@H]1CCO[C@](C)(c1ccccc1)c1ccc(Cl)cc1,0,0.01572599421638175,0.3157894736842105,0.30-0.50
scaffold,2,191,N[C@@H](Cc1cc(I)c(Oc2ccc(O)c(I)c2)c(I)c1)C(=O)O,0,0.5031007396024243,0.22448979591836735,<0.30
scaffold,2,198,O=C(c1ccc(OCCN2CCCCC2)cc1)c1c(-c2ccc(O)cc2)sc2cc(O)ccc12,0,0.15772295272946982,0.2716049382716049,<0.30
scaffold,2,199,C=C1CC[C@H](O)C/C1=C/C=C1\CCC[C@]2(C)[C@@H]([C@H](C)/C=C/[C@H](C)C(C)C)CC[C@@H]12,0,0.18825989329232107,0.16304347826086957,<0.30
scaffold,2,201,CCOC(=O)C1(c2ccccc2)CCN(CCC(C#N)(c2ccccc2)c2ccccc2)CC1,0,0.004248231090927583,0.6078431372549019,0.50-0.70
scaffold,2,203,COc1ccc2c(c1)[C@]13CCCC[C@@H]1[C@H](C2)N(C)CC3,0,0.08124643363025229,0.3230769230769231,0.30-0.50
scaffold,2,204,CN(C)C(=O)C(CCN1CCC(O)(c2ccc(Cl)cc2)CC1)(c1ccccc1)c1ccccc1,0,0.04449970080398811,0.3064516129032258,0.30-0.50
scaffold,2,206,CN[C@@H](C)[C@@H](O)c1ccccc1,0,0.6127498907857767,0.4146341463414634,0.30-0.50
scaffold,2,207,CC(C)NCC(O)c1ccc(O)c(O)c1,0,0.6160350806849367,0.43137254901960786,0.30-0.50
scaffold,2,215,NC[C@@H]1O[C@H](O[C@H]2[C@@H](O)[C@H](O[C@@H]3[C@@H](O)[C@H](N)C[C@H](N)[C@H]3O[C@H]3O[C@H](CO)[C@@H](O)[C@H](O)[C@H]3N)O[C@@H]2CO)[C@H](N)[C@@H](O)[C@@H]1O,0,0.03392019375441903,0.6530612244897959,0.50-0.70
scaffold,2,217,CC[C@@H](CO)NC(=O)[C@@H]1C=C2c3cccc4c3c(cn4C)C[C@H]2N(C)C1,0,0.38862991146238846,0.23684210526315788,<0.30
scaffold,2,218,CC[C@@H](CO)NC(=O)[C@@H]1C=C2c3cccc4[nH]cc(c34)C[C@H]2N(C)C1,0,0.08064259270010829,0.2857142857142857,<0.30
scaffold,2,219,C[N+](C)(C)CC(=O)[O-],0,0.1211350133171893,0.4583333333333333,0.30-0.50
scaffold,2,227,CN[C@@H](C)Cc1ccccc1,0,0.4256900919208879,0.45161290322580644,0.30-0.50
scaffold,2,229,Cc1cccc(CN2CCN(C(c3ccccc3)c3ccc(Cl)cc3)CC2)c1,0,0.4807963552346914,0.5,0.50-0.70
scaffold,2,232,C[C@](N)(Cc1ccc(O)cc1)C(=O)O,0,0.33973826912439725,0.25,<0.30
scaffold,2,235,COc1ccccc1OCC(O)CO,0,0.3743262434364408,0.4339622641509434,0.30-0.50
scaffold,2,237,COc1ccc(OC)c(C(O)CNC(=O)CN)c1,0,0.40982955320820585,0.24615384615384617,<0.30
scaffold,2,241,NC(=O)C(c1ccccc1)(c1ccccc1)[C@@H]1CCN(CCc2ccc3c(c2)CCO3)C1,0,0.046108461786189256,0.3333333333333333,0.30-0.50
scaffold,2,242,O=C(CCCCCCC(=O)Nc1ccccc1)NO,0,0.5207757994314013,0.38095238095238093,0.30-0.50
scaffold,2,243,Cc1ncc2n1-c1ccc(Cl)cc1C(c1ccccc1F)=NC2,0,0.3688315380805084,0.5166666666666667,0.50-0.70
scaffold,2,245,NS(=O)(=O)c1cc(Cl)c(Cl)c(S(N)(=O)=O)c1,0,0.909093986787626,0.15942028985507245,<0.30
scaffold,2,246,NCC1CCC(C(=O)O)CC1,0,0.08974615691677326,0.25,<0.30
scaffold,2,251,C[C@H](N)Cc1ccccc1,0,0.251051685828486,0.4827586206896552,0.30-0.50
scaffold,2,252,O=C(NC(CO)C(O)c1ccc([N+](=O)[O-])cc1)C(Cl)Cl,0,0.3169814998438344,0.24074074074074073,<0.30
scaffold,2,253,CC(C)NCC(O)c1cc(O)cc(O)c1,0,0.48822455013071336,0.32075471698113206,0.30-0.50
scaffold,2,259,C#CCN(C)[C@H](C)Cc1ccccc1,0,0.14965724877270103,0.625,0.50-0.70
scaffold,2,264,CCC(c1cccc(O)c1)C(C)CN(C)C,0,0.28080266239998936,0.2631578947368421,<0.30
scaffold,2,267,Clc1ccc(C(c2ccccc2Cl)C(Cl)Cl)cc1,0,0.7975754856612733,0.2765957446808511,<0.30
scaffold,2,269,CO[Si](C)(C)O[Si](C)(C)C.O=[Si]=O,0,0.5185820820114121,0.11764705882352941,<0.30
scaffold,2,271,O.O.O.O=S(=O)([O-])OC[C@H]1O[C@@H](O[C@]2(COS(=O)(=O)[O-])O[C@H](OS(=O)(=O)[O-])[C@@H](OS(=O)(=O)[O-])[C@@H]2OS(=O)(=O)[O-])[C@H](OS(=O)(=O)[O-])[C@@H](OS(=O)(=O)[O-])[C@@H]1OS(=O)(=O)[O-].[Al],0,0.7057972823521794,0.21794871794871795,<0.30
scaffold,2,272,O=C([O-])CCCO.[Na+],0,0.11370564139850692,0.3333333333333333,0.30-0.50
scaffold,2,275,CC(C)C(=O)Oc1ccc(CO)cc1[C@H](CCN(C(C)C)C(C)C)c1ccccc1.O=C(O)/C=C/C(=O)O,0,0.09090189336150903,0.24,<0.30
scaffold,2,276,NCC1OC(OC2C(CO)OC(OC3C(O)C(N)CC(N)C3OC3OC(CN)C(O)C(O)C3N)C2O)C(N)C(O)C1O,0,0.04005309483800987,0.6326530612244898,0.50-0.70
scaffold,2,278,Cn1c(=O)c2[nH]cnc2n(C)c1=O.Cn1c(=O)c2[nH]cnc2n(C)c1=O.NCCN,0,0.08595543267931297,0.8387096774193549,>=0.70
scaffold,2,284,CN1CC[C@]23CCCC[C@H]2[C@H]1Cc1ccc(O)cc13,0,0.027506134112152116,0.3770491803278688,0.30-0.50
scaffold,2,290,C=Cc1ccccc1S(=O)(=O)[O-].[Ca+2],0,0.8806173498664275,0.175,<0.30
scaffold,2,291,CCN(CC)C(C)C(=O)c1ccccc1,0,0.4956414215920606,0.3333333333333333,0.30-0.50
scaffold,2,295,OC[C@H]1O[C@@H](O[C@@H]2[C@@H](CO)O[C@](O)(CO)[C@H]2O)[C@H](O)[C@@H](O)[C@H]1O,0,0.27339268578892906,0.43137254901960786,0.30-0.50
scaffold,2,296,C=C1C(=CC=C2CCC[C@]3(C)[C@@H]([C@H](C)CCCC(C)(C)O)CC[C@@H]23)C[C@@H](O)C[C@@H]1O,0,0.0614473192768344,0.17204301075268819,<0.30
scaffold,2,301,O=P(O)(O)C(Sc1ccc(Cl)cc1)P(=O)(O)O,0,0.6400234788636504,0.21739130434782608,<0.30
scaffold,2,302,Cc1ccc(O)c([C@@H](CCN(C(C)C)C(C)C)c2ccccc2)c1,0,0.15346097642479883,0.26785714285714285,<0.30
scaffold,2,304,CC(C)(C)NCC(O)c1ccc(O)c(CO)c1,0,0.3931276373364529,0.3220338983050847,0.30-0.50
scaffold,2,318,CCC(C)CCCCC(=O)NC(CCN)C(=O)NC(C(=O)NC(CCN)C(=O)NC1CCNC(=O)C(C(C)O)NC(=O)C(CCN)NC(=O)C(CCN)NC(=O)C(CC(C)C)NC(=O)C(Cc2ccccc2)NC(=O)C(CCN)NC1=O)C(C)O.O=S(=O)(O)O,0,0.09765820677325468,0.7019230769230769,>=0.70
scaffold,2,325,CN[C@@H](C)[C@H](O)c1ccccc1,0,0.6127498907857767,0.4146341463414634,0.30-0.50
scaffold,2,333,OC(CCN1CCCC1)(c1ccccc1)C1CCCCC1,0,0.0037214997635075433,1.0,>=0.70
scaffold,2,335,CC(C)(C)NC[C@H](O)COc1ccccc1C1CCCC1,0,0.07011261338075335,0.3620689655172414,0.30-0.50
scaffold,2,336,CC[N+](C)(C)c1cccc(O)c1,0,0.36384312617364517,0.2549019607843137,<0.30
scaffold,2,337,NCCc1ccc(O)c(O)c1,0,0.2735499433822459,0.41025641025641024,0.30-0.50
scaffold,2,343,CCN(CC)CC(=O)Nc1c(C)cccc1C,0,0.6632974192512848,0.3617021276595745,0.30-0.50
scaffold,2,345,NC(N)=NCCC[C@H](N)C(=O)O,0,0.3249571943570543,0.40625,0.30-0.50
scaffold,2,352,CN(C)CCc1c[nH]c2ccc(CS(=O)(=O)N3CCCC3)cc12,0,0.06538259608932893,0.5084745762711864,0.50-0.70
scaffold,2,367,CCC(=O)N(c1ccccc1)C1(COC)CCN(CCn2nnn(CC)c2=O)CC1,0,0.04838557755190752,0.6153846153846154,0.50-0.70
scaffold,2,369,OCC(O)C(O)C(O)C(O)CO,0,0.0511000591978505,1.0,>=0.70
scaffold,2,370,Nc1ccc(C(=O)NCC(=O)O)cc1,0,0.8452639168829768,0.37209302325581395,0.30-0.50
scaffold,2,373,CNC(=O)c1c(I)c(NC(C)=O)c(I)c(C(=O)O)c1I,0,0.24067909517994984,0.3333333333333333,0.30-0.50
scaffold,2,375,[13CH3]C(O)C(=O)[O-].[Na+],0,0.268550593617306,0.4,0.30-0.50
scaffold,2,378,[Cl][Cu][Cl],0,0.4264010231107115,0.041666666666666664,<0.30
scaffold,2,379,O=C(NCC(O)CO)c1c(I)c(C(=O)NCC(O)CO)c(I)c(N(CCO)C(=O)CO)c1I,0,0.13341137144648244,0.18461538461538463,<0.30
scaffold,2,381,O=S([O-])([O-])=S.[Na+].[Na+],0,0.6004274975542793,0.21428571428571427,<0.30
scaffold,2,392,CNC(=O)c1cnn(-c2nc(N)c3ncn([C@@H]4O[C@H](CO)[C@@H](O)[C@H]4O)c3n2)c1,0,0.489117887086438,0.5076923076923077,0.50-0.70
scaffold,2,399,NC[C@H](O)c1ccc(O)c(O)c1,0,0.3691363958762742,0.3076923076923077,0.30-0.50
scaffold,2,400,CNC[C@H](O)c1ccc(O)c(O)c1,0,0.5379175396105464,0.36538461538461536,0.30-0.50
scaffold,2,402,CC(=O)Nc1c(I)c(NC(C)=O)c(I)c(C(=O)O)c1I,0,0.3883649486948042,0.38461538461538464,0.30-0.50
scaffold,2,403,CC[C@H](C)[C@@H]1NC(=O)[C@H](Cc2ccc(O)cc2)NC(=O)[C@@H](N)CSSC[C@@H](C(=O)N2CCC[C@H]2C(=O)N[C@@H](CC(C)C)C(=O)NCC(N)=O)NC(=O)[C@H](CC(N)=O)NC(=O)[C@H](CCC(N)=O)NC1=O,0,0.0026648875244756356,0.7090909090909091,>=0.70
scaffold,2,407,O=C(O)CN(CCN(CC(=O)O)CC(=O)O)CCN(CC(=O)O)CC(=O)O,0,0.22019929453172515,0.39473684210526316,0.30-0.50
scaffold,2,412,CCCCCCCC/C=C/CCCCCCCC(=O)O.NCCO,0,0.27761251040261165,0.4838709677419355,0.30-0.50
scaffold,2,413,CCC(C)C1NC(=O)C(Cc2ccc(O)cc2)NC(=O)C(N)CSSCC(C(=O)N2CCCC2C(=O)NC(CC(C)C)C(=O)NCC(N)=O)NC(=O)C(CC(N)=O)NC(=O)C(C(C)O)NC1=O,0,0.008784142858478984,0.631578947368421,0.50-0.70
scaffold,2,420,CC1=C(CCC(=O)O)c2cc3nc(cc4[nH]c(cc5[nH]c(cc1n2)c(C)c5C(C)O)c(C)c4C(C)OC(C)c1c(C)c2cc4nc(cc5nc(cc6[nH]c(cc1[nH]2)c(C)c6C(C)O)C(C)=C5CCC(=O)O)C(CCC(=O)O)=C4C)C(C)=C3CCC(=O)O,0,0.18030369510466657,0.1917808219178082,<0.30
scaffold,2,421,CCCCCCCN(CC)CCCC(O)c1ccc(NS(C)(=O)=O)cc1,0,0.7074221030219731,0.33783783783783783,0.30-0.50
scaffold,2,424,C[C@@H]1CCN(C(=O)[C@H](CCCN=C(N)N)NS(=O)(=O)c2cccc3c2NC[C@H](C)C3)[C@@H](C(=O)O)C1,0,0.2707824657544795,0.2734375,<0.30
scaffold,2,430,CNC[C@H](O)[C@@H](O)[C@H](O)[C@H](O)CO.CNC[C@H](O)[C@@H](O)[C@H](O)[C@H](O)CO.O=C([O-])CN(CCN(CC(=O)[O-])CC(=O)O)CCN(CC(=O)O)C(COCc1ccccc1)C(=O)[O-].[Gd+3],0,0.31677219329131123,0.6229508196721312,0.50-0.70
scaffold,2,434,COC(=O)CCc1ccc(OCC(O)CNC(C)C)cc1,0,0.3469440318741536,0.39285714285714285,0.30-0.50
scaffold,2,446,NCCc1ccc(O)cc1,0,0.1948532851289612,0.3333333333333333,0.30-0.50
scaffold,2,450,CC1/C=C/C=C/CC/C=C/C=C/C=C/C=C/C(OC2O[C@H](C)[C@@H](O)[C@H](N)[C@@H]2O)CC(O)C(C(=O)O)C(O)CC(=O)CC(O)C(O)CCC(O)CC(O)CC(O)CC(=O)OC(C)C(C)C1O,0,0.6317604303895905,0.19327731092436976,<0.30
scaffold,3,1,Nc1nc2ccc(OC(F)(F)F)cc2s1,1,0.7832469017909713,0.16071428571428573,<0.30
scaffold,3,4,CC(=O)Nc1nnc(S(N)(=O)=O)s1,1,0.7236014094062695,0.2631578947368421,<0.30
scaffold,3,5,CNCCC=C1c2ccccc2CCc2ccccc21,1,0.5501770591253201,0.29545454545454547,<0.30
scaffold,3,8,COc1ccc(Cc2nccc3cc(OC)c(OC)cc23)cc1OC,1,0.8044112976100648,0.25,<0.30
scaffold,3,10,Cc1c(C)c2c(c(C)c1O)CCC(C)(COc1ccc(CC3SC(=O)NC3=O)cc1)O2,1,0.06818209350556038,0.38028169014084506,0.30-0.50
scaffold,3,15,NC(N)=Nc1nc(CSCCN=CNS(=O)(=O)c2ccc(Br)cc2)cs1,1,0.9787500934196064,0.21875,<0.30
scaffold,3,16,Cc1cc(C#N)cc(C)c1Oc1nc(Nc2ccc(C#N)cc2)nc(N)c1Br,1,0.9970400679816966,0.18823529411764706,<0.30
scaffold,3,17,CCCCCOc1ccc(-c2cc(-c3ccc(C(=O)NC4CC(O)C(O)NC(=O)C5C(O)C(C)CN5C(=O)C(C(O)CC(N)=O)NC(=O)C(C(O)C(O)c5ccc(O)c(OS(=O)(=O)O)c5)NC(=O)C5CC(O)CN5C(=O)C(C(C)O)NC4=O)cc3)no2)cc1,1,0.7276379894256539,0.20454545454545456,<0.30
scaffold,3,32,O=c1ncnc2[nH][nH]cc1-2,1,0.7594789054598623,0.16666666666666666,<0.30
scaffold,3,36,O=C1CN(/N=C\c2ccc([N+](=O)[O-])o2)C(=O)N1,1,0.8624569975238937,0.673469387755102,0.50-0.70
scaffold,3,37,CC/C(=C(\c1ccccc1)c1ccc(OCCN(C)C)cc1)c1ccccc1,1,0.424922803407669,0.36363636363636365,0.30-0.50
scaffold,3,39,O=C(O)c1cccnc1,1,0.8648769996865056,0.5151515151515151,0.50-0.70
scaffold,3,50,CCCCCCCCCCC[C@@H](C[C@@H]1OC(=O)[C@H]1CCCCCC)OC(=O)[C@H](CC(C)C)NC=O,1,0.3822566707075802,0.2235294117647059,<0.30
scaffold,3,54,Nc1nc(NC2CC2)c2ncn(C3C=C[C@H](CO)C3)c2n1,1,0.5472804733327302,0.24285714285714285,<0.30
scaffold,3,62,O=C(O)c1cc(-c2ccc(F)cc2F)ccc1O,1,0.9353576683813954,0.325,0.30-0.50
scaffold,3,66,CCN(CC)C(=O)[C@]1(c2ccccc2)C[C@@H]1CN,1,0.28660357551319215,0.2978723404255319,<0.30
scaffold,3,75,CC1(C)NC(=O)N(c2ccc([N+](=O)[O-])c(C(F)(F)F)c2)C1=O,1,0.960442872257521,0.4,0.30-0.50
scaffold,3,77,Cc1ccc(NC(=O)c2ccc(CN3CCN(C)CC3)cc2)cc1Nc1nccc(-c2cccnc2)n1,1,0.9407484274999055,0.2708333333333333,<0.30
scaffold,3,86,Cc1ccccc1C(=O)Nc1ccc(C(=O)N2CCCC(O)c3cc(Cl)ccc32)c(C)c1,1,0.8738469965016402,0.313953488372093,0.30-0.50
scaffold,3,100,NNC(=O)c1ccncc1,1,0.8662851171096424,0.40476190476190477,0.30-0.50
scaffold,3,103,Cc1cn([C@H]2C=C[C@@H](CO)O2)c(=O)[nH]c1=O,1,0.8596312432425331,0.4727272727272727,0.30-0.50
scaffold,3,111,Cc1oncc1C(=O)Nc1ccc(C(F)(F)F)cc1,1,0.6416216241322106,0.2727272727272727,<0.30
scaffold,3,117,Cc1ccnc2c1NC(=O)c1cccnc1N2C1CC1,1,0.744851830200062,0.23214285714285715,<0.30
scaffold,3,121,CCC[C@@]1(CCc2ccccc2)CC(=O)C([C@H](CC)c2cccc(NS(=O)(=O)c3ccc(C(F)(F)F)cn3)c2)=C(O)O1,1,0.3398674467585375,0.20618556701030927,<0.30
scaffold,3,124,OCC1OC(n2cnc3c2NC=NC[C@H]3O)CC1O,1,0.40723160358919125,0.26865671641791045,<0.30
scaffold,3,127,CC(C)NNC(=O)c1ccncc1,1,0.6810358600974337,0.391304347826087,0.30-0.50
scaffold,3,134,CCCN(CCC)C(=O)Cc1c(-c2ccc(Cl)cc2)nc2ccc(Cl)cn12,1,0.9776417418882558,0.288135593220339,<0.30
scaffold,3,135,CC(C(=O)O)c1ccc(N2CC=CC2)c(Cl)c1,1,0.530116121285277,0.4,0.30-0.50
scaffold,3,142,Nc1ccc(S(=O)(=O)Nc2nccs2)cc1,1,0.9611362225762533,0.4473684210526316,0.30-0.50
scaffold,3,151,CN(C)CCCC1c2ccccc2Nc2ccc(Cl)cc21,1,0.2426544926723625,0.38181818181818183,0.30-0.50
scaffold,3,160,CC(=O)Oc1ccc(C(=C2CCCCC2)c2ccc(OC(C)=O)cc2)cc1,1,0.6960291419182185,0.3617021276595745,0.30-0.50
scaffold,3,177,CN1CCC(Nc2ncc3ncnc(Nc4ccc(F)c(Cl)c4)c3n2)CC1,1,0.9851462097526889,0.4074074074074074,0.30-0.50
scaffold,3,181,Cc1ccc(-n2[nH]c(C)c(N/N=C3\C=CC=C(c4cccc(C(=O)O)c4)C3=O)c2=O)cc1C.NCCO.NCCO,1,0.489009786634281,0.2,<0.30
scaffold,3,182,CCCC(CCC)C(=O)O.CCCC(CCC)C(=O)[O-].[Na+],1,0.615742263095093,0.7272727272727273,>=0.70
scaffold,3,185,CCN(CC)CC#CCOC(=O)C(O)(c1ccccc1)C1CCCCC1,0,0.10980026390530229,0.3389830508474576,0.30-0.50
scaffold,3,188,CN1CCC[C@@H]1CCO[C@](C)(c1ccccc1)c1ccc(Cl)cc1,0,0.02333989221735431,0.29411764705882354,<0.30
scaffold,3,199,C=C1CC[C@H](O)C/C1=C/C=C1\CCC[C@]2(C)[C@@H]([C@H](C)/C=C/[C@H](C)C(C)C)CC[C@@H]12,0,0.40815763249077397,0.16304347826086957,<0.30
scaffold,3,220,Cc1ncc(CO)c(CO)c1O,0,0.5157938453390764,0.2391304347826087,<0.30
scaffold,3,224,CN(C)CCC(c1ccc(Br)cc1)c1ccccn1,0,0.33369658196884444,0.3333333333333333,0.30-0.50
scaffold,3,226,CCOC(=O)C1(c2ccccc2)CCN(C)CC1,0,0.4152384132001663,0.6078431372549019,0.50-0.70
scaffold,3,231,CC1C(c2ccccc2)OCCN1C,0,0.22093962742612278,0.2765957446808511,<0.30
scaffold,3,238,CN(C)CC[C@@H](c1ccc(Br)cc1)c1ccccn1,0,0.33369658196884444,0.3333333333333333,0.30-0.50
scaffold,3,247,C[N+](C)(C)C[C@H](O)CC(=O)[O-],0,0.017688723452559747,0.4583333333333333,0.30-0.50
scaffold,3,249,Cc1ccc(N(CC2=NCCN2)c2cccc(O)c2)cc1,0,0.05242635270280704,0.2631578947368421,<0.30
scaffold,3,250,NC(N)=NCCN1CCCCCCC1,0,0.017173499556678056,0.3142857142857143,0.30-0.50
scaffold,3,254,CN(C)CCC(c1ccc(Cl)cc1)c1ccccn1,0,0.2179573044837378,0.3333333333333333,0.30-0.50
scaffold,3,258,CC(O)(P(=O)(O)O)P(=O)(O)O,0,0.1319069784662611,0.28125,<0.30
scaffold,3,260,COc1cc2nc(N3CCN(C(=O)C4CCCO4)CC3)nc(N)c2cc1OC,0,0.5818739294082346,0.21739130434782608,<0.30
scaffold,3,269,CO[Si](C)(C)O[Si](C)(C)C.O=[Si]=O,0,0.6524313699744136,0.1282051282051282,<0.30
scaffold,3,274,O=C(OC1CC2CC[C@@H](C1)[N+]21CCCC1)C(O)(c1ccccc1)c1ccccc1.[Cl-],0,0.021142166270235394,0.5833333333333334,0.50-0.70
scaffold,3,279,CN(C)CCOC(C)(c1ccccc1)c1ccccn1,0,0.2519243625038846,0.37209302325581395,0.30-0.50
scaffold,3,286,CN(C)CCOC(c1ccc(Cl)cc1)c1ccccn1,0,0.12350039836421256,0.5365853658536586,0.50-0.70
scaffold,3,287,CN1C(=O)CC(C)(c2ccccc2)C1=O,0,0.4707303372820934,0.32075471698113206,0.30-0.50
scaffold,3,292,OC(CCN1CCCCC1)(c1ccccc1)C1CC2C=CC1C2,0,0.0011508119351906403,0.6086956521739131,0.50-0.70
scaffold,3,293,C[N+]1(C)CCC(OC(=O)C(O)(c2ccccc2)C2CCCC2)C1,0,0.16787106464614093,0.6382978723404256,0.50-0.70
scaffold,3,295,OC[C@H]1O[C@@H](O[C@@H]2[C@@H](CO)O[C@](O)(CO)[C@H]2O)[C@H](O)[C@@H](O)[C@H]1O,0,0.24065860394128902,0.43137254901960786,0.30-0.50
scaffold,3,296,C=C1C(=CC=C2CCC[C@]3(C)[C@@H]([C@H](C)CCCC(C)(C)O)CC[C@@H]23)C[C@@H](O)C[C@@H]1O,0,0.23184421008588293,0.16666666666666666,<0.30
scaffold,3,297,CC(N)C12CC3CC(CC(C3)C1)C2,0,0.0540010550413973,0.24,<0.30
scaffold,3,298,CC(=O)[O-].CC(=O)[O-].[Ca+2],0,0.2960287412099897,0.4166666666666667,0.30-0.50
scaffold,3,311,C[C@H]1CN(C[C@H](Cc2ccccc2)C(=O)NCC(=O)O)CC[C@@]1(C)c1cccc(O)c1,0,0.015975764591653674,0.29577464788732394,<0.30
scaffold,3,319,Clc1ccc2c(c1)C(c1ccccc1)=NCc1nncn1-2,0,0.6649372276320177,0.3709677419354839,0.30-0.50
scaffold,3,322,C[N+]1(C)C2CC(OC(=O)C(CO)c3ccccc3)CC1C1OC12,0,0.015091867802612928,0.6938775510204082,0.50-0.70
scaffold,3,324,CC[N+](CC)(CCNC(=O)C(=O)NCC[N+](CC)(CC)Cc1ccccc1Cl)Cc1ccccc1Cl,0,0.8609264782436684,0.32653061224489793,0.30-0.50
scaffold,3,340,Nc1ncnc2c1ncn2[C@@H]1O[C@H](CO)[C@@H](O)[C@H]1O,0,0.8747869324231468,0.46153846153846156,0.30-0.50
scaffold,3,342,CCOC(=O)c1ncn2c1CN(C)C(=O)c1cc(F)ccc1-2,0,0.8147862272637411,0.2608695652173913,<0.30
scaffold,3,344,CCC(C)[C@H](N)C1=NCC(C(=O)N[C@@H](CC(C)C)C(=O)N[C@H](CCC(=O)O)C(=O)N[C@H](C(=O)N[C@H]2CCCCNC(=O)[C@H](CC(N)=O)NC(=O)[C@@H](CC(=O)O)NC(=O)[C@H](Cc3cnc[nH]3)NC(=O)[C@@H](Cc3ccccc3)NC(=O)[C@H](C(C)CC)NC(=O)[C@@H](CCCN)NC2=O)C(C)CC)S1,0,0.09668911791288679,0.40397350993377484,0.30-0.50
scaffold,3,349,CN(C)CC[C@@H](c1ccc(Cl)cc1)c1ccccn1,0,0.2179573044837378,0.3333333333333333,0.30-0.50
scaffold,3,351,CCCCCCC(C)(C)c1cc(O)c2c(c1)OC(C)(C)[C@@H]1CCC(=O)C[C@@H]21,0,0.43187474998497966,0.2261904761904762,<0.30
scaffold,3,353,CN[C@@H]1CCc2[nH]c3ccc(C(N)=O)cc3c2C1,0,0.7985419081894384,0.20689655172413793,<0.30
scaffold,3,357,Nc1nc(F)nc2c1ncn2[C@@H]1O[C@H](COP(=O)(O)O)[C@@H](O)[C@@H]1O,0,0.935882217743287,0.3384615384615385,0.30-0.50
scaffold,3,360,OC(CCN1CCCCC1)(c1ccccc1)C1CCCCC1,0,0.0034953201030394395,1.0,>=0.70
scaffold,3,368,CC(C)(CO)C(O)C(=O)NCCCO,0,0.08030127226614554,0.22857142857142856,<0.30
scaffold,3,381,O=S([O-])([O-])=S.[Na+].[Na+],0,0.3018439166559314,0.21428571428571427,<0.30
scaffold,3,386,CC[C@H](C)[C@H](NC(=O)[C@H](Cc1ccccc1)NC(=O)[C@H](CC(C)C)NC(=O)[C@H](CCCNC(=N)N)NC(=O)[C@@H](NC(=O)[C@H](C)NC(=O)[C@H](CCC(=O)O)NC(=O)[C@H](CCC(=O)O)NC(=O)[C@H](CCC(=O)O)NC(=O)[C@H](CCSC)NC(=O)[C@H](CCC(N)=O)NC(=O)[C@H](CCCCN)NC(=O)[C@H](CO)NC(=O)[C@H](CC(C)C)NC(=O)[C@H](CC(=O)O)NC(=O)[C@H](CO)NC(=O)[C@@H](NC(=O)[C@H](Cc1ccccc1)NC(=O)[C@@H](NC(=O)CNC(=O)[C@H](CCC(=O)O)NC(=O)CNC(=O)[C@@H](N)Cc1cnc[nH]1)[C@@H](C)O)[C@@H](C)O)C(C)C)C(=O)N[C@@H](CCC(=O)O)C(=O)N[C@@H](Cc1c[nH]c2ccccc12)C(=O)N[C@@H](CC(C)C)C(=O)N[C@@H](CCCCN)C(=O)N[C@@H](CC(N)=O)C(=O)NCC(=O)NCC(=O)N1CCC[C@H]1C(=O)N[C@@H](CO)C(=O)N[C@@H](CO)C(=O)NCC(=O)N[C@@H](C)C(=O)N1CCC[C@H]1C(=O)N1CCC[C@H]1C(=O)N1CCC[C@H]1C(=O)N[C@@H](CO)C(N)=O,0,0.0005952868644894764,0.7514792899408284,>=0.70
scaffold,3,392,CNC(=O)c1cnn(-c2nc(N)c3ncn([C@@H]4O[C@H](CO)[C@@H](O)[C@H]4O)c3n2)c1,0,0.8870664689518047,0.37142857142857144,0.30-0.50
scaffold,3,396,C=CCOCC1CN2CCO[Si](C)(O1)OC(COCC=C)C2,0,0.277768420442624,0.1875,<0.30
scaffold,3,406,CSCC[C@H](NC(=O)[C@H](Cc1c[nH]c2ccccc12)NC(=O)CCNC(=O)OCC(C)C)C(=O)N[C@@H](CC(=O)O)C(=O)N[C@@H](Cc1ccccc1)C(N)=O,0,0.15112902770010825,0.6354166666666666,0.50-0.70
scaffold,3,407,O=C(O)CN(CCN(CC(=O)O)CC(=O)O)CCN(CC(=O)O)CC(=O)O,0,0.2668109960048057,0.39473684210526316,0.30-0.50
scaffold,3,424,C[C@@H]1CCN(C(=O)[C@H](CCCN=C(N)N)NS(=O)(=O)c2cccc3c2NC[C@H](C)C3)[C@@H](C(=O)O)C1,0,0.05155946314316536,0.2734375,<0.30
scaffold,3,436,COc1ccc(N(C)C)cc1CN[C@H]1CCCN[C@H]1c1ccccc1,0,0.6448804181783433,0.1917808219178082,<0.30
scaffold,4,4,CC(=O)Nc1nnc(S(N)(=O)=O)s1,1,0.7191029191054816,0.2631578947368421,<0.30
scaffold,4,10,Cc1c(C)c2c(c(C)c1O)CCC(C)(COc1ccc(CC3SC(=O)NC3=O)cc1)O2,1,0.09640869983843846,0.38028169014084506,0.30-0.50
scaffold,4,16,Cc1cc(C#N)cc(C)c1Oc1nc(Nc2ccc(C#N)cc2)nc(N)c1Br,1,0.9898457226725675,0.1595744680851064,<0.30
scaffold,4,37,CC/C(=C(\c1ccccc1)c1ccc(OCCN(C)C)cc1)c1ccccc1,1,0.19772866412296697,0.3269230769230769,0.30-0.50
scaffold,4,39,O=C(O)c1cccnc1,1,0.7341769369130174,0.5151515151515151,0.50-0.70
scaffold,4,41,COc1ccc2c(c1)c(CC(=O)O)c(C)n2C(=O)c1ccc(Cl)cc1,1,0.897137807931412,0.23880597014925373,<0.30
scaffold,4,43,O=C(O)c1cn(C2CC2)c2cc(N3CCNCC3)c(F)cc2c1=O,1,0.7192791692543693,0.38571428571428573,0.30-0.50
scaffold,4,56,CC[C@H]1OC(=O)[C@H](C)C(=O)[C@H](C)[C@@H](O[C@@H]2O[C@H](C)C[C@H](N(C)C)[C@H]2O)[C@@](C)(OC)C[C@@H](C)C(=O)[C@H](C)[C@H]2N(CCCCn3cnc(-c4cccnc4)c3)C(=O)O[C@]12C,1,0.9667055754730359,0.4396551724137931,0.30-0.50
scaffold,4,61,Cn1cc[nH]c1=S,1,0.6601132866098565,0.22580645161290322,<0.30
scaffold,4,68,CCCN(CCOc1c(Cl)cc(Cl)cc1Cl)C(=O)n1ccnc1.O=S(=O)([O-])C(I)I.[Na+],1,0.9729133254548501,0.2345679012345679,<0.30
scaffold,4,78,CC(C)C[C@@H](NC(=O)[C@@H](Cc1ccccc1)NC(=O)c1cnccn1)B(O)O,1,0.16622077390177714,0.26785714285714285,<0.30
scaffold,4,88,Cc1nc(-c2ccc(OCC(C)C)c(C#N)c2)sc1C(=O)O,1,0.9726693649321168,0.22413793103448276,<0.30
scaffold,4,100,NNC(=O)c1ccncc1,1,0.8730876685392691,0.40476190476190477,0.30-0.50
scaffold,4,104,Cc1cn([C@H]2C[C@H](N=[N+]=[N-])[C@@H](CO)O2)c(=O)[nH]c1=O,1,0.8666961831551978,0.4727272727272727,0.30-0.50
scaffold,4,105,CN(Cc1cnc2nc(N)nc(N)c2n1)c1ccc(C(=O)N[C@@H](CCC(=O)O)C(=O)O)cc1,1,0.35703078302365854,0.23880597014925373,<0.30
scaffold,4,106,O=C1CN(N=Cc2ccc(-c3ccc([N+](=O)[O-])cc3)o2)C(=O)N1,1,0.9319707739589603,0.673469387755102,0.50-0.70
scaffold,4,107,C[C@]12CC(=CO)C(=O)C[C@@H]1CC[C@@H]1[C@@H]2CC[C@@]2(C)[C@H]1CC[C@]2(C)O,1,0.48344582362462823,0.5882352941176471,0.50-0.70
scaffold,4,115,CS(=O)(=O)CCNCc1ccc(-c2ccc3ncnc(Nc4ccc(OCc5cccc(F)c5)c(Cl)c4)c3c2)o1,1,0.9998203470101743,0.31683168316831684,0.30-0.50
scaffold,4,116,CCCc1cc(=O)[nH]c(=S)[nH]1,1,0.7652775076494067,0.18181818181818182,<0.30
scaffold,4,120,Cc1ccc(Nc2nccc(N(C)c3ccc4c(C)n(C)nc4c3)n2)cc1S(N)(=O)=O,1,0.9613679454849958,0.25773195876288657,<0.30
scaffold,4,127,CC(C)NNC(=O)c1ccncc1,1,0.7290058818192557,0.391304347826087,0.30-0.50
scaffold,4,135,CC(C(=O)O)c1ccc(N2CC=CC2)c(Cl)c1,1,0.2653439052015615,0.4,0.30-0.50
scaffold,4,137,CN1Cc2c(N)cccc2C(c2ccccc2)C1,1,0.6059384312654393,0.24,<0.30
scaffold,4,138,CC(C(=O)O)c1ccc2oc(-c3ccc(Cl)cc3)nc2c1,1,0.9609280588376766,0.3269230769230769,0.30-0.50
scaffold,4,141,O=C(COc1ccc(Cl)cc1)N1CCN(Cc2ccc3c(c2)OCO3)CC1,1,0.7038109754214262,0.26666666666666666,<0.30
scaffold,4,151,CN(C)CCCC1c2ccccc2Nc2ccc(Cl)cc21,1,0.2996785718205102,0.38181818181818183,0.30-0.50
scaffold,4,159,COc1ccc2c(C(=O)c3ccc(Cl)cc3)c(C)n(CC(=O)O)c2c1,1,0.8095976284623679,0.25333333333333335,<0.30
scaffold,4,163,CN(C)CC=C(c1ccc(Br)cc1)c1cccnc1,1,0.14382263236761714,0.32653061224489793,0.30-0.50
scaffold,4,168,O=C(O)Cc1csc(-c2ccc(Cl)cc2)n1,1,0.993516475388095,0.288135593220339,<0.30
scaffold,4,173,O=c1[nH]c(=O)n([C@@H]2O[C@H](CO)[C@@H](O)[C@@H]2F)cc1I,1,0.47964110174437324,0.3888888888888889,0.30-0.50
scaffold,4,184,CC(COc1ccccc1)N(CCCl)Cc1ccccc1,0,0.35863177148398256,0.40476190476190477,0.30-0.50
scaffold,4,185,CCN(CC)CC#CCOC(=O)C(O)(c1ccccc1)C1CCCCC1,0,0.053350834416754,0.46551724137931033,0.30-0.50
scaffold,4,186,CN(C)CCOC(c1ccccc1)c1ccccc1,0,0.16926071539096368,0.5365853658536586,0.50-0.70
scaffold,4,187,Cc1ccccc1C(OCCN(C)C)c1ccccc1,0,0.1727810230494249,0.4583333333333333,0.30-0.50
scaffold,4,197,Nc1nc(=O)c2c([nH]1)NCC(CNc1ccc(C(=O)N[C@H](CCC(=O)O)C(=O)O)cc1)N2C=O,0,0.32816429186057416,0.2875,<0.30
scaffold,4,201,CCOC(=O)C1(c2ccccc2)CCN(CCC(C#N)(c2ccccc2)c2ccccc2)CC1,0,0.0043137359918605815,0.6078431372549019,0.50-0.70
scaffold,4,204,CN(C)C(=O)C(CCN1CCC(O)(c2ccc(Cl)cc2)CC1)(c1ccccc1)c1ccccc1,0,0.01693530351874122,0.3064516129032258,0.30-0.50
scaffold,4,211,NC[C@H]1O[C@H](O[C@H]2[C@H](O)[C@@H](O[C@H]3O[C@H](CO)[C@@H](O)[C@H](N)[C@H]3O)[C@H](N)C[C@@H]2N)[C@H](O)[C@@H](O)[C@@H]1O,0,0.050059656140156075,0.6530612244897959,0.50-0.70
scaffold,4,212,Nc1nc(=O)c2nc(CNc3ccc(C(=O)N[C@@H](CCC(=O)O)C(=O)O)cc3)cnc2[nH]1,0,0.5426775283514719,0.24615384615384617,<0.30
scaffold,4,219,C[N+](C)(C)CC(=O)[O-],0,0.18784375022329655,0.4583333333333333,0.30-0.50
scaffold,4,220,Cc1ncc(CO)c(CO)c1O,0,0.4056004766254001,0.2391304347826087,<0.30
scaffold,4,229,Cc1cccc(CN2CCN(C(c3ccccc3)c3ccc(Cl)cc3)CC2)c1,0,0.28490993217116434,0.5,0.50-0.70
scaffold,4,231,CC1C(c2ccccc2)OCCN1C,0,0.11139879640180922,0.25,<0.30
scaffold,4,258,CC(O)(P(=O)(O)O)P(=O)(O)O,0,0.10120288557541234,0.16129032258064516,<0.30
scaffold,4,263,CC#C[C@]1(O)CC[C@H]2[C@@H]3CCC4=CC(=O)CCC4=C3[C@@H](c3ccc(N(C)C)cc3)C[C@@]21C,0,0.39075278726163154,0.27710843373493976,<0.30
scaffold,4,267,Clc1ccc(C(c2ccccc2Cl)C(Cl)Cl)cc1,0,0.4758544710163522,0.2765957446808511,<0.30
scaffold,4,268,CC(C)=CCN1CC[C@@]2(C)c3cc(O)ccc3C[C@@H]1[C@@H]2C,0,0.014880656428958385,0.3770491803278688,0.30-0.50
scaffold,4,271,O.O.O.O=S(=O)([O-])OC[C@H]1O[C@@H](O[C@]2(COS(=O)(=O)[O-])O[C@H](OS(=O)(=O)[O-])[C@@H](OS(=O)(=O)[O-])[C@@H]2OS(=O)(=O)[O-])[C@H](OS(=O)(=O)[O-])[C@@H](OS(=O)(=O)[O-])[C@@H]1OS(=O)(=O)[O-].[Al],0,0.7087269535628417,0.21794871794871795,<0.30
scaffold,4,273,O.O=C([O-])[O-].O=C([O-])[O-].O=C([O-])[O-].[La+3].[La+3],0,0.7060308622038775,0.3125,0.30-0.50
scaffold,4,274,O=C(OC1CC2CC[C@@H](C1)[N+]21CCCC1)C(O)(c1ccccc1)c1ccccc1.[Cl-],0,0.029657667281518557,0.5833333333333334,0.50-0.70
scaffold,4,275,CC(C)C(=O)Oc1ccc(CO)cc1[C@H](CCN(C(C)C)C(C)C)c1ccccc1.O=C(O)/C=C/C(=O)O,0,0.17169179906102816,0.2535211267605634,<0.30
scaffold,4,298,CC(=O)[O-].CC(=O)[O-].[Ca+2],0,0.4467902260706128,0.375,0.30-0.50
scaffold,4,302,Cc1ccc(O)c([C@@H](CCN(C(C)C)C(C)C)c2ccccc2)c1,0,0.1566855176011354,0.26785714285714285,<0.30
scaffold,4,303,C=CCN.ClCC1CO1,0,0.18673485788145072,0.1875,<0.30
scaffold,4,307,C=CCN1C[C@H](C(=O)N(CCCN(C)C)C(=O)NCC)C[C@@H]2c3cccc4[nH]cc(c34)C[C@H]21,0,0.0116105684004044,0.32456140350877194,0.30-0.50
scaffold,4,311,C[C@H]1CN(C[C@H](Cc2ccccc2)C(=O)NCC(=O)O)CC[C@@]1(C)c1cccc(O)c1,0,0.0037028022264439624,0.29577464788732394,<0.30
scaffold,4,317,CCC(C)CCCCC(=O)NC(CCNCS(=O)(=O)[O-])C(=O)NC(C(=O)NC(CCNCS(=O)(=O)[O-])C(=O)NC1CCNC(=O)C(C(C)O)NC(=O)C(CCNCS(=O)(=O)[O-])NC(=O)C(CCNCS(=O)(=O)[O-])NC(=O)C(CC(C)C)NC(=O)C(CC(C)C)NC(=O)C(CCNCS(=O)(=O)[O-])NC1=O)C(C)O.[Na+].[Na+].[Na+].[Na+].[Na+],0,0.03604923183449322,0.7019230769230769,>=0.70
scaffold,4,328,CC[C@@]1(O)C(=O)OCc2c1cc1n(c2=O)Cc2cc3c(CN(C)C)c(O)ccc3nc2-1,0,0.6033206613124926,0.19387755102040816,<0.30
scaffold,4,330,CCCC(C)(COC(N)=O)COC(=O)NC(C)C,0,0.2228487019892557,0.696969696969697,0.50-0.70
scaffold,4,342,CCOC(=O)c1ncn2c1CN(C)C(=O)c1cc(F)ccc1-2,0,0.8507240773026431,0.2608695652173913,<0.30
scaffold,4,344,CCC(C)[C@H](N)C1=NCC(C(=O)N[C@@H](CC(C)C)C(=O)N[C@H](CCC(=O)O)C(=O)N[C@H](C(=O)N[C@H]2CCCCNC(=O)[C@H](CC(N)=O)NC(=O)[C@@H](CC(=O)O)NC(=O)[C@H](Cc3cnc[nH]3)NC(=O)[C@@H](Cc3ccccc3)NC(=O)[C@H](C(C)CC)NC(=O)[C@@H](CCCN)NC2=O)C(C)CC)S1,0,0.1510641750601931,0.40397350993377484,0.30-0.50
scaffold,4,345,NC(N)=NCCC[C@H](N)C(=O)O,0,0.3520044023556897,0.40625,0.30-0.50
scaffold,4,350,CNCCCC1c2ccccc2C=Cc2ccccc21,0,0.5375979022987168,0.29545454545454547,<0.30
scaffold,4,351,CCCCCCC(C)(C)c1cc(O)c2c(c1)OC(C)(C)[C@@H]1CCC(=O)C[C@@H]21,0,0.3880131782629338,0.2261904761904762,<0.30
scaffold,4,355,CCCCCN(C)CCC(O)(P(=O)(O)O)P(=O)(O)O,0,0.08103883641612496,0.21052631578947367,<0.30
scaffold,4,359,COC(=O)[C@H]1[C@H]2C[C@@H]3c4[nH]c5cc(OC)ccc5c4CCN3C[C@H]2C[C@@H](OC(=O)c2cc(OC)c(OC)c(OC)c2)[C@@H]1OC,0,0.31149518712179297,0.23529411764705882,<0.30
scaffold,4,381,O=S([O-])([O-])=S.[Na+].[Na+],0,0.512684298743125,0.17857142857142858,<0.30
scaffold,4,382,CC[C@H](C)[C@@H]1NC(=O)[C@H](CCCNC(=N)N)NC(=O)[C@H](CC(=O)O)NC(=O)[C@H](CCSC)NC(=O)[C@H](CCCCN)NC(=O)[C@H](CCCNC(=N)N)NC(=O)CNC(=O)[C@H](Cc2ccccc2)NC(=O)[C@@H](NC(=O)CNC(=O)[C@H](CO)NC(=O)CNC(=O)[C@H](CCC(N)=O)NC(=O)[C@@H](NC(=O)[C@H](CCSC)NC(=O)[C@H](CCCCN)NC(=O)[C@@H]2CCCN2C(=O)[C@@H](N)CO)C(C)C)CSSC[C@@H](C(=O)N[C@@H](CCCCN)C(=O)N[C@H](C(=O)N[C@@H](CC(C)C)C(=O)N[C@@H](CCCNC(=N)N)C(=O)N[C@@H](CCCNC(=N)N)C(=O)N[C@@H](CC2C=NC=N2)C(=O)O)C(C)C)NC(=O)CNC(=O)[C@H](CC(C)C)NC(=O)CNC(=O)[C@H](CO)NC(=O)[C@H](CO)NC(=O)[C@H](CO)NC(=O)[C@H](CO)NC1=O,0,0.00015516064256673176,0.49416342412451364,0.30-0.50
scaffold,4,383,CCNC(=NCCCC[C@H](NC(=O)[C@H](CC(C)C)NC(=O)[C@@H](CCCCN=C(NCC)NCC)NC(=O)[C@H](Cc1ccc(O)cc1)NC(=O)[C@H](CO)NC(=O)[C@@H](Cc1cccnc1)NC(=O)[C@@H](Cc1ccc(Cl)cc1)NC(=O)[C@@H](Cc1ccc2ccccc2c1)NC(C)=O)C(=O)N1CCC[C@H]1C(=O)N[C@H](C)C(N)=O)NCC,0,0.22293042119884063,0.40789473684210525,0.30-0.50
scaffold,4,387,C[NH+](C)CCOC(c1ccccc1)c1ccccc1.Cn1c2nc(Cl)nc-2c([O-])n(C)c1=O,0,0.6236912843737518,0.2571428571428571,<0.30
scaffold,4,398,NCCc1cnc[nH]1.O=P(O)(O)O.O=P(O)(O)O,0,0.04017803395564124,0.2537313432835821,<0.30
scaffold,4,406,CSCC[C@H](NC(=O)[C@H](Cc1c[nH]c2ccccc12)NC(=O)CCNC(=O)OCC(C)C)C(=O)N[C@@H](CC(=O)O)C(=O)N[C@@H](Cc1ccccc1)C(N)=O,0,0.0829613523167218,0.6354166666666666,0.50-0.70
scaffold,4,410,CC(=O)O[C@H]1C[C@@H]2CC[C@@H]3[C@H](CC[C@@]4(C)[C@H]3C[C@H]([N+]3(C)CCCCC3)[C@@H]4OC(C)=O)[C@@]2(C)C[C@@H]1N1CCCCC1.[Br-],0,0.011648877802416935,0.7936507936507936,>=0.70
scaffold,4,411,COc1ccc(CC2c3cc(OC)c(OC)cc3CC[N+]2(C)CCC(=O)OCCCCCOC(=O)CC[N+]2(C)CCc3cc(OC)c(OC)cc3C2Cc2ccc(OC)c(OC)c2)cc1OC,0,0.07492919135779434,0.8095238095238095,>=0.70
scaffold,4,419,C=CC[N+]1([C@H]2C[C@H]3[C@@H]4CC[C@H]5C[C@H](O)[C@@H](N6CCOCC6)C[C@]5(C)[C@H]4CC[C@]3(C)[C@H]2OC(C)=O)CCCC1,0,0.011813464528439824,0.5061728395061729,0.50-0.70
scaffold,4,426,COCCNC(=O)CN(CCN(CCN(CC(=O)[O-])CC(=O)NCCOC)CC(=O)[O-])CC(=O)[O-].[Gd+3],0,0.014345588877179903,0.37254901960784315,0.30-0.50
scaffold,4,429,NCC[C@H](O)C(=O)N[C@@H]1C[C@H](N)[C@@H](O[C@H]2O[C@H](CN)[C@@H](O)[C@H](O)[C@H]2O)[C@H](O)[C@H]1O[C@H]1O[C@H](CO)[C@@H](O)[C@H](N)[C@H]1O,0,0.032997904206964246,0.45588235294117646,0.30-0.50
scaffold,4,442,C/C(=N\O)[C@@H](C)NCC(C)(C)CN[C@H](C)/C(C)=N/O,0,0.1576455121600005,0.2,<0.30
scaffold,4,443,NC(=O)CCC1NC(=O)C(Cc2ccccc2)NC(=O)C(Cc2ccc(O)cc2)NC(=O)C(N)CSSCC(C(=O)N2CCCC2C(=O)NC(CCCN=C(N)N)C(=O)NCC(N)=O)NC(=O)C(CC(N)=O)NC1=O,0,0.0013551622910448523,0.7090909090909091,>=0.70
scaffold,4,444,O=C([O-])O.[Na+],0,0.5686351732697559,0.4,0.30-0.50
scaffold,4,447,Nc1nc(=O)c2c([nH]1)NCC(CNc1ccc(C(=O)NC(CCC(=O)O)C(=O)O)cc1)N2C=O,0,0.32816429186057416,0.2875,<0.30
scaffold,4,448,CN1c2c([nH]c(N)nc2=O)NC[C@@H]1CNc1ccc(C(=O)N[C@@H](CCC(=O)[O-])C(=O)[O-])cc1.[Ca+2],0,0.43012071209247577,0.3037974683544304,0.30-0.50
scaffold,4,449,COc1cccc2c1C(=O)c1c(O)c3c(c(O)c1C2=O)C[C@@](O)(C(C)=O)C[C@@H]3O[C@H]1C[C@H](N)[C@H](O)[C@H](C)O1,0,0.8276520433688359,0.20353982300884957,<0.30
scaffold,5,11,O=C(O)CCCCCC[NH2+]C1c2ccccc2CCc2ccccc21.[Cl-],1,0.0626602534554308,0.2926829268292683,<0.30
scaffold,5,14,CCC1(c2ccccc2)C(=O)NC(=O)NC1=O.CCCCOCC(CN1C(=O)N(CC(COCCCC)OC(N)=O)C(=O)C(CC)(c2ccccc2)C1=O)OC(N)=O.CCCCOCC(CN1C(=O)NC(=O)C(CC)(c2ccccc2)C1=O)OC(N)=O,1,0.5836249469168211,0.22077922077922077,<0.30
scaffold,5,20,CC(c1cc2ccccc2s1)N(O)C(N)=O,1,0.8387878612491828,0.26666666666666666,<0.30
scaffold,5,24,COc1ccc([C@@H]2Sc3ccccc3N(CCN(C)C)C(=O)[C@@H]2OC(C)=O)cc1,1,0.8746908123428903,0.2465753424657534,<0.30
scaffold,5,28,C[C@]12CC[C@H]3[C@@H](CCC4=CC(=O)CC[C@@]43C)[C@@H]1CC[C@@H]2O,1,0.1349316117132518,0.34285714285714286,0.30-0.50
scaffold,5,29,S=c1nc[nH]c2nc[nH]c12,1,0.7422398736017408,0.3142857142857143,0.30-0.50
scaffold,5,30,CC(=O)Nc1ccc(O)cc1,1,0.6176754434491973,0.2727272727272727,<0.30
scaffold,5,31,O=C1NC(=O)C(c2ccccc2)(c2ccccc2)N1,1,0.48563648073527477,0.2894736842105263,<0.30
scaffold,5,32,O=c1ncnc2[nH][nH]cc1-2,1,0.6556911487830785,0.16666666666666666,<0.30
scaffold,5,36,O=C1CN(/N=C\c2ccc([N+](=O)[O-])o2)C(=O)N1,1,0.9468390145157426,0.673469387755102,0.50-0.70
scaffold,5,45,C[C@](N)(Cc1ccc(O)c(O)c1)C(=O)O,1,0.5833950095844262,0.3125,0.30-0.50
scaffold,5,47,Nc1ccc(C(=O)O)c(O)c1,1,0.9309823536462085,0.325,0.30-0.50
scaffold,5,54,Nc1nc(NC2CC2)c2ncn(C3C=C[C@H](CO)C3)c2n1,1,0.1440123769396562,0.26865671641791045,<0.30
scaffold,5,55,CCCSc1ccc2nc(NC(=O)OC)[nH]c2c1,1,0.6472796835666309,0.19230769230769232,<0.30
scaffold,5,57,C[C@](O)(CS(=O)(=O)c1ccc(F)cc1)C(=O)Nc1ccc(C#N)c(C(F)(F)F)c1,1,0.7573192238380647,0.24691358024691357,<0.30
scaffold,5,58,NC(=O)NO,1,0.6669781845954301,0.21739130434782608,<0.30
scaffold,5,61,Cn1cc[nH]c1=S,1,0.6839195274923687,0.1891891891891892,<0.30
scaffold,5,69,Nc1ccn([C@@H]2O[C@H](CO)[C@@H](O)C2(F)F)c(=O)n1,1,0.7799154358014562,0.27419354838709675,<0.30
scaffold,5,70,Cc1ccc(C)c(OCCCC(C)(C)C(=O)O)c1,1,0.18880516980780496,0.22950819672131148,<0.30
scaffold,5,71,COc1cc2ncnc(Nc3ccc(F)c(Cl)c3)c2cc1OCCCN1CCOCC1,1,0.9331671283605857,0.40789473684210525,0.30-0.50
scaffold,5,73,CC(C)c1c(C(=O)Nc2ccccc2)c(-c2ccccc2)c(-c2ccc(F)cc2)n1CC[C@@H](O)C[C@@H](O)CC(=O)O,1,0.32302886994841734,0.21794871794871795,<0.30
scaffold,5,81,CCC(C)n1ncn(-c2ccc(N3CCN(c4ccc(OC[C@H]5CO[C@](Cn6cncn6)(c6ccc(Cl)cc6Cl)O5)cc4)CC3)cc2)c1=O,1,0.9782628309745613,0.5531914893617021,0.50-0.70
scaffold,5,88,Cc1nc(-c2ccc(OCC(C)C)c(C#N)c2)sc1C(=O)O,1,0.7702546145563581,0.20588235294117646,<0.30
scaffold,5,92,C[C@]12CC[C@H]3[C@@H](CCC4=CC(=O)CC[C@@H]43)[C@@H]1CC[C@@H]2O,1,0.20646899972504684,0.36231884057971014,0.30-0.50
scaffold,5,94,C=C1C[C@@H]2[C@H](CC[C@]3(C)C(=O)CC[C@@H]23)[C@@]2(C)C=CC(=O)C=C12,1,0.18976209494359222,0.23809523809523808,<0.30
scaffold,5,95,O=C1NC(c2ccccc2)(c2ccccc2)C(=O)N1COP(=O)(O)O,1,0.5572621714734415,0.2653061224489796,<0.30
scaffold,5,96,COc1cc(C)c(/C=C/C(C)=C/C=C/C(C)=C\C(=O)O)c(C)c1C,1,0.9251311589325912,0.42857142857142855,0.30-0.50
scaffold,5,102,CC(C)C(=O)Nc1ccc([N+](=O)[O-])c(C(F)(F)F)c1,1,0.8069983237015159,0.4,0.30-0.50
scaffold,5,107,C[C@]12CC(=CO)C(=O)C[C@@H]1CC[C@@H]1[C@@H]2CC[C@@]2(C)[C@H]1CC[C@]2(C)O,1,0.056722514942726475,0.23376623376623376,<0.30
scaffold,5,108,C#C[C@]1(O)CC[C@H]2[C@@H]3CCC4=Cc5oncc5C[C@]4(C)[C@H]3CC[C@@]21C,1,0.12404546111742727,0.2087912087912088,<0.30
scaffold,5,112,Cc1cccc(C)c1OCC(C)N,1,0.5899065986724397,0.24444444444444444,<0.30
scaffold,5,114,C[C@]12COC(=O)C[C@@H]1CC[C@@H]1[C@@H]2CC[C@@]2(C)[C@H]1CC[C@]2(C)O,1,0.10352653590951745,0.24390243902439024,<0.30
scaffold,5,119,CCN(CC)CCNC(=O)c1c(C)[nH]c(/C=C2\C(=O)Nc3ccc(F)cc32)c1C,1,0.9362498205651683,0.24691358024691357,<0.30
scaffold,5,120,Cc1ccc(Nc2nccc(N(C)c3ccc4c(C)n(C)nc4c3)n2)cc1S(N)(=O)=O,1,0.9610162524555215,0.25773195876288657,<0.30
scaffold,5,125,NC(=O)OCC(COC(N)=O)c1ccccc1,1,0.35437484799113417,0.3170731707317073,0.30-0.50
scaffold,5,126,Nc1ccn([C@@H]2O[C@H](CO)[C@@H](O)[C@@H]2O)c(=O)n1,1,0.2718373585015834,0.46153846153846156,0.30-0.50
scaffold,5,129,C1CCC(C(CC2CCCCN2)C2CCCCC2)CC1,1,0.09169309047520828,0.16666666666666666,<0.30
scaffold,5,136,NC1=NC(=O)C(c2ccccc2)O1,1,0.8777292152310873,0.23255813953488372,<0.30
scaffold,5,139,CC(C)Cc1ccc(CC(=O)O)cc1,1,0.36567805495913164,0.3055555555555556,0.30-0.50
scaffold,5,143,NC(=O)NS(=O)(=O)c1ccc(N)cc1,1,0.9710233212445126,0.4473684210526316,0.30-0.50
scaffold,5,149,CC(=O)Oc1cc(C(C)C)c(OCCN(C)C)cc1C,1,0.46771654897031323,0.2962962962962963,<0.30
scaffold,5,152,CC(C)Nc1ncccn1,1,0.43597229780471247,0.2571428571428571,<0.30
scaffold,5,154,CC(COc1ccccc1)NN,1,0.6205808779258252,0.40476190476190477,0.30-0.50
scaffold,5,162,CCCCCCCCNC(C)C(O)c1ccc(SC(C)C)cc1,1,0.6301837788184194,0.20689655172413793,<0.30
scaffold,5,164,CC(NN)c1ccccc1,1,0.6594745675434078,0.3076923076923077,0.30-0.50
scaffold,5,165,O=C(CCNNC(=O)c1ccncc1)NCc1ccccc1,1,0.6952968579410315,0.40476190476190477,0.30-0.50
scaffold,5,168,O=C(O)Cc1csc(-c2ccc(Cl)cc2)n1,1,0.9322747849163235,0.288135593220339,<0.30
scaffold,5,171,CC(N)C(=O)OC(C)(C)Cc1ccc(Cl)cc1,1,0.24404671776115386,0.23728813559322035,<0.30
scaffold,5,172,C=CCOc1ccc(CC(=O)O)cc1Cl,1,0.6238808559567212,0.27450980392156865,<0.30
scaffold,5,188,CN1CCC[C@@H]1CCO[C@](C)(c1ccccc1)c1ccc(Cl)cc1,0,0.011935172494323416,0.3157894736842105,0.30-0.50
scaffold,5,201,CCOC(=O)C1(c2ccccc2)CCN(CCC(C#N)(c2ccccc2)c2ccccc2)CC1,0,0.00325688976862988,0.6078431372549019,0.50-0.70
scaffold,5,202,O=c1[nH]c2ccccc2n1C1CCN(CCCC(c2ccc(F)cc2)c2ccc(F)cc2)CC1,0,0.05484337856222903,0.3972602739726027,0.30-0.50
scaffold,5,204,CN(C)C(=O)C(CCN1CCC(O)(c2ccc(Cl)cc2)CC1)(c1ccccc1)c1ccccc1,0,0.035796343454400636,0.3064516129032258,0.30-0.50
scaffold,5,205,CC(COc1ccccc1)NC(C)C(O)c1ccc(O)cc1,0,0.19183668171457974,0.32075471698113206,0.30-0.50
scaffold,5,206,CN[C@@H](C)[C@@H](O)c1ccccc1,0,0.5235433953022616,0.3076923076923077,0.30-0.50
scaffold,5,207,CC(C)NCC(O)c1ccc(O)c(O)c1,0,0.47266500103955505,0.43137254901960786,0.30-0.50
scaffold,5,208,CCC1(c2ccccc2)C(=O)NCNC1=O,0,0.42529172218514083,0.3170731707317073,0.30-0.50
scaffold,5,209,C[C@]12CCC(=O)C=C1CC[C@H]1[C@@H]3CC[C@](O)(C(=O)CO)[C@@]3(C)C[C@H](O)[C@@]12F,0,0.28139383779831983,0.2808988764044944,<0.30
scaffold,5,227,CN[C@@H](C)Cc1ccccc1,0,0.38184527435004695,0.45161290322580644,0.30-0.50
scaffold,5,232,C[C@](N)(Cc1ccc(O)cc1)C(=O)O,0,0.2963903822144899,0.25,<0.30
scaffold,5,234,CN(CCOc1ccc(NS(C)(=O)=O)cc1)CCc1ccc(NS(C)(=O)=O)cc1,0,0.8306154245860001,0.37681159420289856,0.30-0.50
scaffold,5,235,COc1ccccc1OCC(O)CO,0,0.26621419878844016,0.4339622641509434,0.30-0.50
scaffold,5,236,OCCOCCN1CCN(C(c2ccccc2)c2ccc(Cl)cc2)CC1,0,0.01614265477744144,0.5,0.50-0.70
scaffold,5,237,COc1ccc(OC)c(C(O)CNC(=O)CN)c1,0,0.23937548617847007,0.24615384615384617,<0.30
scaffold,5,242,O=C(CCCCCCC(=O)Nc1ccccc1)NO,0,0.4186544449846027,0.38095238095238093,0.30-0.50
scaffold,5,244,CN1C[C@H](C(=O)N[C@]2(C)O[C@@]3(O)[C@@H]4CCCN4C(=O)[C@H](Cc4ccccc4)N3C2=O)C[C@@H]2c3cccc4[nH]cc(c34)C[C@H]21,0,0.01849146290276737,0.32456140350877194,0.30-0.50
scaffold,5,245,NS(=O)(=O)c1cc(Cl)c(Cl)c(S(N)(=O)=O)c1,0,0.6946642063690288,0.1590909090909091,<0.30
scaffold,5,249,Cc1ccc(N(CC2=NCCN2)c2cccc(O)c2)cc1,0,0.18142949235264466,0.2153846153846154,<0.30
scaffold,5,250,NC(N)=NCCN1CCCCCCC1,0,0.034272414715103686,0.3142857142857143,0.30-0.50
scaffold,5,251,C[C@H](N)Cc1ccccc1,0,0.24509888956711923,0.4827586206896552,0.30-0.50
scaffold,5,252,O=C(NC(CO)C(O)c1ccc([N+](=O)[O-])cc1)C(Cl)Cl,0,0.5867938509162732,0.24074074074074073,<0.30
scaffold,5,253,CC(C)NCC(O)c1cc(O)cc(O)c1,0,0.343802831454948,0.32075471698113206,0.30-0.50
scaffold,5,256,C[C@]12CCC(=O)C=C1CC[C@@H]1[C@@H]2[C@@H](O)C[C@@]2(C)[C@H]1CC[C@]2(O)C(=O)CO,0,0.10427842904509788,0.3950617283950617,0.30-0.50
scaffold,5,257,N=c1nc(N2CCCCC2)cc(N)n1O,0,0.22912775114439274,0.18840579710144928,<0.30
scaffold,5,259,C#CCN(C)[C@H](C)Cc1ccccc1,0,0.14701080202733918,0.625,0.50-0.70
scaffold,5,261,CN(C)CCc1c[nH]c2ccc(Cn3cncn3)cc12,0,0.48028872018482316,0.5084745762711864,0.50-0.70
scaffold,5,262,CC1(C)S[C@@H]2[C@H](NC(=O)COc3ccccc3)C(=O)N2[C@H]1C(=O)O,0,0.6923293343443613,0.21212121212121213,<0.30
scaffold,5,264,CCC(c1cccc(O)c1)C(C)CN(C)C,0,0.42650277474670245,0.26666666666666666,<0.30
scaffold,5,277,CCN(C(C)=O)c1cccc(-c2ccnc3c(C#N)cnn23)c1,0,0.603740974091555,0.18666666666666668,<0.30
scaffold,5,281,CC(=O)OCC(=O)[C@@]1(O)CC[C@H]2[C@@H]3CCC4=CC(=O)CC[C@]4(C)[C@H]3C(=O)C[C@@]21C,0,0.11185414717719137,0.24175824175824176,<0.30
scaffold,5,290,C=Cc1ccccc1S(=O)(=O)[O-].[Ca+2],0,0.6365794753278544,0.17857142857142858,<0.30
scaffold,5,291,CCN(CC)C(C)C(=O)c1ccccc1,0,0.5869676173089732,0.3333333333333333,0.30-0.50
scaffold,5,295,OC[C@H]1O[C@@H](O[C@@H]2[C@@H](CO)O[C@](O)(CO)[C@H]2O)[C@H](O)[C@@H](O)[C@H]1O,0,0.22349243986862827,0.43137254901960786,0.30-0.50
scaffold,5,301,O=P(O)(O)C(Sc1ccc(Cl)cc1)P(=O)(O)O,0,0.4088683342628948,0.225,<0.30
scaffold,5,304,CC(C)(C)NCC(O)c1ccc(O)c(CO)c1,0,0.24596322474250418,0.3220338983050847,0.30-0.50
scaffold,5,305,CN1[C@@H]2CC[C@@H]1CC(OC(c1ccccc1)c1ccccc1)C2,0,0.10556835897241482,0.5227272727272727,0.50-0.70
scaffold,5,308,CC(=O)Oc1ccccc1C(=O)Nc1ncc([N+](=O)[O-])s1,0,0.9746209294618459,0.22388059701492538,<0.30
scaffold,5,314,Cc1nc2n(c(=O)c1CCN1CCC(c3noc4cc(F)ccc34)CC1)CCCC2O,0,0.41074663668011624,0.20430107526881722,<0.30
scaffold,5,315,CC(O)C(O)C1CNc2[nH]c(N)nc(=O)c2N1,0,0.0604149216835225,0.3037974683544304,0.30-0.50
scaffold,5,317,CCC(C)CCCCC(=O)NC(CCNCS(=O)(=O)[O-])C(=O)NC(C(=O)NC(CCNCS(=O)(=O)[O-])C(=O)NC1CCNC(=O)C(C(C)O)NC(=O)C(CCNCS(=O)(=O)[O-])NC(=O)C(CCNCS(=O)(=O)[O-])NC(=O)C(CC(C)C)NC(=O)C(CC(C)C)NC(=O)C(CCNCS(=O)(=O)[O-])NC1=O)C(C)O.[Na+].[Na+].[Na+].[Na+].[Na+],0,0.026204492757704183,0.7019230769230769,>=0.70
scaffold,5,320,Cc1cc2nc3c(=O)[nH]c(=O)nc-3n(C[C@@H](O)[C@@H](O)[C@@H](O)CO)c2cc1C,0,0.2954693709123134,0.2127659574468085,<0.30
scaffold,5,321,C#C[C@]1(O)CC[C@H]2[C@@H]3CCC4=CC(=O)CC[C@@H]4[C@H]3CC[C@@]21CC,0,0.21590158068008272,0.27710843373493976,<0.30
scaffold,5,323,O=[N+]([O-])OCC(CO[N+](=O)[O-])O[N+](=O)[O-],0,0.29001727553455636,0.21212121212121213,<0.30
scaffold,5,325,CN[C@@H](C)[C@H](O)c1ccccc1,0,0.5235433953022616,0.3076923076923077,0.30-0.50
scaffold,5,326,CN1CCCN=C1/C=C/c1cccs1,0,0.8682767122269694,0.21818181818181817,<0.30
scaffold,5,327,Fc1ccccc1C1=NCC(=S)N(CC(F)(F)F)c2ccc(Cl)cc21,0,0.5217758269587693,0.5166666666666667,0.50-0.70
scaffold,5,332,CC(=O)Oc1ccc(C(c2ccc(OC(C)=O)cc2)c2ccccn2)cc1,0,0.5006249855025394,0.36,0.30-0.50
scaffold,5,336,CC[N+](C)(C)c1cccc(O)c1,0,0.43698126357727174,0.20833333333333334,<0.30
scaffold,5,337,NCCc1ccc(O)c(O)c1,0,0.2475861216759963,0.41025641025641024,0.30-0.50
scaffold,5,339,CN[C@@H]1[C@H](O[C@H]2[C@H](O[C@H]3[C@H](O)[C@@H](O)[C@H](N=C(N)N)[C@@H](O)[C@@H]3N=C(N)N)O[C@@H](C)[C@]2(O)C=O)O[C@@H](CO)[C@H](O)[C@H]1O,0,0.6091458086257855,0.26744186046511625,<0.30
scaffold,5,343,CCN(CC)CC(=O)Nc1c(C)cccc1C,0,0.8247384889794436,0.3617021276595745,0.30-0.50
scaffold,5,347,CC[C@]1(O)C[C@@H]2CN(CCc3c([nH]c4ccccc34)[C@@](C(=O)OC)(c3cc4c(cc3OC)N(C)[C@H]3[C@@](O)(C(=O)OC)[C@H](OC(C)=O)[C@]5(CC)C=CCN6CC[C@]43[C@@H]65)C2)C1,0,0.27758515394780603,0.23529411764705882,<0.30
scaffold,5,355,CCCCCN(C)CCC(O)(P(=O)(O)O)P(=O)(O)O,0,0.1071231767933557,0.28125,<0.30
scaffold,5,356,CO[C@H]1C[C@@H]2CC[C@@H](C)[C@@](O)(O2)C(=O)C(=O)N2CCCC[C@H]2C(=O)O[C@H]([C@H](C)C[C@@H]2CC[C@@H](OC(=O)C(C)(CO)CO)[C@H](OC)C2)CC(=O)[C@H](C)/C=C(\C)[C@@H](O)[C@@H](OC)C(=O)[C@H](C)C[C@H](C)/C=C/C=C/C=C/1C,0,0.03910461367373026,0.19047619047619047,<0.30
scaffold,5,360,OC(CCN1CCCCC1)(c1ccccc1)C1CCCCC1,0,0.0028920845191807076,1.0,>=0.70
scaffold,5,363,Oc1ccc2c3c1OC1[C@@H](O)CC[C@@]4(O)[C@@H](C2)N(CC2CCC2)CC[C@]314,0,0.06371022442760196,0.4861111111111111,0.30-0.50
scaffold,5,364,CCC(=O)N(c1ccccc1)C1(COC)CCN(CCc2cccs2)CC1,0,0.25905138452798565,0.6153846153846154,0.50-0.70
scaffold,5,370,Nc1ccc(C(=O)NCC(=O)O)cc1,0,0.8225744716840379,0.37209302325581395,0.30-0.50
scaffold,5,373,CNC(=O)c1c(I)c(NC(C)=O)c(I)c(C(=O)O)c1I,0,0.1846750798445766,0.3333333333333333,0.30-0.50
scaffold,5,379,O=C(NCC(O)CO)c1c(I)c(C(=O)NCC(O)CO)c(I)c(N(CCO)C(=O)CO)c1I,0,0.03305910648581675,0.18461538461538463,<0.30
scaffold,5,391,CCCC(=O)OCOC(=O)C1=C(C)NC(C)=C(C(=O)OC)C1c1cccc(Cl)c1Cl,0,0.9290382481030002,0.22388059701492538,<0.30
scaffold,5,394,Cn1c(CCCC(=O)O)nc2cc(N(CCCl)CCCl)ccc21,0,0.6275118718825807,0.21621621621621623,<0.30
scaffold,5,399,NC[C@H](O)c1ccc(O)c(O)c1,0,0.17636633995567455,0.3076923076923077,0.30-0.50
scaffold,5,400,CNC[C@H](O)c1ccc(O)c(O)c1,0,0.3799434804391987,0.36538461538461536,0.30-0.50
scaffold,5,402,CC(=O)Nc1c(I)c(NC(C)=O)c(I)c(C(=O)O)c1I,0,0.3499455072963884,0.38461538461538464,0.30-0.50
scaffold,5,406,CSCC[C@H](NC(=O)[C@H](Cc1c[nH]c2ccccc12)NC(=O)CCNC(=O)OCC(C)C)C(=O)N[C@@H](CC(=O)O)C(=O)N[C@@H](Cc1ccccc1)C(N)=O,0,0.012819326406366852,0.6354166666666666,0.50-0.70
scaffold,5,409,CCCCC[C@](C)(O)/C=C/[C@@H]1[C@@H](C/C=C/CCCC(=O)O)[C@@H](O)C[C@H]1O,0,0.039748767940524274,0.3508771929824561,0.30-0.50
scaffold,5,421,CCCCCCCN(CC)CCCC(O)c1ccc(NS(C)(=O)=O)cc1,0,0.7455412722215142,0.33783783783783783,0.30-0.50
scaffold,5,422,NC(=O)C1CSSCCC(=O)NC(CCCCN=C(N)N)C(=O)NCC(=O)NC(CC(=O)O)C(=O)NC(Cc2c[nH]c3ccccc23)C(=O)N2CCCC2C(=O)N1,0,0.053537369532939215,0.34057971014492755,0.30-0.50
scaffold,5,430,CNC[C@H](O)[C@@H](O)[C@H](O)[C@H](O)CO.CNC[C@H](O)[C@@H](O)[C@H](O)[C@H](O)CO.O=C([O-])CN(CCN(CC(=O)[O-])CC(=O)O)CCN(CC(=O)O)C(COCc1ccccc1)C(=O)[O-].[Gd+3],0,0.2574962542164457,0.6229508196721312,0.50-0.70
scaffold,5,431,Cc1nc2c([nH]1)CCN(C(=O)c1ccc(NC(=O)c3ccccc3-c3ccccc3)cc1)c1ccccc1-2,0,0.9353560406960367,0.313953488372093,0.30-0.50
scaffold,5,432,CC1(C)SC(C(NC(=O)Cc2ccccc2)C(=O)NCCCCCC(=O)O)NC1C(=O)O,0,0.1848516353252606,0.24786324786324787,<0.30
scaffold,5,434,COC(=O)CCc1ccc(OCC(O)CNC(C)C)cc1,0,0.5371482435446199,0.39285714285714285,0.30-0.50
scaffold,5,438,CSCC[C@H](N)C(=O)O,0,0.10281549423727283,0.40625,0.30-0.50
scaffold,5,440,CN1CCc2cccc3c2[C@H]1Cc1ccc(O)c(O)c1-3,0,0.0755453018078663,0.27941176470588236,<0.30
scaffold,5,441,C#CC1(OC(C)=O)CCC2C3CCC4=CC(=O)CCC4C3CCC21C,0,0.29507739165811175,0.25287356321839083,<0.30
scaffold,5,446,NCCc1ccc(O)cc1,0,0.19842533299028287,0.3333333333333333,0.30-0.50
scaffold,6,8,COc1ccc(Cc2nccc3cc(OC)c(OC)cc23)cc1OC,1,0.6350241159119367,0.25,<0.30
scaffold,6,12,NC1[C@H]2CN(c3nc4c(cc3F)c(=O)c(C(=O)O)cn4-c3ccc(F)cc3F)C[C@@H]12,1,0.9811004709715263,0.3561643835616438,0.30-0.50
scaffold,6,15,NC(N)=Nc1nc(CSCCN=CNS(=O)(=O)c2ccc(Br)cc2)cs1,1,0.9315293355980941,0.21875,<0.30
scaffold,6,20,CC(c1cc2ccccc2s1)N(O)C(N)=O,1,0.9029656292911725,0.26666666666666666,<0.30
scaffold,6,21,O=c1[nH]c2cc(Cl)ccc2o1,1,0.9255484657748542,0.23636363636363636,<0.30
scaffold,6,32,O=c1ncnc2[nH][nH]cc1-2,1,0.647766487446886,0.16666666666666666,<0.30
scaffold,6,41,COc1ccc2c(c1)c(CC(=O)O)c(C)n2C(=O)c1ccc(Cl)cc1,1,0.9692840224159401,0.5172413793103449,0.50-0.70
scaffold,6,44,O=c1nc[nH]c2c1ncn2[C@H]1CC[C@@H](CO)O1,1,0.8812790352991603,0.2698412698412698,<0.30
scaffold,6,55,CCCSc1ccc2nc(NC(=O)OC)[nH]c2c1,1,0.4913679952066851,0.19402985074626866,<0.30
scaffold,6,66,CCN(CC)C(=O)[C@]1(c2ccccc2)C[C@@H]1CN,1,0.18780073548342327,0.3018867924528302,0.30-0.50
scaffold,6,68,CCCN(CCOc1c(Cl)cc(Cl)cc1Cl)C(=O)n1ccnc1.O=S(=O)([O-])C(I)I.[Na+],1,0.9693519896487004,0.2345679012345679,<0.30
scaffold,6,81,CCC(C)n1ncn(-c2ccc(N3CCN(c4ccc(OC[C@H]5CO[C@](Cn6cncn6)(c6ccc(Cl)cc6Cl)O5)cc4)CC3)cc2)c1=O,1,0.8633910681087437,0.5531914893617021,0.50-0.70
scaffold,6,94,C=C1C[C@@H]2[C@H](CC[C@]3(C)C(=O)CC[C@@H]23)[C@@]2(C)C=CC(=O)C=C12,1,0.530304328993957,0.2903225806451613,<0.30
scaffold,6,98,CCc1nn(CCCN2CCN(c3cccc(Cl)c3)CC2)c(=O)n1CCOc1ccccc1,1,0.6071284461917645,0.2376237623762376,<0.30
scaffold,6,106,O=C1CN(N=Cc2ccc(-c3ccc([N+](=O)[O-])cc3)o2)C(=O)N1,1,0.9436797118690109,0.673469387755102,0.50-0.70
scaffold,6,110,Cc1ccc(C(=O)c2cc(O)c(O)c([N+](=O)[O-])c2)cc1,1,0.8255695078974412,0.2727272727272727,<0.30
scaffold,6,111,Cc1oncc1C(=O)Nc1ccc(C(F)(F)F)cc1,1,0.7556434698426797,0.2727272727272727,<0.30
scaffold,6,120,Cc1ccc(Nc2nccc(N(C)c3ccc4c(C)n(C)nc4c3)n2)cc1S(N)(=O)=O,1,0.9760916866007882,0.25773195876288657,<0.30
scaffold,6,121,CCC[C@@]1(CCc2ccccc2)CC(=O)C([C@H](CC)c2cccc(NS(=O)(=O)c3ccc(C(F)(F)F)cn3)c2)=C(O)O1,1,0.5513101335248841,0.20618556701030927,<0.30
scaffold,6,128,Nc1c(CC(=O)O)cccc1C(=O)c1ccc(Br)cc1,1,0.9092775387535394,0.32653061224489793,0.30-0.50
scaffold,6,131,O=C(O)COc1ccc(C(=O)c2cccs2)c(Cl)c1Cl,1,0.9127855955215287,0.27586206896551724,<0.30
scaffold,6,132,C[C@H](N)C(=O)N[C@@H](C)C(=O)NC1[C@H]2CN(c3nc4c(cc3F)c(=O)c(C(=O)O)cn4-c3ccc(F)cc3F)C[C@@H]12,1,0.9713447778720586,0.2988505747126437,<0.30
scaffold,6,138,CC(C(=O)O)c1ccc2oc(-c3ccc(Cl)cc3)nc2c1,1,0.9769930544930574,0.37037037037037035,0.30-0.50
scaffold,6,140,O=C(O)c1cc(-c2ccccc2)nc2ccccc12,1,0.9808416934668718,0.28205128205128205,<0.30
scaffold,6,147,CCOC(=O)CN[C@@H](C(=O)N1CC[C@H]1C(=O)NCc1ccc(/C(N)=N/O)cc1)C1CCCCC1,1,0.3469576679709699,0.2403846153846154,<0.30
scaffold,6,153,NC(=O)C1CCN(CCCN2c3ccccc3Sc3ccc(Cl)cc32)CC1,1,0.9482598015015105,0.3548387096774194,0.30-0.50
scaffold,6,161,O=C(c1cc(O)c(O)c(O)c1)c1ccc(O)c(O)c1O,1,0.7342699386023934,0.3142857142857143,0.30-0.50
scaffold,6,163,CN(C)CC=C(c1ccc(Br)cc1)c1cccnc1,1,0.34097972296886114,0.35714285714285715,0.30-0.50
scaffold,6,166,CN(C)Cc1ccc(CSCCN/C(=C\[N+](=O)[O-])NCc2ccc3c(c2)OCO3)o1,1,0.7913596508135153,0.25,<0.30
scaffold,6,175,CC(=O)N[C@@H]1[C@@H](O[C@@H]2O[C@@H](C(=O)[O-])[C@@H](O)[C@H](O)[C@H]2O)[C@@H](OS(=O)(=O)[O-])[C@@H](CO)O[C@H]1O,1,0.28794862295793194,0.3333333333333333,0.30-0.50
scaffold,6,190,C[C@H]1O[C@@H](O[C@H]2[C@@H](O)C[C@H](O[C@H]3[C@@H](O)C[C@H](O[C@H]4CC[C@@]5(C)[C@H](CC[C@@H]6[C@@H]5C[C@@H](O)[C@]5(C)C(C7=CC(=O)OC7)CC[C@]65O)C4)O[C@@H]3C)O[C@@H]2C)C[C@H](O)[C@@H]1O,0,0.490486477335916,0.22988505747126436,<0.30
scaffold,6,196,O=C1OC([C@@H](O)CO)C(O)=C1O,0,0.09391357107543458,0.2,<0.30
scaffold,6,205,CC(COc1ccccc1)NC(C)C(O)c1ccc(O)cc1,0,0.1542257245821151,0.4878048780487805,0.30-0.50
scaffold,6,210,CC(C)(C(=O)O)c1ccc(C(O)CCCN2CCC(C(O)(c3ccccc3)c3ccccc3)CC2)cc1,0,0.002393997277152561,0.3472222222222222,0.30-0.50
scaffold,6,228,CNC1(C)C2CCC(C2)C1(C)C,0,0.2614308534870496,0.16,<0.30
scaffold,6,233,CN1CC[C@]23c4c5ccc(O)c4O[C@H]2[C@@H](O)C=C[C@H]3[C@H]1C5,0,0.05571422463771505,0.40298507462686567,0.30-0.50
scaffold,6,234,CN(CCOc1ccc(NS(C)(=O)=O)cc1)CCc1ccc(NS(C)(=O)=O)cc1,0,0.8091284479549528,0.37681159420289856,0.30-0.50
scaffold,6,236,OCCOCCN1CCN(C(c2ccccc2)c2ccc(Cl)cc2)CC1,0,0.013075078742351406,0.5,0.50-0.70
scaffold,6,241,NC(=O)C(c1ccccc1)(c1ccccc1)[C@@H]1CCN(CCc2ccc3c(c2)CCO3)C1,0,0.1805966522322794,0.30303030303030304,0.30-0.50
scaffold,6,243,Cc1ncc2n1-c1ccc(Cl)cc1C(c1ccccc1F)=NC2,0,0.5699581976348969,0.5166666666666667,0.50-0.70
scaffold,6,260,COc1cc2nc(N3CCN(C(=O)C4CCCO4)CC3)nc(N)c2cc1OC,0,0.44635783893958625,0.21739130434782608,<0.30
scaffold,6,263,CC#C[C@]1(O)CC[C@H]2[C@@H]3CCC4=CC(=O)CCC4=C3[C@@H](c3ccc(N(C)C)cc3)C[C@@]21C,0,0.4504719101896271,0.27710843373493976,<0.30
scaffold,6,266,Cc1c(-c2ccccc2)oc2c(C(=O)OCCN3CCCCC3)cccc2c1=O,0,0.3488906446078273,0.2716049382716049,<0.30
scaffold,6,272,O=C([O-])CCCO.[Na+],0,0.11877983950573283,0.2916666666666667,<0.30
scaffold,6,274,O=C(OC1CC2CC[C@@H](C1)[N+]21CCCC1)C(O)(c1ccccc1)c1ccccc1.[Cl-],0,0.03700508370906055,0.43636363636363634,0.30-0.50
scaffold,6,277,CCN(C(C)=O)c1cccc(-c2ccnc3c(C#N)cnn23)c1,0,0.5647972167589053,0.22972972972972974,<0.30
scaffold,6,285,CC(C)[N+](C)(CCOC(=O)C1c2ccccc2Oc2ccccc21)C(C)C,0,0.3837458222226129,0.28888888888888886,<0.30
scaffold,6,288,C[N+]1(C)CCCC(OC(=O)C(O)(c2ccccc2)c2ccccc2)C1,0,0.05364822205670422,0.6382978723404256,0.50-0.70
scaffold,6,292,OC(CCN1CCCCC1)(c1ccccc1)C1CC2C=CC1C2,0,0.002062804252003694,0.6086956521739131,0.50-0.70
scaffold,6,309,COc1ccccc1OCC(O)CN1CCN(CC(=O)Nc2c(C)cccc2C)CC1,0,0.022480450807795323,0.4339622641509434,0.30-0.50
scaffold,6,312,CCC(=O)NCC[C@@H]1CCc2ccc3c(c21)CCO3,0,0.8311389900500211,0.20270270270270271,<0.30
scaffold,6,315,CC(O)C(O)C1CNc2[nH]c(N)nc(=O)c2N1,0,0.10076114860115601,0.3037974683544304,0.30-0.50
scaffold,6,316,COc1ccc2c3c1O[C@H]1[C@@H](O)C=C[C@H]4[C@@H](C2)N(C)CC[C@@]341,0,0.0824506823219977,0.42857142857142855,0.30-0.50
scaffold,6,319,Clc1ccc2c(c1)C(c1ccccc1)=NCc1nncn1-2,0,0.8250180280659185,0.36507936507936506,0.30-0.50
scaffold,6,346,CC(=O)OCC[N+](C)(C)C,0,0.060723063156554194,0.6521739130434783,0.50-0.70
scaffold,6,362,Oc1ccc2c(c1)[C@@]13CCCC[C@@]1(O)[C@@H](C2)N(CC1CCC1)CC3,0,0.0236293367268109,0.4626865671641791,0.30-0.50
scaffold,6,365,COc1ccc(C[C@@H]2c3cc(OC)c(OC)cc3CC[N@+]2(C)CCC(=O)OCCCCCOC(=O)CC[N@@+]2(C)CCc3cc(OC)c(OC)cc3[C@H]2Cc2ccc(OC)c(OC)c2)cc1OC.O=S(=O)([O-])c1ccccc1.O=S(=O)([O-])c1ccccc1,0,0.06120172895903288,0.8095238095238095,>=0.70
scaffold,6,374,OC[C@H]1OC(O)[C@H](O)[C@@H](O)[C@@H]1O,0,0.19373609323408572,0.3783783783783784,0.30-0.50
scaffold,6,377,CSCC[C@H](NC(=O)[C@H](Cc1ccc(OS(=O)(=O)O)cc1)NC(=O)[C@@H](N)CC(=O)O)C(=O)NCC(=O)N[C@@H](Cc1c[nH]c2ccccc12)C(=O)N[C@@H](CCSC)C(=O)N[C@@H](CC(=O)O)C(=O)N[C@@H](Cc1ccccc1)C(N)=O,0,0.09101592926298946,0.6354166666666666,0.50-0.70
scaffold,6,382,CC[C@H](C)[C@@H]1NC(=O)[C@H](CCCNC(=N)N)NC(=O)[C@H](CC(=O)O)NC(=O)[C@H](CCSC)NC(=O)[C@H](CCCCN)NC(=O)[C@H](CCCNC(=N)N)NC(=O)CNC(=O)[C@H](Cc2ccccc2)NC(=O)[C@@H](NC(=O)CNC(=O)[C@H](CO)NC(=O)CNC(=O)[C@H](CCC(N)=O)NC(=O)[C@@H](NC(=O)[C@H](CCSC)NC(=O)[C@H](CCCCN)NC(=O)[C@@H]2CCCN2C(=O)[C@@H](N)CO)C(C)C)CSSC[C@@H](C(=O)N[C@@H](CCCCN)C(=O)N[C@H](C(=O)N[C@@H](CC(C)C)C(=O)N[C@@H](CCCNC(=N)N)C(=O)N[C@@H](CCCNC(=N)N)C(=O)N[C@@H](CC2C=NC=N2)C(=O)O)C(C)C)NC(=O)CNC(=O)[C@H](CC(C)C)NC(=O)CNC(=O)[C@H](CO)NC(=O)[C@H](CO)NC(=O)[C@H](CO)NC(=O)[C@H](CO)NC1=O,0,6.036928878092888e-05,0.49416342412451364,0.30-0.50
scaffold,6,384,CC[C@H](C)[C@H](NC(=O)[C@@H]1CCCN1C(=O)CNC(=O)[C@H](Cc1ccccc1)NC(=O)[C@H](CC(N)=O)NC(=O)[C@H](CC(N)=O)NC(=O)[C@H](CO)NC(=O)[C@H](CO)NC(=O)[C@H](Cc1cnc[nH]1)NC(=O)[C@@H](NC(=O)[C@H](CC(C)C)NC(=O)[C@H](Cc1ccccc1)NC(=O)[C@H](CC(N)=O)NC(=O)[C@H](C)NC(=O)[C@H](CC(C)C)NC(=O)[C@H](CCCNC(=N)N)NC(=O)[C@H](CCC(N)=O)NC(=O)[C@@H](NC(=O)[C@H](C)NC(=O)[C@H](CS)NC(=O)[C@@H](NC(=O)[C@H](C)NC(=O)[C@@H](NC(=O)[C@H](CC(N)=O)NC(=O)[C@H](CS)NC(=O)[C@@H](N)CCCCN)[C@@H](C)O)[C@@H](C)O)[C@@H](C)O)C(C)C)C(=O)N[C@@H](CC(C)C)C(=O)N1CCC[C@H]1C(=O)N1CCC[C@H]1C(=O)N[C@H](C(=O)N[C@@H](CC(N)=O)C(=O)N[C@H](C(=O)NCC(=O)N[C@@H](CO)C(=O)N[C@@H](CC(N)=O)C(=O)N[C@H](C(=O)N[C@@H](Cc1ccc(O)cc1)C(N)=O)[C@@H](C)O)C(C)C)[C@@H](C)O,0,0.0002438102490660188,0.7423312883435583,>=0.70
scaffold,6,385,O.O=C([O-])CN(CCN(CC(=O)[O-])C[C@H](COP(=O)([O-])OC1CCC(c2ccccc2)(c2ccccc2)CC1)N(CC(=O)[O-])CC(=O)[O-])CC(=O)[O-].[Gd+3].[Na+].[Na+].[Na+],0,0.006881364416751204,0.2765957446808511,<0.30
scaffold,6,394,Cn1c(CCCC(=O)O)nc2cc(N(CCCl)CCCl)ccc21,0,0.7600480928438782,0.21176470588235294,<0.30
scaffold,6,395,C/C=C1\NC(=O)[C@H]2CSSCC/C=C/[C@H](CC(=O)N[C@H](C(C)C)C(=O)N2)OC(=O)[C@H](C(C)C)NC1=O,0,0.9452571835388743,0.16666666666666666,<0.30
scaffold,6,398,NCCc1cnc[nH]1.O=P(O)(O)O.O=P(O)(O)O,0,0.08169685192741734,0.2537313432835821,<0.30
scaffold,6,405,CC(=O)O[C@H]1C[C@@H]2CC[C@@H]3[C@H](CC[C@@]4(C)[C@H]3C[C@H]([N+]3(C)CCCCC3)[C@@H]4OC(C)=O)[C@@]2(C)C[C@@H]1[N+]1(C)CCCCC1.[Br-].[Br-],0,0.09311164613334434,0.5061728395061729,0.50-0.70
scaffold,6,410,CC(=O)O[C@H]1C[C@@H]2CC[C@@H]3[C@H](CC[C@@]4(C)[C@H]3C[C@H]([N+]3(C)CCCCC3)[C@@H]4OC(C)=O)[C@@]2(C)C[C@@H]1N1CCCCC1.[Br-],0,0.03160844545022765,0.573170731707317,0.50-0.70
scaffold,6,415,CNC[C@H](O)[C@@H](O)[C@H](O)[C@H](O)CO.CNC[C@H](O)[C@@H](O)[C@H](O)[C@H](O)CO.O=C([O-])CN(CCN(CC(=O)[O-])CC(=O)O)CCN(CC(=O)[O-])CC(=O)O.[Gd+3],0,0.010918132488859285,0.6229508196721312,0.50-0.70
scaffold,6,417,COc1cc2c(cc1OC)[C@@H](Cc1cc(OC)c(OC)c(OC)c1)[N+](C)(CCCOC(=O)CC/C=C/CCC(=O)OCCC[N+]1(C)CCc3cc(OC)c(OC)cc3[C@H]1Cc1cc(OC)c(OC)c(OC)c1)CC2,0,0.04904945935496852,0.6825396825396826,0.50-0.70
scaffold,6,427,FC(F)(F)C(F)(F)C(F)(F)F,0,0.3303059956023736,0.08695652173913043,<0.30
scaffold,6,432,CC1(C)SC(C(NC(=O)Cc2ccccc2)C(=O)NCCCCCC(=O)O)NC1C(=O)O,0,0.5766485416727308,0.2625,<0.30
scaffold,6,435,CCOC(=O)c1cncn1C(C)c1ccccc1,0,0.4099034677804435,0.3333333333333333,0.30-0.50
scaffold,6,439,Cc1c(C)c2c(c(C)c1O)CC[C@@](C)(CCC[C@H](C)CCC[C@H](C)CCCC(C)C)O2,0,0.38057917032996313,0.38028169014084506,0.30-0.50
scaffold,6,440,CN1CCc2cccc3c2[C@H]1Cc1ccc(O)c(O)c1-3,0,0.057035989683617325,0.27941176470588236,<0.30
scaffold,6,444,O=C([O-])O.[Na+],0,0.4460022950635338,0.45454545454545453,0.30-0.50
scaffold,6,450,CC1/C=C/C=C/CC/C=C/C=C/C=C/C=C/C(OC2O[C@H](C)[C@@H](O)[C@H](N)[C@@H]2O)CC(O)C(C(=O)O)C(O)CC(=O)CC(O)C(O)CCC(O)CC(O)CC(O)CC(=O)OC(C)C(C)C1O,0,0.9617457090197564,0.18947368421052632,<0.30
scaffold,7,7,CNC(=O)c1cc(Oc2ccc(NC(=O)Nc3ccc(Cl)c(C(F)(F)F)c3)cc2)ccn1,1,0.9670636181099305,0.29411764705882354,<0.30
scaffold,7,14,CCC1(c2ccccc2)C(=O)NC(=O)NC1=O.CCCCOCC(CN1C(=O)N(CC(COCCCC)OC(N)=O)C(=O)C(CC)(c2ccccc2)C1=O)OC(N)=O.CCCCOCC(CN1C(=O)NC(=O)C(CC)(c2ccccc2)C1=O)OC(N)=O,1,0.5839156971672601,0.3181818181818182,0.30-0.50
scaffold,7,20,CC(c1cc2ccccc2s1)N(O)C(N)=O,1,0.7475373530035546,0.25,<0.30
scaffold,7,22,CNCC[C@@H](Oc1ccccc1C)c1ccccc1,1,0.8205081491026692,0.44,0.30-0.50
scaffold,7,28,C[C@]12CC[C@H]3[C@@H](CCC4=CC(=O)CC[C@@]43C)[C@@H]1CC[C@@H]2O,1,0.27857804298877265,0.4090909090909091,0.30-0.50
scaffold,7,33,NC(=O)N1c2ccccc2C=Cc2ccccc21,1,0.8064603615088164,0.2631578947368421,<0.30
scaffold,7,51,Clc1ccccc1CN1CCc2sccc2C1,1,0.60545160790025,0.23214285714285715,<0.30
scaffold,7,57,C[C@](O)(CS(=O)(=O)c1ccc(F)cc1)C(=O)Nc1ccc(C#N)c(C(F)(F)F)c1,1,0.9245345416578056,0.3384615384615385,0.30-0.50
scaffold,7,58,NC(=O)NO,1,0.46253905004044654,0.25925925925925924,<0.30
scaffold,7,63,CC1=C(/C=C/C(C)=C/C=C/C(C)=C\C(=O)O)C(C)(C)CCC1,1,0.6158786382253972,0.42857142857142855,0.30-0.50
scaffold,7,64,N[C@@H]1CCCC[C@H]1N.O=C([O-])C(=O)[O-].[Pt+2],1,0.07650204134156648,0.23809523809523808,<0.30
scaffold,7,69,Nc1ccn([C@@H]2O[C@H](CO)[C@@H](O)C2(F)F)c(=O)n1,1,0.8040266293547813,0.27419354838709675,<0.30
scaffold,7,79,CCC(CO)NCCNC(CC)CO,1,0.07081193868779777,0.21739130434782608,<0.30
scaffold,7,80,Clc1ccc2nsnc2c1NC1=NCCN1,1,0.6467921685521262,0.1724137931034483,<0.30
scaffold,7,86,Cc1ccccc1C(=O)Nc1ccc(C(=O)N2CCCC(O)c3cc(Cl)ccc32)c(C)c1,1,0.8012922791535937,0.313953488372093,0.30-0.50
scaffold,7,89,C[C@H]1O[C@H](O[C@H]2[C@H](O)[C@@H](O)[C@@H](O[C@H]3[C@H](O)[C@@H](O)[C@H](O)O[C@@H]3CO)O[C@@H]2CO)[C@H](O)[C@@H](O)[C@@H]1N[C@H]1C=C(CO)[C@H](O)[C@H](O)[C@H]1O,1,0.6588340072837727,0.3333333333333333,0.30-0.50
scaffold,7,92,C[C@]12CC[C@H]3[C@@H](CCC4=CC(=O)CC[C@@H]43)[C@@H]1CC[C@@H]2O,1,0.18225752000769654,0.36231884057971014,0.30-0.50
scaffold,7,97,CC(=O)N1CCN(c2ccc(OC[C@@H]3CO[C@@](Cn4ccnc4)(c4ccc(Cl)cc4Cl)O3)cc2)CC1,1,0.976682185277961,0.5531914893617021,0.50-0.70
scaffold,7,99,CCCC(CCC)C(=O)O,1,0.5259968532234898,0.7272727272727273,>=0.70
scaffold,7,107,C[C@]12CC(=CO)C(=O)C[C@@H]1CC[C@@H]1[C@@H]2CC[C@@]2(C)[C@H]1CC[C@]2(C)O,1,0.5019523057162858,0.5882352941176471,0.50-0.70
scaffold,7,111,Cc1oncc1C(=O)Nc1ccc(C(F)(F)F)cc1,1,0.7333718843251443,0.2727272727272727,<0.30
scaffold,7,120,Cc1ccc(Nc2nccc(N(C)c3ccc4c(C)n(C)nc4c3)n2)cc1S(N)(=O)=O,1,0.9218515175123501,0.25773195876288657,<0.30
scaffold,7,122,CN1C(=O)CCS(=O)(=O)C1c1ccc(Cl)cc1,1,0.4927036601883462,0.21666666666666667,<0.30
scaffold,7,126,Nc1ccn([C@@H]2O[C@H](CO)[C@@H](O)[C@@H]2O)c(=O)n1,1,0.33433604654525406,0.46153846153846156,0.30-0.50
scaffold,7,134,CCCN(CCC)C(=O)Cc1c(-c2ccc(Cl)cc2)nc2ccc(Cl)cn12,1,0.9456757143922494,0.288135593220339,<0.30
scaffold,7,137,CN1Cc2c(N)cccc2C(c2ccccc2)C1,1,0.42907879029113255,0.2765957446808511,<0.30
scaffold,7,138,CC(C(=O)O)c1ccc2oc(-c3ccc(Cl)cc3)nc2c1,1,0.965734130525433,0.37037037037037035,0.30-0.50
scaffold,7,160,CC(=O)Oc1ccc(C(=C2CCCCC2)c2ccc(OC(C)=O)cc2)cc1,1,0.8184063833627286,0.3617021276595745,0.30-0.50
scaffold,7,177,CN1CCC(Nc2ncc3ncnc(Nc4ccc(F)c(Cl)c4)c3n2)CC1,1,0.9655444400955763,0.4074074074074074,0.30-0.50
scaffold,7,186,CN(C)CCOC(c1ccccc1)c1ccccc1,0,0.2227036111150073,0.5365853658536586,0.50-0.70
scaffold,7,187,Cc1ccccc1C(OCCN(C)C)c1ccccc1,0,0.17406589300554143,0.4583333333333333,0.30-0.50
scaffold,7,195,NCCCCCC(=O)O,0,0.06170538161901132,0.4838709677419355,0.30-0.50
scaffold,7,196,O=C1OC([C@@H](O)CO)C(O)=C1O,0,0.11268763635541032,0.2,<0.30
scaffold,7,203,COc1ccc2c(c1)[C@]13CCCC[C@@H]1[C@H](C2)N(C)CC3,0,0.030046276854613866,0.3230769230769231,0.30-0.50
scaffold,7,209,C[C@]12CCC(=O)C=C1CC[C@H]1[C@@H]3CC[C@](O)(C(=O)CO)[C@@]3(C)C[C@H](O)[C@@]12F,0,0.3288319959350802,0.4,0.30-0.50
scaffold,7,212,Nc1nc(=O)c2nc(CNc3ccc(C(=O)N[C@@H](CCC(=O)O)C(=O)O)cc3)cnc2[nH]1,0,0.506222730924927,0.5125,0.50-0.70
scaffold,7,230,CN1CC[C@]23c4c5ccc(O)c4O[C@H]2C(=O)CC[C@@]3(O)[C@H]1C5,0,0.11815647724263326,0.44285714285714284,0.30-0.50
scaffold,7,246,NCC1CCC(C(=O)O)CC1,0,0.1030924480961981,0.25,<0.30
scaffold,7,247,C[N+](C)(C)C[C@H](O)CC(=O)[O-],0,0.011330425658569404,0.4583333333333333,0.30-0.50
scaffold,7,249,Cc1ccc(N(CC2=NCCN2)c2cccc(O)c2)cc1,0,0.06736853139142966,0.2631578947368421,<0.30
scaffold,7,256,C[C@]12CCC(=O)C=C1CC[C@@H]1[C@@H]2[C@@H](O)C[C@@]2(C)[C@H]1CC[C@]2(O)C(=O)CO,0,0.1416474311654043,0.5294117647058824,0.50-0.70
scaffold,7,260,COc1cc2nc(N3CCN(C(=O)C4CCCO4)CC3)nc(N)c2cc1OC,0,0.32914437116686784,0.21739130434782608,<0.30
scaffold,7,261,CN(C)CCc1c[nH]c2ccc(Cn3cncn3)cc12,0,0.7201380089585591,0.25396825396825395,<0.30
scaffold,7,262,CC1(C)S[C@@H]2[C@H](NC(=O)COc3ccccc3)C(=O)N2[C@H]1C(=O)O,0,0.4982726178335537,0.2625,<0.30
scaffold,7,265,CC(Cc1ccccc1)N(C)Cc1ccccc1,0,0.1460653193777972,0.625,0.50-0.70
scaffold,7,266,Cc1c(-c2ccccc2)oc2c(C(=O)OCCN3CCCCC3)cccc2c1=O,0,0.44374852303492196,0.2716049382716049,<0.30
scaffold,7,267,Clc1ccc(C(c2ccccc2Cl)C(Cl)Cl)cc1,0,0.4704974419558341,0.2765957446808511,<0.30
scaffold,7,274,O=C(OC1CC2CC[C@@H](C1)[N+]21CCCC1)C(O)(c1ccccc1)c1ccccc1.[Cl-],0,0.024821857215173177,0.5833333333333334,0.50-0.70
scaffold,7,275,CC(C)C(=O)Oc1ccc(CO)cc1[C@H](CCN(C(C)C)C(C)C)c1ccccc1.O=C(O)/C=C/C(=O)O,0,0.1001644408995756,0.2535211267605634,<0.30
scaffold,7,278,Cn1c(=O)c2[nH]cnc2n(C)c1=O.Cn1c(=O)c2[nH]cnc2n(C)c1=O.NCCN,0,0.08843594691115511,0.8387096774193549,>=0.70
scaffold,7,284,CN1CC[C@]23CCCC[C@H]2[C@H]1Cc1ccc(O)cc13,0,0.006863491100246981,0.3770491803278688,0.30-0.50
scaffold,7,289,Cc1ccc(/C(=C\CN2CCCC2)c2ccccn2)cc1,0,0.31374819987090813,0.25,<0.30
scaffold,7,294,CC(C)(C(=O)c1cccnc1)c1cccnc1,0,0.7031136253885721,0.5151515151515151,0.50-0.70
scaffold,7,295,OC[C@H]1O[C@@H](O[C@@H]2[C@@H](CO)O[C@](O)(CO)[C@H]2O)[C@H](O)[C@@H](O)[C@H]1O,0,0.40648280014848426,0.43137254901960786,0.30-0.50
scaffold,7,297,CC(N)C12CC3CC(CC(C3)C1)C2,0,0.060297689461271696,0.24,<0.30
scaffold,7,299,COc1ccc2c3c1O[C@H]1C(=O)CC[C@@]4(O)[C@@H](C2)N(C)CC[C@]314,0,0.2151471538064639,0.42857142857142855,0.30-0.50
scaffold,7,302,Cc1ccc(O)c([C@@H](CCN(C(C)C)C(C)C)c2ccccc2)c1,0,0.11941536159725757,0.26785714285714285,<0.30
scaffold,7,315,CC(O)C(O)C1CNc2[nH]c(N)nc(=O)c2N1,0,0.14303963856120747,0.3037974683544304,0.30-0.50
scaffold,7,320,Cc1cc2nc3c(=O)[nH]c(=O)nc-3n(C[C@@H](O)[C@@H](O)[C@@H](O)CO)c2cc1C,0,0.32542458425165705,0.2127659574468085,<0.30
scaffold,7,321,C#C[C@]1(O)CC[C@H]2[C@@H]3CCC4=CC(=O)CC[C@@H]4[C@H]3CC[C@@]21CC,0,0.21764884312084798,0.30666666666666664,0.30-0.50
scaffold,7,322,C[N+]1(C)C2CC(OC(=O)C(CO)c3ccccc3)CC1C1OC12,0,0.021445456124898767,0.6,0.50-0.70
scaffold,7,329,CN1C2CC(OC(=O)C(CO)c3ccccc3)CC1C1OC12,0,0.01727747175621008,0.6808510638297872,0.50-0.70
scaffold,7,330,CCCC(C)(COC(N)=O)COC(=O)NC(C)C,0,0.15126663668218282,0.696969696969697,0.50-0.70
scaffold,7,339,CN[C@@H]1[C@H](O[C@H]2[C@H](O[C@H]3[C@H](O)[C@@H](O)[C@H](N=C(N)N)[C@@H](O)[C@@H]3N=C(N)N)O[C@@H](C)[C@]2(O)C=O)O[C@@H](CO)[C@H](O)[C@H]1O,0,0.4022981151802358,0.2564102564102564,<0.30
scaffold,7,342,CCOC(=O)c1ncn2c1CN(C)C(=O)c1cc(F)ccc1-2,0,0.8466451761541792,0.2608695652173913,<0.30
scaffold,7,346,CC(=O)OCC[N+](C)(C)C,0,0.032608397536426824,0.3076923076923077,0.30-0.50
scaffold,7,350,CNCCCC1c2ccccc2C=Cc2ccccc21,0,0.6579945520100113,0.29545454545454547,<0.30
scaffold,7,352,CN(C)CCc1c[nH]c2ccc(CS(=O)(=O)N3CCCC3)cc12,0,0.14247783201006026,0.20588235294117646,<0.30
scaffold,7,369,OCC(O)C(O)C(O)C(O)CO,0,0.0284345080543932,1.0,>=0.70
scaffold,7,374,OC[C@H]1OC(O)[C@H](O)[C@@H](O)[C@@H]1O,0,0.23793528663487282,0.3333333333333333,0.30-0.50
scaffold,7,376,NC(=O)[C@@H]1CCCN1C(=O)[C@H](Cc1cnc[nH]1)NC(=O)[C@@H]1CCC(=O)N1,0,0.246173065837087,0.26973684210526316,<0.30
scaffold,7,382,CC[C@H](C)[C@@H]1NC(=O)[C@H](CCCNC(=N)N)NC(=O)[C@H](CC(=O)O)NC(=O)[C@H](CCSC)NC(=O)[C@H](CCCCN)NC(=O)[C@H](CCCNC(=N)N)NC(=O)CNC(=O)[C@H](Cc2ccccc2)NC(=O)[C@@H](NC(=O)CNC(=O)[C@H](CO)NC(=O)CNC(=O)[C@H](CCC(N)=O)NC(=O)[C@@H](NC(=O)[C@H](CCSC)NC(=O)[C@H](CCCCN)NC(=O)[C@@H]2CCCN2C(=O)[C@@H](N)CO)C(C)C)CSSC[C@@H](C(=O)N[C@@H](CCCCN)C(=O)N[C@H](C(=O)N[C@@H](CC(C)C)C(=O)N[C@@H](CCCNC(=N)N)C(=O)N[C@@H](CCCNC(=N)N)C(=O)N[C@@H](CC2C=NC=N2)C(=O)O)C(C)C)NC(=O)CNC(=O)[C@H](CC(C)C)NC(=O)CNC(=O)[C@H](CO)NC(=O)[C@H](CO)NC(=O)[C@H](CO)NC(=O)[C@H](CO)NC1=O,0,0.00030516011222571365,0.4413145539906103,0.30-0.50
scaffold,7,383,CCNC(=NCCCC[C@H](NC(=O)[C@H](CC(C)C)NC(=O)[C@@H](CCCCN=C(NCC)NCC)NC(=O)[C@H](Cc1ccc(O)cc1)NC(=O)[C@H](CO)NC(=O)[C@@H](Cc1cccnc1)NC(=O)[C@@H](Cc1ccc(Cl)cc1)NC(=O)[C@@H](Cc1ccc2ccccc2c1)NC(C)=O)C(=O)N1CCC[C@H]1C(=O)N[C@H](C)C(N)=O)NCC,0,0.2802984500564241,0.40789473684210525,0.30-0.50
scaffold,7,384,CC[C@H](C)[C@H](NC(=O)[C@@H]1CCCN1C(=O)CNC(=O)[C@H](Cc1ccccc1)NC(=O)[C@H](CC(N)=O)NC(=O)[C@H](CC(N)=O)NC(=O)[C@H](CO)NC(=O)[C@H](CO)NC(=O)[C@H](Cc1cnc[nH]1)NC(=O)[C@@H](NC(=O)[C@H](CC(C)C)NC(=O)[C@H](Cc1ccccc1)NC(=O)[C@H](CC(N)=O)NC(=O)[C@H](C)NC(=O)[C@H](CC(C)C)NC(=O)[C@H](CCCNC(=N)N)NC(=O)[C@H](CCC(N)=O)NC(=O)[C@@H](NC(=O)[C@H](C)NC(=O)[C@H](CS)NC(=O)[C@@H](NC(=O)[C@H](C)NC(=O)[C@@H](NC(=O)[C@H](CC(N)=O)NC(=O)[C@H](CS)NC(=O)[C@@H](N)CCCCN)[C@@H](C)O)[C@@H](C)O)[C@@H](C)O)C(C)C)C(=O)N[C@@H](CC(C)C)C(=O)N1CCC[C@H]1C(=O)N1CCC[C@H]1C(=O)N[C@H](C(=O)N[C@@H](CC(N)=O)C(=O)N[C@H](C(=O)NCC(=O)N[C@@H](CO)C(=O)N[C@@H](CC(N)=O)C(=O)N[C@H](C(=O)N[C@@H](Cc1ccc(O)cc1)C(N)=O)[C@@H](C)O)C(C)C)[C@@H](C)O,0,0.0005660711401279284,0.7423312883435583,>=0.70
scaffold,7,389,C[N+]1(CC2CC2)CC[C@]23c4c5ccc(O)c4O[C@H]2C(=O)CC[C@@]3(O)[C@H]1C5.[Br-],0,0.2083381617828424,0.3625,0.30-0.50
scaffold,7,390,C=CCN1CC[C@]23c4c5ccc(O)c4O[C@H]2C(=O)CC[C@@]3(O)[C@H]1C5,0,0.07496397197016626,0.4861111111111111,0.30-0.50
scaffold,7,397,CC[C@H](C)[C@@H]1NC(=O)[C@H](Cc2ccccc2)NC(=O)[C@H](CCC(=O)O)NC(=O)[C@H](CCC(=O)O)NC(=O)[C@@H]2CSSC[C@@H]3NC(=O)[C@H](CCC(=O)O)NC(=O)[C@H](CCC(=O)O)NC(=O)[C@H](CC(C)C)NC(=O)[C@H](CO)NC(=O)[C@H](CCC(=O)O)NC(=O)[C@H](Cc4ccccc4)NC(=O)[C@H](CCCNC(=N)N)NC(=O)[C@H](CC(N)=O)NC(=O)[C@H](CCC(N)=O)NC(=O)[C@H](CC(N)=O)NC(=O)CNC(=O)[C@H](CCC(=O)O)NC(=O)[C@H](CSSC[C@H](NC(=O)[C@@H]4CCCN4C(=O)CNC(=O)[C@H](CC(=O)O)NC(=O)[C@H](CC(=O)O)NC(=O)[C@H](C)NC(=O)[C@H](CCCCN)NC(=O)[C@H](Cc4ccccc4)NC(=O)[C@H](C)NC(=O)[C@@H](NC(=O)[C@H](Cc4ccccc4)NC(=O)[C@H](CO)NC(=O)[C@H](Cc4cnc[nH]4)NC(=O)[C@H](CCSC)NC(=O)[C@H](C)NC(=O)[C@@H](N)CCC(=O)O)CSSC[C@@H](C(=O)N[C@H](C(=O)N[C@@H](CCCNC(=N)N)C(=O)N[C@@H](CC(=O)O)C(=O)O)[C@H](C)O)NC(=O)[C@H](CCSC)NC(=O)[C@H](CCCCN)NC(=O)[C@H](CCCCN)NC3=O)C(=O)N[C@@H](CCCNC(=N)N)C(=O)N[C@@H](C)C(=O)N[C@@H](C)C(=O)N[C@@H](Cc3cnc[nH]3)C(=O)N3CCC[C@H]3C(=O)N[C@@H](CCCNC(=N)N)C(=O)N[C@@H](Cc3c[nH]c4ccccc34)C(=O)N[C@@H](Cc3ccccc3)C(=O)N[C@@H](Cc3ccccc3)C(=O)N[C@@H](CC(N)=O)C(=O)N[C@@H]([C@@H](C)CC)C(=O)N[C@@H](Cc3ccccc3)C(=O)N[C@@H]([C@H](C)O)C(=O)N[C@@H](CCCNC(=N)N)C(=O)N[C@@H](CCC(N)=O)C(=O)N2)NC(=O)CNC(=O)CNC(=O)[C@H](Cc2ccc(O)cc2)NC1=O,0,7.560008990308316e-05,0.41295546558704455,0.30-0.50
scaffold,7,401,C[N+](C)(C)CCOC(=O)CCC(=O)OCC[N+](C)(C)C,0,0.01718712000673331,0.3076923076923077,0.30-0.50
scaffold,7,403,CC[C@H](C)[C@@H]1NC(=O)[C@H](Cc2ccc(O)cc2)NC(=O)[C@@H](N)CSSC[C@@H](C(=O)N2CCC[C@H]2C(=O)N[C@@H](CC(C)C)C(=O)NCC(N)=O)NC(=O)[C@H](CC(N)=O)NC(=O)[C@H](CCC(N)=O)NC1=O,0,0.0023773510550904506,0.7090909090909091,>=0.70
scaffold,7,410,CC(=O)O[C@H]1C[C@@H]2CC[C@@H]3[C@H](CC[C@@]4(C)[C@H]3C[C@H]([N+]3(C)CCCCC3)[C@@H]4OC(C)=O)[C@@]2(C)C[C@@H]1N1CCCCC1.[Br-],0,0.006682497105170877,0.7936507936507936,>=0.70
scaffold,7,413,CCC(C)C1NC(=O)C(Cc2ccc(O)cc2)NC(=O)C(N)CSSCC(C(=O)N2CCCC2C(=O)NC(CC(C)C)C(=O)NCC(N)=O)NC(=O)C(CC(N)=O)NC(=O)C(C(C)O)NC1=O,0,0.009502358211708101,0.631578947368421,0.50-0.70
scaffold,7,415,CNC[C@H](O)[C@@H](O)[C@H](O)[C@H](O)CO.CNC[C@H](O)[C@@H](O)[C@H](O)[C@H](O)CO.O=C([O-])CN(CCN(CC(=O)[O-])CC(=O)O)CCN(CC(=O)[O-])CC(=O)O.[Gd+3],0,0.008704057094796614,0.6229508196721312,0.50-0.70
scaffold,7,441,C#CC1(OC(C)=O)CCC2C3CCC4=CC(=O)CCC4C3CCC21C,0,0.6404322836269462,0.3333333333333333,0.30-0.50
scaffold,7,445,c1cc(CN2CCCNCCNCCCNCC2)ccc1CN1CCCNCCNCCCNCC1,0,0.13619423265041,0.2413793103448276,<0.30
scaffold,7,449,COc1cccc2c1C(=O)c1c(O)c3c(c(O)c1C2=O)C[C@@](O)(C(C)=O)C[C@@H]3O[C@H]1C[C@H](N)[C@H](O)[C@H](C)O1,0,0.6920216362039117,0.20353982300884957,<0.30
scaffold,8,8,COc1ccc(Cc2nccc3cc(OC)c(OC)cc23)cc1OC,1,0.5803087413564811,0.25,<0.30
scaffold,8,16,Cc1cc(C#N)cc(C)c1Oc1nc(Nc2ccc(C#N)cc2)nc(N)c1Br,1,0.9841821759433065,0.18823529411764706,<0.30
scaffold,8,18,CC[C@H]1OC(=O)[C@H](C)[C@@H](O[C@H]2C[C@@](C)(OC)[C@@H](O)[C@H](C)O2)[C@H](C)[C@@H](O[C@@H]2O[C@H](C)C[C@H](N(C)C)[C@H]2O)[C@](C)(O)C[C@@H](C)C(=O)[C@H](C)[C@@H](O)[C@]1(C)O,1,0.009959280771144587,0.20168067226890757,<0.30
scaffold,8,20,CC(c1cc2ccccc2s1)N(O)C(N)=O,1,0.8193635937214884,0.25,<0.30
scaffold,8,21,O=c1[nH]c2cc(Cl)ccc2o1,1,0.9245901076071688,0.25,<0.30
scaffold,8,22,CNCC[C@@H](Oc1ccccc1C)c1ccccc1,1,0.6681095771555138,0.44,0.30-0.50
scaffold,8,25,CC[C@H]1OC(=O)[C@H](C)[C@@H](O[C@H]2C[C@@](C)(OC)[C@@H](O)[C@H](C)O2)[C@H](C)[C@@H](O[C@@H]2O[C@H](C)C[C@H](N(C)C)[C@H]2O)[C@](C)(OC)C[C@@H](C)C(=O)[C@H](C)[C@@H](O)[C@]1(C)O,1,0.008854565583531966,0.20512820512820512,<0.30
scaffold,8,33,NC(=O)N1c2ccccc2C=Cc2ccccc21,1,0.8670215624224598,0.2631578947368421,<0.30
scaffold,8,35,CN(C)c1ccc(O)c2c1C[C@H]1C[C@H]3[C@H](N(C)C)C(=O)/C(=C(\N)O)C(=O)[C@@]3(O)C(=O)C1=C2O,1,0.5656504825887136,0.19540229885057472,<0.30
scaffold,8,39,O=C(O)c1cccnc1,1,0.9507790045656095,0.2702702702702703,<0.30
scaffold,8,42,O=C(O)Cc1ccccc1Nc1c(Cl)cccc1Cl,1,0.8970585707922238,0.32653061224489793,0.30-0.50
scaffold,8,43,O=C(O)c1cn(C2CC2)c2cc(N3CCNCC3)c(F)cc2c1=O,1,0.8210934978194645,0.38571428571428573,0.30-0.50
scaffold,8,44,O=c1nc[nH]c2c1ncn2[C@H]1CC[C@@H](CO)O1,1,0.8459822173319311,0.2698412698412698,<0.30
scaffold,8,53,CC1=C(CC(=O)O)c2cc(F)ccc2C1=Cc1ccc(S(C)=O)cc1,1,0.866754448537664,0.25,<0.30
scaffold,8,54,Nc1nc(NC2CC2)c2ncn(C3C=C[C@H](CO)C3)c2n1,1,0.15248642180296496,0.26865671641791045,<0.30
scaffold,8,55,CCCSc1ccc2nc(NC(=O)OC)[nH]c2c1,1,0.6109401839052025,0.19402985074626866,<0.30
scaffold,8,56,CC[C@H]1OC(=O)[C@H](C)C(=O)[C@H](C)[C@@H](O[C@@H]2O[C@H](C)C[C@H](N(C)C)[C@H]2O)[C@@](C)(OC)C[C@@H](C)C(=O)[C@H](C)[C@H]2N(CCCCn3cnc(-c4cccnc4)c3)C(=O)O[C@]12C,1,0.38725086454948476,0.1865671641791045,<0.30
scaffold,8,71,COc1cc2ncnc(Nc3ccc(F)c(Cl)c3)c2cc1OCCCN1CCOCC1,1,0.9355086385261169,0.40789473684210525,0.30-0.50
scaffold,8,74,CCN(CC)C(=S)SSC(=S)N(CC)CC,1,0.1029482658509732,0.18604651162790697,<0.30
scaffold,8,82,CC(C)CN(C[C@@H](O)[C@H](Cc1ccccc1)NC(=O)O[C@H]1CO[C@H]2OCC[C@H]21)S(=O)(=O)c1ccc(N)cc1,1,0.24163196336691484,0.25217391304347825,<0.30
scaffold,8,85,c1ccc2[nH]c(-c3cscn3)nc2c1,1,0.7710271440267616,0.20833333333333334,<0.30
scaffold,8,87,CCCCc1oc2ccc(NS(C)(=O)=O)cc2c1C(=O)c1ccc(OCCCN(CCCC)CCCC)cc1,1,0.7046547840294942,0.37681159420289856,0.30-0.50
scaffold,8,99,CCCC(CCC)C(=O)O,1,0.5421175912294867,0.7272727272727273,>=0.70
scaffold,8,100,NNC(=O)c1ccncc1,1,0.9114794449482567,0.40476190476190477,0.30-0.50
scaffold,8,101,CCCCc1oc2ccccc2c1C(=O)c1cc(I)c(OCCN(CC)CC)c(I)c1,1,0.8230069448436168,0.2247191011235955,<0.30
scaffold,8,105,CN(Cc1cnc2nc(N)nc(N)c2n1)c1ccc(C(=O)N[C@@H](CCC(=O)O)C(=O)O)cc1,1,0.06930574637659906,0.4805194805194805,0.30-0.50
scaffold,8,119,CCN(CC)CCNC(=O)c1c(C)[nH]c(/C=C2\C(=O)Nc3ccc(F)cc32)c1C,1,0.41273485746501126,0.23255813953488372,<0.30
scaffold,8,121,CCC[C@@]1(CCc2ccccc2)CC(=O)C([C@H](CC)c2cccc(NS(=O)(=O)c3ccc(C(F)(F)F)cn3)c2)=C(O)O1,1,0.7515363769522303,0.2087912087912088,<0.30
scaffold,8,123,Cc1cccc(Nc2ccccc2C(=O)O)c1C,1,0.9698861747073074,0.28888888888888886,<0.30
scaffold,8,127,CC(C)NNC(=O)c1ccncc1,1,0.7725244898031132,0.391304347826087,0.30-0.50
scaffold,8,130,CCc1oc2ccccc2c1C(=O)c1cc(Br)c(O)c(Br)c1,1,0.952751842233151,0.28846153846153844,<0.30
scaffold,8,146,Cc1ccc(Nc2c(F)cccc2Cl)c(CC(=O)O)c1,1,0.956559044611865,0.25,<0.30
scaffold,8,157,CCc1oc2ccccc2c1C(=O)c1ccc(O)cc1,1,0.6140869343504031,0.2558139534883721,<0.30
scaffold,8,158,CCc1oc2ccccc2c1C(=O)c1cc(I)c(O)c(I)c1,1,0.8956720529952754,0.24489795918367346,<0.30
scaffold,8,159,COc1ccc2c(C(=O)c3ccc(Cl)cc3)c(C)n(CC(=O)O)c2c1,1,0.838324424868376,0.5172413793103449,0.50-0.70
scaffold,8,160,CC(=O)Oc1ccc(C(=C2CCCCC2)c2ccc(OC(C)=O)cc2)cc1,1,0.7720088972688102,0.3617021276595745,0.30-0.50
scaffold,8,163,CN(C)CC=C(c1ccc(Br)cc1)c1cccnc1,1,0.4523866699541308,0.2909090909090909,<0.30
scaffold,8,189,Cn1c(=O)c2[nH]cnc2n(C)c1=O,0,0.475047312985838,0.8387096774193549,>=0.70
scaffold,8,192,Cn1c(=O)c2c(ncn2C)n(C)c1=O,0,0.2788588598975413,0.4,0.30-0.50
scaffold,8,193,CN(C)C(=O)Oc1ccc[n+](C)c1,0,0.5805696042860041,0.23404255319148937,<0.30
scaffold,8,200,O=[N+]([O-])O[C@H]1CO[C@H]2[C@@H]1OC[C@H]2O[N+](=O)[O-],0,0.18425208133200582,0.21212121212121213,<0.30
scaffold,8,201,CCOC(=O)C1(c2ccccc2)CCN(CCC(C#N)(c2ccccc2)c2ccccc2)CC1,0,0.008481738737396724,0.6078431372549019,0.50-0.70
scaffold,8,204,CN(C)C(=O)C(CCN1CCC(O)(c2ccc(Cl)cc2)CC1)(c1ccccc1)c1ccccc1,0,0.05265775957306613,0.3064516129032258,0.30-0.50
scaffold,8,214,OC[C@@H](O)[C@H](O)[C@@H](O)[C@@H](O)CO,0,0.035579764706061646,1.0,>=0.70
scaffold,8,220,Cc1ncc(CO)c(CO)c1O,0,0.38947463753334877,0.2391304347826087,<0.30
scaffold,8,221,CCC[C@H]1O[C@@H]2C[C@H]3[C@@H]4CCC5=CC(=O)C=C[C@]5(C)[C@H]4[C@@H](O)C[C@]3(C)[C@]2(C(=O)CO)O1,0,0.7111061248256468,0.3950617283950617,0.30-0.50
scaffold,8,223,CC(C)NCC(O)COc1cccc2[nH]ccc12,0,0.06670455015017247,0.39285714285714285,0.30-0.50
scaffold,8,229,Cc1cccc(CN2CCN(C(c3ccccc3)c3ccc(Cl)cc3)CC2)c1,0,0.24518330904991364,0.29850746268656714,<0.30
scaffold,8,233,CN1CC[C@]23c4c5ccc(O)c4O[C@H]2[C@@H](O)C=C[C@H]3[C@H]1C5,0,0.04234967421032034,0.40298507462686567,0.30-0.50
scaffold,8,236,OCCOCCN1CCN(C(c2ccccc2)c2ccc(Cl)cc2)CC1,0,0.03029983534961276,0.2857142857142857,<0.30
scaffold,8,241,NC(=O)C(c1ccccc1)(c1ccccc1)[C@@H]1CCN(CCc2ccc3c(c2)CCO3)C1,0,0.05080474609790725,0.3333333333333333,0.30-0.50
scaffold,8,260,COc1cc2nc(N3CCN(C(=O)C4CCCO4)CC3)nc(N)c2cc1OC,0,0.2614069283057071,0.18840579710144928,<0.30
scaffold,8,262,CC1(C)S[C@@H]2[C@H](NC(=O)COc3ccccc3)C(=O)N2[C@H]1C(=O)O,0,0.7010600029037739,0.2625,<0.30
scaffold,8,270,CC(C)CC(NC(=O)CNC(=O)C(CCC(N)=O)NC(=O)C(CC(C)C)NC(=O)C(CC(C)C)NC(=O)C(CCCNC(=N)N)NC(=O)C(CCC(N)=O)NC(=O)C(CC(C)C)NC(=O)C(CCCNC(=N)N)NC(=O)C(C)NC(=O)C(CO)NC(=O)C(CC(=O)O)NC(=O)C(CCCNC(=N)N)NC(=O)C(CC(C)C)NC(=O)C(CCCNC(=N)N)NC(=O)C(CO)NC(=O)C(CC(C)C)NC(=O)C(CCC(=O)O)NC(=O)C(CO)NC(=O)C(NC(=O)C(Cc1ccccc1)NC(=O)C(NC(=O)CNC(=O)C(CC(=O)O)NC(=O)C(CO)NC(=O)C(N)Cc1ncc[nH]1)C(C)O)C(C)O)C(=O)NC(C(=O)O)C(C)C,0,0.020332570935009148,0.5547945205479452,0.50-0.70
scaffold,8,272,O=C([O-])CCCO.[Na+],0,0.20121720432676496,0.2916666666666667,<0.30
scaffold,8,273,O.O=C([O-])[O-].O=C([O-])[O-].O=C([O-])[O-].[La+3].[La+3],0,0.6581251212645625,0.4166666666666667,0.30-0.50
scaffold,8,274,O=C(OC1CC2CC[C@@H](C1)[N+]21CCCC1)C(O)(c1ccccc1)c1ccccc1.[Cl-],0,0.02677078793060125,0.5833333333333334,0.50-0.70
scaffold,8,283,Cn1c(=O)c2c(ncn2CC(O)CO)n(C)c1=O,0,0.03414643734689821,0.34,0.30-0.50
scaffold,8,294,CC(C)(C(=O)c1cccnc1)c1cccnc1,0,0.6574159037320425,0.2222222222222222,<0.30
scaffold,8,300,OCCN1C[C@H](O)[C@@H](O)[C@H](O)[C@H]1CO,0,0.1432594017973725,0.20588235294117646,<0.30
scaffold,8,303,C=CCN.ClCC1CO1,0,0.11387174905313234,0.1875,<0.30
scaffold,8,306,CCCCN1C[C@H](O)[C@@H](O)[C@H](O)[C@H]1CO,0,0.24765198721739454,0.18421052631578946,<0.30
scaffold,8,311,C[C@H]1CN(C[C@H](Cc2ccccc2)C(=O)NCC(=O)O)CC[C@@]1(C)c1cccc(O)c1,0,0.005604762234834673,0.29577464788732394,<0.30
scaffold,8,313,CCCCC(F)(F)[C@@]1(O)CC[C@@H]2[C@H](CCCCCCC(=O)O)C(=O)C[C@H]2O1,0,0.19523328829845402,0.25,<0.30
scaffold,8,316,COc1ccc2c3c1O[C@H]1[C@@H](O)C=C[C@H]4[C@@H](C2)N(C)CC[C@@]341,0,0.057973603625587705,0.42857142857142855,0.30-0.50
scaffold,8,318,CCC(C)CCCCC(=O)NC(CCN)C(=O)NC(C(=O)NC(CCN)C(=O)NC1CCNC(=O)C(C(C)O)NC(=O)C(CCN)NC(=O)C(CCN)NC(=O)C(CC(C)C)NC(=O)C(Cc2ccccc2)NC(=O)C(CCN)NC1=O)C(C)O.O=S(=O)(O)O,0,0.02800427798289339,0.7019230769230769,>=0.70
scaffold,8,320,Cc1cc2nc3c(=O)[nH]c(=O)nc-3n(C[C@@H](O)[C@@H](O)[C@@H](O)CO)c2cc1C,0,0.5748212572897923,0.2127659574468085,<0.30
scaffold,8,327,Fc1ccccc1C1=NCC(=S)N(CC(F)(F)F)c2ccc(Cl)cc21,0,0.6468870937891139,0.5166666666666667,0.50-0.70
scaffold,8,329,CN1C2CC(OC(=O)C(CO)c3ccccc3)CC1C1OC12,0,0.026143325163686643,0.6938775510204082,0.50-0.70
scaffold,8,331,CC(C)(N)CO.Cn1c(=O)c2[nH]c(Br)nc2n(C)c1=O,0,0.3158357983707651,0.3877551020408163,0.30-0.50
scaffold,8,344,CCC(C)[C@H](N)C1=NCC(C(=O)N[C@@H](CC(C)C)C(=O)N[C@H](CCC(=O)O)C(=O)N[C@H](C(=O)N[C@H]2CCCCNC(=O)[C@H](CC(N)=O)NC(=O)[C@@H](CC(=O)O)NC(=O)[C@H](Cc3cnc[nH]3)NC(=O)[C@@H](Cc3ccccc3)NC(=O)[C@H](C(C)CC)NC(=O)[C@@H](CCCN)NC2=O)C(C)CC)S1,0,0.079645751128916,0.3904761904761905,0.30-0.50
scaffold,8,348,Cl.N#C[C@@H]1C[C@@H]2C[C@@H]2N1C(=O)[C@@H](N)C12CC3CC(CC(O)(C3)C1)C2,0,0.268696871076022,0.24,<0.30
scaffold,8,354,C[C@]12CCC3[C@@H](CC[C@H]4NC(=O)C=C[C@]34C)[C@@H]1CC[C@@H]2C(=O)Nc1cc(C(F)(F)F)ccc1C(F)(F)F,0,0.9924659690645584,0.24390243902439024,<0.30
scaffold,8,358,CCOC(=O)N1CCC(=C2c3ccc(Cl)cc3CCc3cccnc32)CC1,0,0.9379783938548889,0.26865671641791045,<0.30
scaffold,8,362,Oc1ccc2c(c1)[C@@]13CCCC[C@@]1(O)[C@@H](C2)N(CC1CCC1)CC3,0,0.009974953582378217,0.4626865671641791,0.30-0.50
scaffold,8,378,[Cl][Cu][Cl],0,0.41621137128782926,0.038461538461538464,<0.30
scaffold,8,381,O=S([O-])([O-])=S.[Na+].[Na+],0,0.47356299495598536,0.17857142857142858,<0.30
scaffold,8,392,CNC(=O)c1cnn(-c2nc(N)c3ncn([C@@H]4O[C@H](CO)[C@@H](O)[C@H]4O)c3n2)c1,0,0.32355973487009965,0.5076923076923077,0.50-0.70
scaffold,8,394,Cn1c(CCCC(=O)O)nc2cc(N(CCCl)CCCl)ccc21,0,0.6236582097881896,0.21621621621621623,<0.30
scaffold,8,397,CC[C@H](C)[C@@H]1NC(=O)[C@H](Cc2ccccc2)NC(=O)[C@H](CCC(=O)O)NC(=O)[C@H](CCC(=O)O)NC(=O)[C@@H]2CSSC[C@@H]3NC(=O)[C@H](CCC(=O)O)NC(=O)[C@H](CCC(=O)O)NC(=O)[C@H](CC(C)C)NC(=O)[C@H](CO)NC(=O)[C@H](CCC(=O)O)NC(=O)[C@H](Cc4ccccc4)NC(=O)[C@H](CCCNC(=N)N)NC(=O)[C@H](CC(N)=O)NC(=O)[C@H](CCC(N)=O)NC(=O)[C@H](CC(N)=O)NC(=O)CNC(=O)[C@H](CCC(=O)O)NC(=O)[C@H](CSSC[C@H](NC(=O)[C@@H]4CCCN4C(=O)CNC(=O)[C@H](CC(=O)O)NC(=O)[C@H](CC(=O)O)NC(=O)[C@H](C)NC(=O)[C@H](CCCCN)NC(=O)[C@H](Cc4ccccc4)NC(=O)[C@H](C)NC(=O)[C@@H](NC(=O)[C@H](Cc4ccccc4)NC(=O)[C@H](CO)NC(=O)[C@H](Cc4cnc[nH]4)NC(=O)[C@H](CCSC)NC(=O)[C@H](C)NC(=O)[C@@H](N)CCC(=O)O)CSSC[C@@H](C(=O)N[C@H](C(=O)N[C@@H](CCCNC(=N)N)C(=O)N[C@@H](CC(=O)O)C(=O)O)[C@H](C)O)NC(=O)[C@H](CCSC)NC(=O)[C@H](CCCCN)NC(=O)[C@H](CCCCN)NC3=O)C(=O)N[C@@H](CCCNC(=N)N)C(=O)N[C@@H](C)C(=O)N[C@@H](C)C(=O)N[C@@H](Cc3cnc[nH]3)C(=O)N3CCC[C@H]3C(=O)N[C@@H](CCCNC(=N)N)C(=O)N[C@@H](Cc3c[nH]c4ccccc34)C(=O)N[C@@H](Cc3ccccc3)C(=O)N[C@@H](Cc3ccccc3)C(=O)N[C@@H](CC(N)=O)C(=O)N[C@@H]([C@@H](C)CC)C(=O)N[C@@H](Cc3ccccc3)C(=O)N[C@@H]([C@H](C)O)C(=O)N[C@@H](CCCNC(=N)N)C(=O)N[C@@H](CCC(N)=O)C(=O)N2)NC(=O)CNC(=O)CNC(=O)[C@H](Cc2ccc(O)cc2)NC1=O,0,4.674800362032807e-06,0.49416342412451364,0.30-0.50
scaffold,8,401,C[N+](C)(C)CCOC(=O)CCC(=O)OCC[N+](C)(C)C,0,0.015859719671957734,0.6521739130434783,0.50-0.70
scaffold,8,405,CC(=O)O[C@H]1C[C@@H]2CC[C@@H]3[C@H](CC[C@@]4(C)[C@H]3C[C@H]([N+]3(C)CCCCC3)[C@@H]4OC(C)=O)[C@@]2(C)C[C@@H]1[N+]1(C)CCCCC1.[Br-].[Br-],0,0.07787822280472782,0.7936507936507936,>=0.70
scaffold,8,415,CNC[C@H](O)[C@@H](O)[C@H](O)[C@H](O)CO.CNC[C@H](O)[C@@H](O)[C@H](O)[C@H](O)CO.O=C([O-])CN(CCN(CC(=O)[O-])CC(=O)O)CCN(CC(=O)[O-])CC(=O)O.[Gd+3],0,0.013224784388355256,0.6229508196721312,0.50-0.70
scaffold,8,426,COCCNC(=O)CN(CCN(CCN(CC(=O)[O-])CC(=O)NCCOC)CC(=O)[O-])CC(=O)[O-].[Gd+3],0,0.0042696869500568006,0.3055555555555556,0.30-0.50
scaffold,8,438,CSCC[C@H](N)C(=O)O,0,0.12082306144969775,0.40625,0.30-0.50
scaffold,8,443,NC(=O)CCC1NC(=O)C(Cc2ccccc2)NC(=O)C(Cc2ccc(O)cc2)NC(=O)C(N)CSSCC(C(=O)N2CCCC2C(=O)NC(CCCN=C(N)N)C(=O)NCC(N)=O)NC(=O)C(CC(N)=O)NC1=O,0,0.00034408572580428256,0.7090909090909091,>=0.70
scaffold,8,444,O=C([O-])O.[Na+],0,0.6163638041705343,0.4166666666666667,0.30-0.50
scaffold,9,1,Nc1nc2ccc(OC(F)(F)F)cc2s1,1,0.7198395026306724,0.16071428571428573,<0.30
scaffold,9,10,Cc1c(C)c2c(c(C)c1O)CCC(C)(COc1ccc(CC3SC(=O)NC3=O)cc1)O2,1,0.29615631902034517,0.1956521739130435,<0.30
scaffold,9,12,NC1[C@H]2CN(c3nc4c(cc3F)c(=O)c(C(=O)O)cn4-c3ccc(F)cc3F)C[C@@H]12,1,0.9890337381576788,0.3561643835616438,0.30-0.50
scaffold,9,18,CC[C@H]1OC(=O)[C@H](C)[C@@H](O[C@H]2C[C@@](C)(OC)[C@@H](O)[C@H](C)O2)[C@H](C)[C@@H](O[C@@H]2O[C@H](C)C[C@H](N(C)C)[C@H]2O)[C@](C)(O)C[C@@H](C)C(=O)[C@H](C)[C@@H](O)[C@]1(C)O,1,0.04783910330779418,0.42016806722689076,0.30-0.50
scaffold,9,19,COc1cc(C(=O)NS(=O)(=O)c2ccccc2C)ccc1Cc1cn(C)c2ccc(NC(=O)OC3CCCC3)cc12,1,0.5435486842701063,0.25742574257425743,<0.30
scaffold,9,21,O=c1[nH]c2cc(Cl)ccc2o1,1,0.876468660432215,0.25,<0.30
scaffold,9,25,CC[C@H]1OC(=O)[C@H](C)[C@@H](O[C@H]2C[C@@](C)(OC)[C@@H](O)[C@H](C)O2)[C@H](C)[C@@H](O[C@@H]2O[C@H](C)C[C@H](N(C)C)[C@H]2O)[C@](C)(OC)C[C@@H](C)C(=O)[C@H](C)[C@@H](O)[C@]1(C)O,1,0.06405077825412547,0.4396551724137931,0.30-0.50
scaffold,9,38,OC(Cn1cncn1)(Cn1cncn1)c1ccc(F)cc1F,1,0.8629155063021915,0.5849056603773585,0.50-0.70
scaffold,9,46,CS(=O)(=O)OCCCCOS(C)(=O)=O,1,0.0663771706984448,0.1724137931034483,<0.30
scaffold,9,53,CC1=C(CC(=O)O)c2cc(F)ccc2C1=Cc1ccc(S(C)=O)cc1,1,0.8747183879637173,0.25,<0.30
scaffold,9,57,C[C@](O)(CS(=O)(=O)c1ccc(F)cc1)C(=O)Nc1ccc(C#N)c(C(F)(F)F)c1,1,0.8072969019237155,0.3384615384615385,0.30-0.50
scaffold,9,58,NC(=O)NO,1,0.5649568432853012,0.25925925925925924,<0.30
scaffold,9,76,CN(CC=CC#CC(C)(C)C)Cc1cccc2ccccc12,1,0.15560264713361177,0.20588235294117646,<0.30
scaffold,9,83,O=C1Nc2ccc(Cl)cc2[C@@](C#CC2CC2)(C(F)(F)F)O1,1,0.8738428971101687,0.18055555555555555,<0.30
scaffold,9,85,c1ccc2[nH]c(-c3cscn3)nc2c1,1,0.8030211796028213,0.20833333333333334,<0.30
scaffold,9,88,Cc1nc(-c2ccc(OCC(C)C)c(C#N)c2)sc1C(=O)O,1,0.9495569475289544,0.22413793103448276,<0.30
scaffold,9,89,C[C@H]1O[C@H](O[C@H]2[C@H](O)[C@@H](O)[C@@H](O[C@H]3[C@H](O)[C@@H](O)[C@H](O)O[C@@H]3CO)O[C@@H]2CO)[C@H](O)[C@@H](O)[C@@H]1N[C@H]1C=C(CO)[C@H](O)[C@H](O)[C@H]1O,1,0.3411079236378526,0.3333333333333333,0.30-0.50
scaffold,9,97,CC(=O)N1CCN(c2ccc(OC[C@@H]3CO[C@@](Cn4ccnc4)(c4ccc(Cl)cc4Cl)O3)cc2)CC1,1,0.9538374507086762,0.5531914893617021,0.50-0.70
scaffold,9,109,CN(C)N/N=C1\N=CN=C1C(N)=O,1,0.8747664853886055,0.2,<0.30
scaffold,9,111,Cc1oncc1C(=O)Nc1ccc(C(F)(F)F)cc1,1,0.7912715977216054,0.2727272727272727,<0.30
scaffold,9,117,Cc1ccnc2c1NC(=O)c1cccnc1N2C1CC1,1,0.8385008513875504,0.23214285714285715,<0.30
scaffold,9,118,O=C1C=CC=C/C1=C1\N/C(=C2/C=CC=CC2=O)N(c2ccc(C(=O)O)cc2)N1,1,0.9872955329236912,0.22033898305084745,<0.30
scaffold,9,122,CN1C(=O)CCS(=O)(=O)C1c1ccc(Cl)cc1,1,0.6305322714099212,0.21666666666666667,<0.30
scaffold,9,124,OCC1OC(n2cnc3c2NC=NC[C@H]3O)CC1O,1,0.5324858524740836,0.26865671641791045,<0.30
scaffold,9,131,O=C(O)COc1ccc(C(=O)c2cccs2)c(Cl)c1Cl,1,0.9261233693872818,0.2631578947368421,<0.30
scaffold,9,132,C[C@H](N)C(=O)N[C@@H](C)C(=O)NC1[C@H]2CN(c3nc4c(cc3F)c(=O)c(C(=O)O)cn4-c3ccc(F)cc3F)C[C@@H]12,1,0.9814260928689407,0.2988505747126437,<0.30
scaffold,9,136,NC1=NC(=O)C(c2ccccc2)O1,1,0.9238180314857709,0.23255813953488372,<0.30
scaffold,9,137,CN1Cc2c(N)cccc2C(c2ccccc2)C1,1,0.7222723022320132,0.2765957446808511,<0.30
scaffold,9,148,COc1ccc2c(C(=S)N(C)CC(=O)O)cccc2c1C(F)(F)F,1,0.5098197183396115,0.2222222222222222,<0.30
scaffold,9,151,CN(C)CCCC1c2ccccc2Nc2ccc(Cl)cc21,1,0.18953137773482986,0.38181818181818183,0.30-0.50
scaffold,9,156,O=C(O)COc1nn(Cc2ccccc2)c2ccccc12,1,0.6646735208795341,0.23333333333333334,<0.30
scaffold,9,163,CN(C)CC=C(c1ccc(Br)cc1)c1cccnc1,1,0.43773357866085116,0.35714285714285715,0.30-0.50
scaffold,9,168,O=C(O)Cc1csc(-c2ccc(Cl)cc2)n1,1,0.9891610710457154,0.288135593220339,<0.30
scaffold,9,176,CCO[C@@H]1OC(=O)C[C@@H]1NC(=O)[C@@H]1CCCN2C(=O)CC[C@H](NC(=O)c3nccc4ccccc34)C(=O)N12,1,0.5709981538638232,0.2159090909090909,<0.30
scaffold,9,179,CO/N=C(\N)c1ccc(-c2ccc(-c3ccc(/C(N)=N/OC)cc3)o2)cc1,1,0.7966287232160916,0.2,<0.30
scaffold,9,181,Cc1ccc(-n2[nH]c(C)c(N/N=C3\C=CC=C(c4cccc(C(=O)O)c4)C3=O)c2=O)cc1C.NCCO.NCCO,1,0.6023636338534357,0.1875,<0.30
scaffold,9,186,CN(C)CCOC(c1ccccc1)c1ccccc1,0,0.13200203514787426,0.5365853658536586,0.50-0.70
scaffold,9,187,Cc1ccccc1C(OCCN(C)C)c1ccccc1,0,0.1341133498467261,0.4583333333333333,0.30-0.50
scaffold,9,202,O=c1[nH]c2ccccc2n1C1CCN(CCCC(c2ccc(F)cc2)c2ccc(F)cc2)CC1,0,0.09090294392589193,0.3972602739726027,0.30-0.50
scaffold,9,205,CC(COc1ccccc1)NC(C)C(O)c1ccc(O)cc1,0,0.17549533360354913,0.4878048780487805,0.30-0.50
scaffold,9,221,CCC[C@H]1O[C@@H]2C[C@H]3[C@@H]4CCC5=CC(=O)C=C[C@]5(C)[C@H]4[C@@H](O)C[C@]3(C)[C@]2(C(=O)CO)O1,0,0.823387378426238,0.3950617283950617,0.30-0.50
scaffold,9,234,CN(CCOc1ccc(NS(C)(=O)=O)cc1)CCc1ccc(NS(C)(=O)=O)cc1,0,0.6194422648293358,0.37681159420289856,0.30-0.50
scaffold,9,236,OCCOCCN1CCN(C(c2ccccc2)c2ccc(Cl)cc2)CC1,0,0.018309333419901097,0.5,0.50-0.70
scaffold,9,249,Cc1ccc(N(CC2=NCCN2)c2cccc(O)c2)cc1,0,0.0652504813272965,0.2631578947368421,<0.30
scaffold,9,250,NC(N)=NCCN1CCCCCCC1,0,0.024778144747163024,0.3142857142857143,0.30-0.50
scaffold,9,267,Clc1ccc(C(c2ccccc2Cl)C(Cl)Cl)cc1,0,0.523051622672675,0.2765957446808511,<0.30
scaffold,9,275,CC(C)C(=O)Oc1ccc(CO)cc1[C@H](CCN(C(C)C)C(C)C)c1ccccc1.O=C(O)/C=C/C(=O)O,0,0.18609218676098638,0.2535211267605634,<0.30
scaffold,9,285,CC(C)[N+](C)(CCOC(=O)C1c2ccccc2Oc2ccccc21)C(C)C,0,0.2739174389591674,0.28888888888888886,<0.30
scaffold,9,287,CN1C(=O)CC(C)(c2ccccc2)C1=O,0,0.6520079704473001,0.32075471698113206,0.30-0.50
scaffold,9,293,C[N+]1(C)CCC(OC(=O)C(O)(c2ccccc2)C2CCCC2)C1,0,0.06099171870993567,0.6382978723404256,0.50-0.70
scaffold,9,294,CC(C)(C(=O)c1cccnc1)c1cccnc1,0,0.5101408107607271,0.5151515151515151,0.50-0.70
scaffold,9,300,OCCN1C[C@H](O)[C@@H](O)[C@H](O)[C@H]1CO,0,0.10424845993855517,0.20588235294117646,<0.30
scaffold,9,302,Cc1ccc(O)c([C@@H](CCN(C(C)C)C(C)C)c2ccccc2)c1,0,0.2168108190840787,0.26785714285714285,<0.30
scaffold,9,306,CCCCN1C[C@H](O)[C@@H](O)[C@H](O)[C@H]1CO,0,0.20607124183441078,0.18421052631578946,<0.30
scaffold,9,312,CCC(=O)NCC[C@@H]1CCc2ccc3c(c21)CCO3,0,0.7869964094389027,0.24675324675324675,<0.30
scaffold,9,319,Clc1ccc2c(c1)C(c1ccccc1)=NCc1nncn1-2,0,0.808649848469874,0.3709677419354839,0.30-0.50
scaffold,9,328,CC[C@@]1(O)C(=O)OCc2c1cc1n(c2=O)Cc2cc3c(CN(C)C)c(O)ccc3nc2-1,0,0.6535612437177176,0.19387755102040816,<0.30
scaffold,9,335,CC(C)(C)NC[C@H](O)COc1ccccc1C1CCCC1,0,0.08547668819856638,0.3673469387755102,0.30-0.50
scaffold,9,340,Nc1ncnc2c1ncn2[C@@H]1O[C@H](CO)[C@@H](O)[C@H]1O,0,0.7201247369232727,0.5076923076923077,0.50-0.70
scaffold,9,342,CCOC(=O)c1ncn2c1CN(C)C(=O)c1cc(F)ccc1-2,0,0.8681842786058466,0.2608695652173913,<0.30
scaffold,9,347,CC[C@]1(O)C[C@@H]2CN(CCc3c([nH]c4ccccc34)[C@@](C(=O)OC)(c3cc4c(cc3OC)N(C)[C@H]3[C@@](O)(C(=O)OC)[C@H](OC(C)=O)[C@]5(CC)C=CCN6CC[C@]43[C@@H]65)C2)C1,0,0.048448716131154014,0.23529411764705882,<0.30
scaffold,9,357,Nc1nc(F)nc2c1ncn2[C@@H]1O[C@H](COP(=O)(O)O)[C@@H](O)[C@@H]1O,0,0.6313781397879002,0.4533333333333333,0.30-0.50
scaffold,9,365,COc1ccc(C[C@@H]2c3cc(OC)c(OC)cc3CC[N@+]2(C)CCC(=O)OCCCCCOC(=O)CC[N@@+]2(C)CCc3cc(OC)c(OC)cc3[C@H]2Cc2ccc(OC)c(OC)c2)cc1OC.O=S(=O)([O-])c1ccccc1.O=S(=O)([O-])c1ccccc1,0,0.057707784304309784,0.8095238095238095,>=0.70
scaffold,9,371,CC[C@H](C)[C@H](NC(=O)[C@@H](NC(=O)[C@H](CCC(=O)O)NC(=O)[C@H](CC(C)C)NC(=O)[C@H](CCSC)NC(=O)[C@H](CCCCN)NC(=O)[C@H](CCCNC(=N)N)NC(=O)[C@H](CC(N)=O)NC(=O)[C@H](CO)NC(=O)[C@H](Cc1cnc[nH]1)NC(=O)[C@H](C)NC(=O)[C@H](CCC(N)=O)NC(=O)[C@H](CCC(N)=O)NC(=O)[C@H](C)NC(=O)[C@H](CC(C)C)NC(=O)[C@H](CCC(N)=O)NC(=O)[C@H](CCC(=O)O)NC(=O)[C@H](C)NC(=O)[C@H](CCCNC(=N)N)NC(=O)[C@H](C)NC(=O)[C@H](CCSC)NC(=O)[C@H](CCC(=O)O)NC(=O)[C@H](CC(C)C)NC(=O)[C@@H](NC(=O)[C@H](CCC(=O)O)NC(=O)[C@H](CCCNC(=N)N)NC(=O)[C@H](CC(C)C)NC(=O)[C@H](CC(C)C)NC(=O)[C@H](Cc1cnc[nH]1)NC(=O)[C@H](Cc1ccccc1)NC(=O)[C@@H](NC(=O)[C@H](CC(C)C)NC(=O)[C@H](CC(=O)O)NC(=O)[C@H](CC(C)C)NC(=O)[C@H](CO)NC(=O)[C@@H](NC(=O)[C@@H]1CCCN1C(=O)[C@@H]1CCCN1C(=O)[C@H](CCC(=O)O)NC(=O)[C@H](CCC(=O)O)NC(=O)[C@@H](N)CO)[C@@H](C)CC)[C@@H](C)O)C(C)C)[C@@H](C)CC)C(=O)O,0,0.0009073518205592226,0.7411764705882353,>=0.70
scaffold,9,372,CC1(C)C(=CC=CC=CC=CC2=[N+](CCCCS(=O)(=O)[O-])c3ccc4ccccc4c3C2(C)C)N(CCCCS(=O)(=O)[O-])c2ccc3ccccc3c21.[Na+],0,0.16153145819195752,0.16483516483516483,<0.30
scaffold,9,375,[13CH3]C(O)C(=O)[O-].[Na+],0,0.2604175214219019,0.4,0.30-0.50
scaffold,9,378,[Cl][Cu][Cl],0,0.32109488176866335,0.041666666666666664,<0.30
scaffold,9,380,CC[C@H](C)[C@H](NC(=O)[C@H](CC(=O)O)NC(=O)[C@H](CC(C)C)NC(=O)[C@H](CC(C)C)NC(=O)[C@H](CCCCN)NC(=O)[C@H](CCCNC(=N)N)NC(=O)[C@H](CC(N)=O)NC(=O)[C@H](CO)NC(=O)[C@H](Cc1cnc[nH]1)NC(=O)[C@H](C)NC(=O)[C@H](CCC(N)=O)NC(=O)[C@H](CCC(N)=O)NC(=O)[C@H](C)NC(=O)[C@H](CC(C)C)NC(=O)[C@H](CCC(N)=O)NC(=O)[C@H](CC(=O)O)NC(=O)[C@H](C)NC(=O)[C@H](CCCCN)NC(=O)[C@@H](NC(=O)[C@H](CCSC)NC(=O)[C@H](CCC(=O)O)NC(=O)[C@H](CC(C)C)NC(=O)[C@@H](NC(=O)[C@H](CCC(=O)O)NC(=O)[C@H](CCCNC(=N)N)NC(=O)[C@H](CC(C)C)NC(=O)[C@H](CC(C)C)NC(=O)[C@H](Cc1cnc[nH]1)NC(=O)[C@H](Cc1ccccc1)NC(=O)[C@@H](NC(=O)[C@H](CC(C)C)NC(=O)[C@H](CC(=O)O)NC(=O)[C@H](CC(C)C)NC(=O)[C@H](CO)NC(=O)[C@@H](NC(=O)[C@@H]1CCCN1C(=O)[C@@H]1CCCN1C(=O)[C@H](CCC(=O)O)NC(=O)[C@H](CCC(N)=O)NC(=O)[C@@H](N)CO)[C@@H](C)CC)[C@@H](C)O)C(C)C)[C@@H](C)O)C(=O)N[C@@H](C)C(N)=O,0,0.0010711728725388296,0.7514792899408284,>=0.70
scaffold,9,382,CC[C@H](C)[C@@H]1NC(=O)[C@H](CCCNC(=N)N)NC(=O)[C@H](CC(=O)O)NC(=O)[C@H](CCSC)NC(=O)[C@H](CCCCN)NC(=O)[C@H](CCCNC(=N)N)NC(=O)CNC(=O)[C@H](Cc2ccccc2)NC(=O)[C@@H](NC(=O)CNC(=O)[C@H](CO)NC(=O)CNC(=O)[C@H](CCC(N)=O)NC(=O)[C@@H](NC(=O)[C@H](CCSC)NC(=O)[C@H](CCCCN)NC(=O)[C@@H]2CCCN2C(=O)[C@@H](N)CO)C(C)C)CSSC[C@@H](C(=O)N[C@@H](CCCCN)C(=O)N[C@H](C(=O)N[C@@H](CC(C)C)C(=O)N[C@@H](CCCNC(=N)N)C(=O)N[C@@H](CCCNC(=N)N)C(=O)N[C@@H](CC2C=NC=N2)C(=O)O)C(C)C)NC(=O)CNC(=O)[C@H](CC(C)C)NC(=O)CNC(=O)[C@H](CO)NC(=O)[C@H](CO)NC(=O)[C@H](CO)NC(=O)[C@H](CO)NC1=O,0,0.00014917633112033533,0.49416342412451364,0.30-0.50
scaffold,9,384,CC[C@H](C)[C@H](NC(=O)[C@@H]1CCCN1C(=O)CNC(=O)[C@H](Cc1ccccc1)NC(=O)[C@H](CC(N)=O)NC(=O)[C@H](CC(N)=O)NC(=O)[C@H](CO)NC(=O)[C@H](CO)NC(=O)[C@H](Cc1cnc[nH]1)NC(=O)[C@@H](NC(=O)[C@H](CC(C)C)NC(=O)[C@H](Cc1ccccc1)NC(=O)[C@H](CC(N)=O)NC(=O)[C@H](C)NC(=O)[C@H](CC(C)C)NC(=O)[C@H](CCCNC(=N)N)NC(=O)[C@H](CCC(N)=O)NC(=O)[C@@H](NC(=O)[C@H](C)NC(=O)[C@H](CS)NC(=O)[C@@H](NC(=O)[C@H](C)NC(=O)[C@@H](NC(=O)[C@H](CC(N)=O)NC(=O)[C@H](CS)NC(=O)[C@@H](N)CCCCN)[C@@H](C)O)[C@@H](C)O)[C@@H](C)O)C(C)C)C(=O)N[C@@H](CC(C)C)C(=O)N1CCC[C@H]1C(=O)N1CCC[C@H]1C(=O)N[C@H](C(=O)N[C@@H](CC(N)=O)C(=O)N[C@H](C(=O)NCC(=O)N[C@@H](CO)C(=O)N[C@@H](CC(N)=O)C(=O)N[C@H](C(=O)N[C@@H](Cc1ccc(O)cc1)C(N)=O)[C@@H](C)O)C(C)C)[C@@H](C)O,0,0.00040240048568022425,0.7206703910614525,>=0.70
scaffold,9,393,[Fe].[O]=[Fe][OH].[O]=[Fe][OH],0,0.25118807547498784,0.15384615384615385,<0.30
scaffold,9,405,CC(=O)O[C@H]1C[C@@H]2CC[C@@H]3[C@H](CC[C@@]4(C)[C@H]3C[C@H]([N+]3(C)CCCCC3)[C@@H]4OC(C)=O)[C@@]2(C)C[C@@H]1[N+]1(C)CCCCC1.[Br-].[Br-],0,0.07842615935486628,0.7936507936507936,>=0.70
scaffold,9,406,CSCC[C@H](NC(=O)[C@H](Cc1c[nH]c2ccccc12)NC(=O)CCNC(=O)OCC(C)C)C(=O)N[C@@H](CC(=O)O)C(=O)N[C@@H](Cc1ccccc1)C(N)=O,0,0.0962389612183353,0.6354166666666666,0.50-0.70
scaffold,9,419,C=CC[N+]1([C@H]2C[C@H]3[C@@H]4CC[C@H]5C[C@H](O)[C@@H](N6CCOCC6)C[C@]5(C)[C@H]4CC[C@]3(C)[C@H]2OC(C)=O)CCCC1,0,0.03041366769180384,0.573170731707317,0.50-0.70
scaffold,9,422,NC(=O)C1CSSCCC(=O)NC(CCCCN=C(N)N)C(=O)NCC(=O)NC(CC(=O)O)C(=O)NC(Cc2c[nH]c3ccccc23)C(=O)N2CCCC2C(=O)N1,0,0.02783224178600399,0.34057971014492755,0.30-0.50
scaffold,9,426,COCCNC(=O)CN(CCN(CCN(CC(=O)[O-])CC(=O)NCCOC)CC(=O)[O-])CC(=O)[O-].[Gd+3],0,0.005456164164726859,0.37254901960784315,0.30-0.50
scaffold,9,431,Cc1nc2c([nH]1)CCN(C(=O)c1ccc(NC(=O)c3ccccc3-c3ccccc3)cc1)c1ccccc1-2,0,0.9573516430387807,0.313953488372093,0.30-0.50
scaffold,9,436,COc1ccc(N(C)C)cc1CN[C@H]1CCCN[C@H]1c1ccccc1,0,0.472466107101475,0.1917808219178082,<0.30
scaffold,9,439,Cc1c(C)c2c(c(C)c1O)CC[C@@](C)(CCC[C@H](C)CCC[C@H](C)CCCC(C)C)O2,0,0.15240894729633547,0.23529411764705882,<0.30
scaffold,9,442,C/C(=N\O)[C@@H](C)NCC(C)(C)CN[C@H](C)/C(C)=N/O,0,0.09560301611925777,0.2,<0.30
scaffold,9,445,c1cc(CN2CCCNCCNCCCNCC2)ccc1CN1CCCNCCNCCCNCC1,0,0.13377219609954566,0.2413793103448276,<0.30
scaffold,9,449,COc1cccc2c1C(=O)c1c(O)c3c(c(O)c1C2=O)C[C@@](O)(C(C)=O)C[C@@H]3O[C@H]1C[C@H](N)[C@H](O)[C@H](C)O1,0,0.5949651975230263,0.20353982300884957,<0.30
scaffold,10,2,C/C=C/C[C@@H](C)[C@@H](O)C1C(=O)NC(CC)C(=O)N(C)CC(=O)N(C)C(CC(C)C)C(=O)NC(C(C)C)C(=O)N(C)C(CC(C)C)C(=O)NC(C)C(=O)NC(C)C(=O)N(C)C(CC(C)C)C(=O)N(C)C(CC(C)C)C(=O)N(C)C(C(C)C)C(=O)N1C,1,0.23027477279791866,0.23308270676691728,<0.30
scaffold,10,3,CC(C(=O)O)c1cccc(Oc2ccccc2)c1,1,0.5377084607677571,0.4,0.30-0.50
scaffold,10,4,CC(=O)Nc1nnc(S(N)(=O)=O)s1,1,0.8751031430255946,0.1951219512195122,<0.30
scaffold,10,8,COc1ccc(Cc2nccc3cc(OC)c(OC)cc23)cc1OC,1,0.6697975933882375,0.25,<0.30
scaffold,10,9,CS(=O)(=O)Nc1ccc([N+](=O)[O-])cc1Oc1ccccc1,1,0.8519085659055489,0.23214285714285715,<0.30
scaffold,10,10,Cc1c(C)c2c(c(C)c1O)CCC(C)(COc1ccc(CC3SC(=O)NC3=O)cc1)O2,1,0.12323464719828452,0.38028169014084506,0.30-0.50
scaffold,10,17,CCCCCOc1ccc(-c2cc(-c3ccc(C(=O)NC4CC(O)C(O)NC(=O)C5C(O)C(C)CN5C(=O)C(C(O)CC(N)=O)NC(=O)C(C(O)C(O)c5ccc(O)c(OS(=O)(=O)O)c5)NC(=O)C5CC(O)CN5C(=O)C(C(C)O)NC4=O)cc3)no2)cc1,1,0.7676753347699022,0.19863013698630136,<0.30
scaffold,10,23,CC(C)c1nc(CN(C)C(=O)N[C@H](C(=O)N[C@@H](Cc2ccccc2)C[C@H](O)[C@H](Cc2ccccc2)NC(=O)OCc2cncs2)C(C)C)cs1,1,0.44976978626328096,0.26,<0.30
scaffold,10,30,CC(=O)Nc1ccc(O)cc1,1,0.6674956936938576,0.2727272727272727,<0.30
scaffold,10,31,O=C1NC(=O)C(c2ccccc2)(c2ccccc2)N1,1,0.6994018223459771,0.3611111111111111,0.30-0.50
scaffold,10,32,O=c1ncnc2[nH][nH]cc1-2,1,0.6327577407938209,0.16666666666666666,<0.30
scaffold,10,36,O=C1CN(/N=C\c2ccc([N+](=O)[O-])o2)C(=O)N1,1,0.9148816712764539,0.673469387755102,0.50-0.70
scaffold,10,38,OC(Cn1cncn1)(Cn1cncn1)c1ccc(F)cc1F,1,0.879140997955648,0.5849056603773585,0.50-0.70
scaffold,10,39,O=C(O)c1cccnc1,1,0.8862743694067955,0.5151515151515151,0.50-0.70
scaffold,10,45,C[C@](N)(Cc1ccc(O)c(O)c1)C(=O)O,1,0.532962669184585,0.3125,0.30-0.50
scaffold,10,46,CS(=O)(=O)OCCCCOS(C)(=O)=O,1,0.031579224522399474,0.1724137931034483,<0.30
scaffold,10,47,Nc1ccc(C(=O)O)c(O)c1,1,0.9378249733552884,0.325,0.30-0.50
scaffold,10,50,CCCCCCCCCCC[C@@H](C[C@@H]1OC(=O)[C@H]1CCCCCC)OC(=O)[C@H](CC(C)C)NC=O,1,0.11264511021611086,0.2235294117647059,<0.30
scaffold,10,67,NC(=O)CC(N)C(=O)[O-],1,0.22396525081880478,0.2916666666666667,<0.30
scaffold,10,70,Cc1ccc(C)c(OCCCC(C)(C)C(=O)O)c1,1,0.2633094668136528,0.22950819672131148,<0.30
scaffold,10,74,CCN(CC)C(=S)SSC(=S)N(CC)CC,1,0.2568698043832777,0.18604651162790697,<0.30
scaffold,10,88,Cc1nc(-c2ccc(OCC(C)C)c(C#N)c2)sc1C(=O)O,1,0.627424806579613,0.2222222222222222,<0.30
scaffold,10,94,C=C1C[C@@H]2[C@H](CC[C@]3(C)C(=O)CC[C@@H]23)[C@@]2(C)C=CC(=O)C=C12,1,0.3285696442191827,0.2903225806451613,<0.30
scaffold,10,95,O=C1NC(c2ccccc2)(c2ccccc2)C(=O)N1COP(=O)(O)O,1,0.7275802208782026,0.2653061224489796,<0.30
scaffold,10,96,COc1cc(C)c(/C=C/C(C)=C/C=C/C(C)=C\C(=O)O)c(C)c1C,1,0.9476728784839925,0.42857142857142855,0.30-0.50
scaffold,10,98,CCc1nn(CCCN2CCN(c3cccc(Cl)c3)CC2)c(=O)n1CCOc1ccccc1,1,0.2806605453866641,0.25,<0.30
scaffold,10,99,CCCC(CCC)C(=O)O,1,0.461991186813103,0.7272727272727273,>=0.70
scaffold,10,100,NNC(=O)c1ccncc1,1,0.8966503499742704,0.40476190476190477,0.30-0.50
scaffold,10,102,CC(C)C(=O)Nc1ccc([N+](=O)[O-])c(C(F)(F)F)c1,1,0.8870842089576263,0.4,0.30-0.50
scaffold,10,103,Cc1cn([C@H]2C=C[C@@H](CO)O2)c(=O)[nH]c1=O,1,0.7772438976384012,0.4727272727272727,0.30-0.50
scaffold,10,107,C[C@]12CC(=CO)C(=O)C[C@@H]1CC[C@@H]1[C@@H]2CC[C@@]2(C)[C@H]1CC[C@]2(C)O,1,0.4307583412274536,0.5882352941176471,0.50-0.70
scaffold,10,112,Cc1cccc(C)c1OCC(C)N,1,0.5377045283154003,0.24444444444444444,<0.30
scaffold,10,122,CN1C(=O)CCS(=O)(=O)C1c1ccc(Cl)cc1,1,0.7101333585224552,0.21666666666666667,<0.30
scaffold,10,125,NC(=O)OCC(COC(N)=O)c1ccccc1,1,0.31162681110721224,0.3125,0.30-0.50
scaffold,10,127,CC(C)NNC(=O)c1ccncc1,1,0.8078917824231359,0.391304347826087,0.30-0.50
scaffold,10,139,CC(C)Cc1ccc(CC(=O)O)cc1,1,0.4711060488358326,0.3055555555555556,0.30-0.50
scaffold,10,143,NC(=O)NS(=O)(=O)c1ccc(N)cc1,1,0.9748831328548303,0.4473684210526316,0.30-0.50
scaffold,10,145,CCOC(Nc1ccc(C(=O)O)cc1)C(=O)c1ccc(-c2ccccc2)cc1,1,0.700005322715205,0.26666666666666666,<0.30
scaffold,10,149,CC(=O)Oc1cc(C(C)C)c(OCCN(C)C)cc1C,1,0.4818696595570971,0.2962962962962963,<0.30
scaffold,10,151,CN(C)CCCC1c2ccccc2Nc2ccc(Cl)cc21,1,0.5557439152077251,0.38181818181818183,0.30-0.50
scaffold,10,154,CC(COc1ccccc1)NN,1,0.6119629836532707,0.40476190476190477,0.30-0.50
scaffold,10,159,COc1ccc2c(C(=O)c3ccc(Cl)cc3)c(C)n(CC(=O)O)c2c1,1,0.8801464963223609,0.5172413793103449,0.50-0.70
scaffold,10,162,CCCCCCCCNC(C)C(O)c1ccc(SC(C)C)cc1,1,0.623124731486455,0.20689655172413793,<0.30
scaffold,10,164,CC(NN)c1ccccc1,1,0.7396673789576864,0.3076923076923077,0.30-0.50
scaffold,10,168,O=C(O)Cc1csc(-c2ccc(Cl)cc2)n1,1,0.9774179867895201,0.288135593220339,<0.30
scaffold,10,171,CC(N)C(=O)OC(C)(C)Cc1ccc(Cl)cc1,1,0.18363419651593887,0.23728813559322035,<0.30
scaffold,10,172,C=CCOc1ccc(CC(=O)O)cc1Cl,1,0.6440390142741003,0.27450980392156865,<0.30
scaffold,10,176,CCO[C@@H]1OC(=O)C[C@@H]1NC(=O)[C@@H]1CCCN2C(=O)CC[C@H](NC(=O)c3nccc4ccccc34)C(=O)N12,1,0.5674208698050128,0.2159090909090909,<0.30
scaffold,10,191,N[C@@H](Cc1cc(I)c(Oc2ccc(O)c(I)c2)c(I)c1)C(=O)O,0,0.46189941017958647,0.22448979591836735,<0.30
scaffold,10,201,CCOC(=O)C1(c2ccccc2)CCN(CCC(C#N)(c2ccccc2)c2ccccc2)CC1,0,0.0031145285574275114,0.3157894736842105,0.30-0.50
scaffold,10,202,O=c1[nH]c2ccccc2n1C1CCN(CCCC(c2ccc(F)cc2)c2ccc(F)cc2)CC1,0,0.14242835352559594,0.3972602739726027,0.30-0.50
scaffold,10,204,CN(C)C(=O)C(CCN1CCC(O)(c2ccc(Cl)cc2)CC1)(c1ccccc1)c1ccccc1,0,0.05472879817722832,0.3064516129032258,0.30-0.50
scaffold,10,205,CC(COc1ccccc1)NC(C)C(O)c1ccc(O)cc1,0,0.2135668620594246,0.32075471698113206,0.30-0.50
scaffold,10,206,CN[C@@H](C)[C@@H](O)c1ccccc1,0,0.5802443832071319,0.2857142857142857,<0.30
scaffold,10,207,CC(C)NCC(O)c1ccc(O)c(O)c1,0,0.5170413188980386,0.43137254901960786,0.30-0.50
scaffold,10,212,Nc1nc(=O)c2nc(CNc3ccc(C(=O)N[C@@H](CCC(=O)O)C(=O)O)cc3)cnc2[nH]1,0,0.5975922714946,0.5125,0.50-0.70
scaffold,10,213,Cc1ncc(C[n+]2csc(CCO)c2C)c(N)n1,0,0.6389050023882795,0.15517241379310345,<0.30
scaffold,10,215,NC[C@@H]1O[C@H](O[C@H]2[C@@H](O)[C@H](O[C@@H]3[C@@H](O)[C@H](N)C[C@H](N)[C@H]3O[C@H]3O[C@H](CO)[C@@H](O)[C@H](O)[C@H]3N)O[C@@H]2CO)[C@H](N)[C@@H](O)[C@@H]1O,0,0.047026395447827496,0.6530612244897959,0.50-0.70
scaffold,10,220,Cc1ncc(CO)c(CO)c1O,0,0.6738083717227875,0.23255813953488372,<0.30
scaffold,10,222,CN1[C@@H]2CC[C@H]1CC(OC(=O)C(CO)c1ccccc1)C2,0,0.015652756230114105,0.6808510638297872,0.50-0.70
scaffold,10,224,CN(C)CCC(c1ccc(Br)cc1)c1ccccn1,0,0.5003122172571552,0.3333333333333333,0.30-0.50
scaffold,10,226,CCOC(=O)C1(c2ccccc2)CCN(C)CC1,0,0.18920670294435463,0.3230769230769231,0.30-0.50
scaffold,10,227,CN[C@@H](C)Cc1ccccc1,0,0.43436744389638143,0.45161290322580644,0.30-0.50
scaffold,10,230,CN1CC[C@]23c4c5ccc(O)c4O[C@H]2C(=O)CC[C@@]3(O)[C@H]1C5,0,0.17589218118682184,0.40298507462686567,0.30-0.50
scaffold,10,231,CC1C(c2ccccc2)OCCN1C,0,0.18120953742285623,0.2765957446808511,<0.30
scaffold,10,232,C[C@](N)(Cc1ccc(O)cc1)C(=O)O,0,0.32090822950290343,0.25,<0.30
scaffold,10,234,CN(CCOc1ccc(NS(C)(=O)=O)cc1)CCc1ccc(NS(C)(=O)=O)cc1,0,0.65274458336723,0.37681159420289856,0.30-0.50
scaffold,10,235,COc1ccccc1OCC(O)CO,0,0.500396241925289,0.3673469387755102,0.30-0.50
scaffold,10,236,OCCOCCN1CCN(C(c2ccccc2)c2ccc(Cl)cc2)CC1,0,0.03126911131984891,0.5,0.50-0.70
scaffold,10,237,COc1ccc(OC)c(C(O)CNC(=O)CN)c1,0,0.16835347967138187,0.23880597014925373,<0.30
scaffold,10,238,CN(C)CC[C@@H](c1ccc(Br)cc1)c1ccccn1,0,0.5003122172571552,0.3333333333333333,0.30-0.50
scaffold,10,239,C/C1=C2/[N-]C([C@H](CC(N)=O)[C@@]2(C)CCC(=O)NCC(C)OP(=O)(O)OC2C(O)[C@@H](n3cnc4cc(C)c(C)cc43)O[C@H]2CO)[C@]2(C)N=C(/C(C)=C3N=C(/C=C4N=C1[C@@H](CCC(N)=O)C\4(C)C)[C@@H](CCC(N)=O)[C@]\3(C)CC(N)=O)[C@@H](CCC(N)=O)[C@]2(C)CC(N)=O.[C-]#N.[Co+3],0,0.2259640198184712,0.19607843137254902,<0.30
scaffold,10,240,CC(=CCC1=C(C)C(=O)c2ccccc2C1=O)CCCC(C)CCCC(C)CCCC(C)C,0,0.20726700364739717,0.23529411764705882,<0.30
scaffold,10,242,O=C(CCCCCCC(=O)Nc1ccccc1)NO,0,0.7166307775263145,0.38095238095238093,0.30-0.50
scaffold,10,245,NS(=O)(=O)c1cc(Cl)c(Cl)c(S(N)(=O)=O)c1,0,0.69802407073259,0.15942028985507245,<0.30
scaffold,10,251,C[C@H](N)Cc1ccccc1,0,0.2650083600507424,0.4827586206896552,0.30-0.50
scaffold,10,252,O=C(NC(CO)C(O)c1ccc([N+](=O)[O-])cc1)C(Cl)Cl,0,0.6153386410767909,0.24074074074074073,<0.30
scaffold,10,253,CC(C)NCC(O)c1cc(O)cc(O)c1,0,0.3370563155085827,0.32075471698113206,0.30-0.50
scaffold,10,254,CN(C)CCC(c1ccc(Cl)cc1)c1ccccn1,0,0.36942357678126475,0.3333333333333333,0.30-0.50
scaffold,10,257,N=c1nc(N2CCCCC2)cc(N)n1O,0,0.5008881050126176,0.23809523809523808,<0.30
scaffold,10,258,CC(O)(P(=O)(O)O)P(=O)(O)O,0,0.06192105778688971,0.28125,<0.30
scaffold,10,259,C#CCN(C)[C@H](C)Cc1ccccc1,0,0.1360040414296478,0.625,0.50-0.70
scaffold,10,264,CCC(c1cccc(O)c1)C(C)CN(C)C,0,0.34002373322680185,0.26666666666666666,<0.30
scaffold,10,269,CO[Si](C)(C)O[Si](C)(C)C.O=[Si]=O,0,0.29977032185300456,0.11764705882352941,<0.30
scaffold,10,272,O=C([O-])CCCO.[Na+],0,0.11891443605613318,0.3333333333333333,0.30-0.50
scaffold,10,276,NCC1OC(OC2C(CO)OC(OC3C(O)C(N)CC(N)C3OC3OC(CN)C(O)C(O)C3N)C2O)C(N)C(O)C1O,0,0.062138506758087006,0.6326530612244898,0.50-0.70
scaffold,10,279,CN(C)CCOC(C)(c1ccccc1)c1ccccn1,0,0.18378208816143474,0.37209302325581395,0.30-0.50
scaffold,10,286,CN(C)CCOC(c1ccc(Cl)cc1)c1ccccn1,0,0.17890947194150156,0.5365853658536586,0.50-0.70
scaffold,10,288,C[N+]1(C)CCCC(OC(=O)C(O)(c2ccccc2)c2ccccc2)C1,0,0.027867262424563357,0.6382978723404256,0.50-0.70
scaffold,10,290,C=Cc1ccccc1S(=O)(=O)[O-].[Ca+2],0,0.7311200647757188,0.17857142857142858,<0.30
scaffold,10,291,CCN(CC)C(C)C(=O)c1ccccc1,0,0.4173941114628299,0.3333333333333333,0.30-0.50
scaffold,10,299,COc1ccc2c3c1O[C@H]1C(=O)CC[C@@]4(O)[C@@H](C2)N(C)CC[C@]314,0,0.17129325146087648,0.42857142857142855,0.30-0.50
scaffold,10,300,OCCN1C[C@H](O)[C@@H](O)[C@H](O)[C@H]1CO,0,0.04891397308530762,0.20588235294117646,<0.30
scaffold,10,301,O=P(O)(O)C(Sc1ccc(Cl)cc1)P(=O)(O)O,0,0.5764864554565169,0.225,<0.30
scaffold,10,304,CC(C)(C)NCC(O)c1ccc(O)c(CO)c1,0,0.42436511282049516,0.3220338983050847,0.30-0.50
scaffold,10,306,CCCCN1C[C@H](O)[C@@H](O)[C@H](O)[C@H]1CO,0,0.06774261753233474,0.18421052631578946,<0.30
scaffold,10,307,C=CCN1C[C@H](C(=O)N(CCCN(C)C)C(=O)NCC)C[C@@H]2c3cccc4[nH]cc(c34)C[C@H]21,0,0.02930374365971134,0.32456140350877194,0.30-0.50
scaffold,10,308,CC(=O)Oc1ccccc1C(=O)Nc1ncc([N+](=O)[O-])s1,0,0.9429706527953547,0.26229508196721313,<0.30
scaffold,10,309,COc1ccccc1OCC(O)CN1CCN(CC(=O)Nc2c(C)cccc2C)CC1,0,0.14426421517625163,0.3125,0.30-0.50
scaffold,10,312,CCC(=O)NCC[C@@H]1CCc2ccc3c(c21)CCO3,0,0.6459441697284248,0.24675324675324675,<0.30
scaffold,10,318,CCC(C)CCCCC(=O)NC(CCN)C(=O)NC(C(=O)NC(CCN)C(=O)NC1CCNC(=O)C(C(C)O)NC(=O)C(CCN)NC(=O)C(CCN)NC(=O)C(CC(C)C)NC(=O)C(Cc2ccccc2)NC(=O)C(CCN)NC1=O)C(C)O.O=S(=O)(O)O,0,0.02502953065404224,0.7019230769230769,>=0.70
scaffold,10,325,CN[C@@H](C)[C@H](O)c1ccccc1,0,0.5802443832071319,0.2857142857142857,<0.30
scaffold,10,327,Fc1ccccc1C1=NCC(=S)N(CC(F)(F)F)c2ccc(Cl)cc21,0,0.6004055664133842,0.5166666666666667,0.50-0.70
scaffold,10,336,CC[N+](C)(C)c1cccc(O)c1,0,0.3472152437517303,0.2549019607843137,<0.30
scaffold,10,337,NCCc1ccc(O)c(O)c1,0,0.17632016450119528,0.41025641025641024,0.30-0.50
scaffold,10,343,CCN(CC)CC(=O)Nc1c(C)cccc1C,0,0.7259038482665141,0.3617021276595745,0.30-0.50
scaffold,10,345,NC(N)=NCCC[C@H](N)C(=O)O,0,0.11529859295908129,0.40625,0.30-0.50
scaffold,10,346,CC(=O)OCC[N+](C)(C)C,0,0.012425109411117791,0.6521739130434783,0.50-0.70
scaffold,10,349,CN(C)CC[C@@H](c1ccc(Cl)cc1)c1ccccn1,0,0.36942357678126475,0.3333333333333333,0.30-0.50
scaffold,10,350,CNCCCC1c2ccccc2C=Cc2ccccc21,0,0.7105102247172915,0.29545454545454547,<0.30
scaffold,10,354,C[C@]12CCC3[C@@H](CC[C@H]4NC(=O)C=C[C@]34C)[C@@H]1CC[C@@H]2C(=O)Nc1cc(C(F)(F)F)ccc1C(F)(F)F,0,0.9649999907966474,0.24390243902439024,<0.30
scaffold,10,363,Oc1ccc2c3c1OC1[C@@H](O)CC[C@@]4(O)[C@@H](C2)N(CC2CCC2)CC[C@]314,0,0.2982299993099692,0.4626865671641791,0.30-0.50
scaffold,10,367,CCC(=O)N(c1ccccc1)C1(COC)CCN(CCn2nnn(CC)c2=O)CC1,0,0.03805617283536539,0.6153846153846154,0.50-0.70
scaffold,10,370,Nc1ccc(C(=O)NCC(=O)O)cc1,0,0.8985002122999813,0.37209302325581395,0.30-0.50
scaffold,10,371,CC[C@H](C)[C@H](NC(=O)[C@@H](NC(=O)[C@H](CCC(=O)O)NC(=O)[C@H](CC(C)C)NC(=O)[C@H](CCSC)NC(=O)[C@H](CCCCN)NC(=O)[C@H](CCCNC(=N)N)NC(=O)[C@H](CC(N)=O)NC(=O)[C@H](CO)NC(=O)[C@H](Cc1cnc[nH]1)NC(=O)[C@H](C)NC(=O)[C@H](CCC(N)=O)NC(=O)[C@H](CCC(N)=O)NC(=O)[C@H](C)NC(=O)[C@H](CC(C)C)NC(=O)[C@H](CCC(N)=O)NC(=O)[C@H](CCC(=O)O)NC(=O)[C@H](C)NC(=O)[C@H](CCCNC(=N)N)NC(=O)[C@H](C)NC(=O)[C@H](CCSC)NC(=O)[C@H](CCC(=O)O)NC(=O)[C@H](CC(C)C)NC(=O)[C@@H](NC(=O)[C@H](CCC(=O)O)NC(=O)[C@H](CCCNC(=N)N)NC(=O)[C@H](CC(C)C)NC(=O)[C@H](CC(C)C)NC(=O)[C@H](Cc1cnc[nH]1)NC(=O)[C@H](Cc1ccccc1)NC(=O)[C@@H](NC(=O)[C@H](CC(C)C)NC(=O)[C@H](CC(=O)O)NC(=O)[C@H](CC(C)C)NC(=O)[C@H](CO)NC(=O)[C@@H](NC(=O)[C@@H]1CCCN1C(=O)[C@@H]1CCCN1C(=O)[C@H](CCC(=O)O)NC(=O)[C@H](CCC(=O)O)NC(=O)[C@@H](N)CO)[C@@H](C)CC)[C@@H](C)O)C(C)C)[C@@H](C)CC)C(=O)O,0,0.0021659703586584464,0.7317073170731707,>=0.70
scaffold,10,373,CNC(=O)c1c(I)c(NC(C)=O)c(I)c(C(=O)O)c1I,0,0.18982563949579973,0.3333333333333333,0.30-0.50
scaffold,10,379,O=C(NCC(O)CO)c1c(I)c(C(=O)NCC(O)CO)c(I)c(N(CCO)C(=O)CO)c1I,0,0.1547031394914371,0.18461538461538463,<0.30
scaffold,10,380,CC[C@H](C)[C@H](NC(=O)[C@H](CC(=O)O)NC(=O)[C@H](CC(C)C)NC(=O)[C@H](CC(C)C)NC(=O)[C@H](CCCCN)NC(=O)[C@H](CCCNC(=N)N)NC(=O)[C@H](CC(N)=O)NC(=O)[C@H](CO)NC(=O)[C@H](Cc1cnc[nH]1)NC(=O)[C@H](C)NC(=O)[C@H](CCC(N)=O)NC(=O)[C@H](CCC(N)=O)NC(=O)[C@H](C)NC(=O)[C@H](CC(C)C)NC(=O)[C@H](CCC(N)=O)NC(=O)[C@H](CC(=O)O)NC(=O)[C@H](C)NC(=O)[C@H](CCCCN)NC(=O)[C@@H](NC(=O)[C@H](CCSC)NC(=O)[C@H](CCC(=O)O)NC(=O)[C@H](CC(C)C)NC(=O)[C@@H](NC(=O)[C@H](CCC(=O)O)NC(=O)[C@H](CCCNC(=N)N)NC(=O)[C@H](CC(C)C)NC(=O)[C@H](CC(C)C)NC(=O)[C@H](Cc1cnc[nH]1)NC(=O)[C@H](Cc1ccccc1)NC(=O)[C@@H](NC(=O)[C@H](CC(C)C)NC(=O)[C@H](CC(=O)O)NC(=O)[C@H](CC(C)C)NC(=O)[C@H](CO)NC(=O)[C@@H](NC(=O)[C@@H]1CCCN1C(=O)[C@@H]1CCCN1C(=O)[C@H](CCC(=O)O)NC(=O)[C@H](CCC(N)=O)NC(=O)[C@@H](N)CO)[C@@H](C)CC)[C@@H](C)O)C(C)C)[C@@H](C)O)C(=O)N[C@@H](C)C(N)=O,0,0.0017586879128883518,0.7423312883435583,>=0.70
scaffold,10,383,CCNC(=NCCCC[C@H](NC(=O)[C@H](CC(C)C)NC(=O)[C@@H](CCCCN=C(NCC)NCC)NC(=O)[C@H](Cc1ccc(O)cc1)NC(=O)[C@H](CO)NC(=O)[C@@H](Cc1cccnc1)NC(=O)[C@@H](Cc1ccc(Cl)cc1)NC(=O)[C@@H](Cc1ccc2ccccc2c1)NC(C)=O)C(=O)N1CCC[C@H]1C(=O)N[C@H](C)C(N)=O)NCC,0,0.18563259465097487,0.40789473684210525,0.30-0.50
scaffold,10,386,CC[C@H](C)[C@H](NC(=O)[C@H](Cc1ccccc1)NC(=O)[C@H](CC(C)C)NC(=O)[C@H](CCCNC(=N)N)NC(=O)[C@@H](NC(=O)[C@H](C)NC(=O)[C@H](CCC(=O)O)NC(=O)[C@H](CCC(=O)O)NC(=O)[C@H](CCC(=O)O)NC(=O)[C@H](CCSC)NC(=O)[C@H](CCC(N)=O)NC(=O)[C@H](CCCCN)NC(=O)[C@H](CO)NC(=O)[C@H](CC(C)C)NC(=O)[C@H](CC(=O)O)NC(=O)[C@H](CO)NC(=O)[C@@H](NC(=O)[C@H](Cc1ccccc1)NC(=O)[C@@H](NC(=O)CNC(=O)[C@H](CCC(=O)O)NC(=O)CNC(=O)[C@@H](N)Cc1cnc[nH]1)[C@@H](C)O)[C@@H](C)O)C(C)C)C(=O)N[C@@H](CCC(=O)O)C(=O)N[C@@H](Cc1c[nH]c2ccccc12)C(=O)N[C@@H](CC(C)C)C(=O)N[C@@H](CCCCN)C(=O)N[C@@H](CC(N)=O)C(=O)NCC(=O)NCC(=O)N1CCC[C@H]1C(=O)N[C@@H](CO)C(=O)N[C@@H](CO)C(=O)NCC(=O)N[C@@H](C)C(=O)N1CCC[C@H]1C(=O)N1CCC[C@H]1C(=O)N1CCC[C@H]1C(=O)N[C@@H](CO)C(N)=O,0,0.0004961740627726812,0.7206703910614525,>=0.70
scaffold,10,387,C[NH+](C)CCOC(c1ccccc1)c1ccccc1.Cn1c2nc(Cl)nc-2c([O-])n(C)c1=O,0,0.17668955768190858,0.3157894736842105,0.30-0.50
scaffold,10,389,C[N+]1(CC2CC2)CC[C@]23c4c5ccc(O)c4O[C@H]2C(=O)CC[C@@]3(O)[C@H]1C5.[Br-],0,0.26292181196084957,0.3076923076923077,0.30-0.50
scaffold,10,390,C=CCN1CC[C@]23c4c5ccc(O)c4O[C@H]2C(=O)CC[C@@]3(O)[C@H]1C5,0,0.11369517054573279,0.3157894736842105,0.30-0.50
scaffold,10,399,NC[C@H](O)c1ccc(O)c(O)c1,0,0.28048331488332745,0.3076923076923077,0.30-0.50
scaffold,10,400,CNC[C@H](O)c1ccc(O)c(O)c1,0,0.38201829970085877,0.36538461538461536,0.30-0.50
scaffold,10,402,CC(=O)Nc1c(I)c(NC(C)=O)c(I)c(C(=O)O)c1I,0,0.34965498182358096,0.38461538461538464,0.30-0.50
scaffold,10,407,O=C(O)CN(CCN(CC(=O)O)CC(=O)O)CCN(CC(=O)O)CC(=O)O,0,0.296875980264977,0.39473684210526316,0.30-0.50
scaffold,10,410,CC(=O)O[C@H]1C[C@@H]2CC[C@@H]3[C@H](CC[C@@]4(C)[C@H]3C[C@H]([N+]3(C)CCCCC3)[C@@H]4OC(C)=O)[C@@]2(C)C[C@@H]1N1CCCCC1.[Br-],0,0.018942239739066134,0.7936507936507936,>=0.70
scaffold,10,417,COc1cc2c(cc1OC)[C@@H](Cc1cc(OC)c(OC)c(OC)c1)[N+](C)(CCCOC(=O)CC/C=C/CCC(=O)OCCC[N+]1(C)CCc3cc(OC)c(OC)cc3[C@H]1Cc1cc(OC)c(OC)c(OC)c1)CC2,0,0.01563169458366393,0.6825396825396826,0.50-0.70
scaffold,10,421,CCCCCCCN(CC)CCCC(O)c1ccc(NS(C)(=O)=O)cc1,0,0.5428494157292351,0.33783783783783783,0.30-0.50
scaffold,10,428,NCCCNCCSP(=O)(O)O,0,0.055522982603235016,0.32142857142857145,0.30-0.50
scaffold,10,430,CNC[C@H](O)[C@@H](O)[C@H](O)[C@H](O)CO.CNC[C@H](O)[C@@H](O)[C@H](O)[C@H](O)CO.O=C([O-])CN(CCN(CC(=O)[O-])CC(=O)O)CCN(CC(=O)O)C(COCc1ccccc1)C(=O)[O-].[Gd+3],0,0.3379212105122822,0.6229508196721312,0.50-0.70
scaffold,10,434,COC(=O)CCc1ccc(OCC(O)CNC(C)C)cc1,0,0.47514659909600615,0.39285714285714285,0.30-0.50
scaffold,10,442,C/C(=N\O)[C@@H](C)NCC(C)(C)CN[C@H](C)/C(C)=N/O,0,0.08525420510156254,0.17647058823529413,<0.30
scaffold,10,446,NCCc1ccc(O)cc1,0,0.1885084901672731,0.3333333333333333,0.30-0.50
scaffold,11,4,CC(=O)Nc1nnc(S(N)(=O)=O)s1,1,0.7929495463111011,0.2631578947368421,<0.30
scaffold,11,21,O=c1[nH]c2cc(Cl)ccc2o1,1,0.9547837413219302,0.25,<0.30
scaffold,11,24,COc1ccc([C@@H]2Sc3ccccc3N(CCN(C)C)C(=O)[C@@H]2OC(C)=O)cc1,1,0.3566736278692118,0.2465753424657534,<0.30
scaffold,11,31,O=C1NC(=O)C(c2ccccc2)(c2ccccc2)N1,1,0.7796811373845963,0.2894736842105263,<0.30
scaffold,11,53,CC1=C(CC(=O)O)c2cc(F)ccc2C1=Cc1ccc(S(C)=O)cc1,1,0.8600896985992251,0.25,<0.30
scaffold,11,56,CC[C@H]1OC(=O)[C@H](C)C(=O)[C@H](C)[C@@H](O[C@@H]2O[C@H](C)C[C@H](N(C)C)[C@H]2O)[C@@](C)(OC)C[C@@H](C)C(=O)[C@H](C)[C@H]2N(CCCCn3cnc(-c4cccnc4)c3)C(=O)O[C@]12C,1,0.9893735519415944,0.4396551724137931,0.30-0.50
scaffold,11,59,CN(C)CCCN1c2ccccc2CCc2ccc(Cl)cc21,1,0.7823645996581011,0.38181818181818183,0.30-0.50
scaffold,11,63,CC1=C(/C=C/C(C)=C/C=C/C(C)=C\C(=O)O)C(C)(C)CCC1,1,0.6976424078964372,0.42857142857142855,0.30-0.50
scaffold,11,64,N[C@@H]1CCCC[C@H]1N.O=C([O-])C(=O)[O-].[Pt+2],1,0.07891522789678629,0.23809523809523808,<0.30
scaffold,11,71,COc1cc2ncnc(Nc3ccc(F)c(Cl)c3)c2cc1OCCCN1CCOCC1,1,0.9750837393054846,0.40789473684210525,0.30-0.50
scaffold,11,73,CC(C)c1c(C(=O)Nc2ccccc2)c(-c2ccccc2)c(-c2ccc(F)cc2)n1CC[C@@H](O)C[C@@H](O)CC(=O)O,1,0.11477641345910507,0.21794871794871795,<0.30
scaffold,11,74,CCN(CC)C(=S)SSC(=S)N(CC)CC,1,0.16694098950504827,0.18604651162790697,<0.30
scaffold,11,87,CCCCc1oc2ccc(NS(C)(=O)=O)cc2c1C(=O)c1ccc(OCCCN(CCCC)CCCC)cc1,1,0.9122799272956503,0.37681159420289856,0.30-0.50
scaffold,11,89,C[C@H]1O[C@H](O[C@H]2[C@H](O)[C@@H](O)[C@@H](O[C@H]3[C@H](O)[C@@H](O)[C@H](O)O[C@@H]3CO)O[C@@H]2CO)[C@H](O)[C@@H](O)[C@@H]1N[C@H]1C=C(CO)[C@H](O)[C@H](O)[C@H]1O,1,0.35720206419231676,0.3333333333333333,0.30-0.50
scaffold,11,95,O=C1NC(c2ccccc2)(c2ccccc2)C(=O)N1COP(=O)(O)O,1,0.6463698788542462,0.2653061224489796,<0.30
scaffold,11,98,CCc1nn(CCCN2CCN(c3cccc(Cl)c3)CC2)c(=O)n1CCOc1ccccc1,1,0.4353420845270421,0.2597402597402597,<0.30
scaffold,11,101,CCCCc1oc2ccccc2c1C(=O)c1cc(I)c(OCCN(CC)CC)c(I)c1,1,0.7840967466882741,0.2247191011235955,<0.30
scaffold,11,104,Cc1cn([C@H]2C[C@H](N=[N+]=[N-])[C@@H](CO)O2)c(=O)[nH]c1=O,1,0.787093406139726,0.4727272727272727,0.30-0.50
scaffold,11,107,C[C@]12CC(=CO)C(=O)C[C@@H]1CC[C@@H]1[C@@H]2CC[C@@]2(C)[C@H]1CC[C@]2(C)O,1,0.5405955473575139,0.5882352941176471,0.50-0.70
scaffold,11,108,C#C[C@]1(O)CC[C@H]2[C@@H]3CCC4=Cc5oncc5C[C@]4(C)[C@H]3CC[C@@]21C,1,0.16002063461398003,0.3235294117647059,0.30-0.50
scaffold,11,111,Cc1oncc1C(=O)Nc1ccc(C(F)(F)F)cc1,1,0.8362217925203713,0.2727272727272727,<0.30
scaffold,11,116,CCCc1cc(=O)[nH]c(=S)[nH]1,1,0.8057512106536037,0.17543859649122806,<0.30
scaffold,11,130,CCc1oc2ccccc2c1C(=O)c1cc(Br)c(O)c(Br)c1,1,0.9456348527567869,0.28846153846153844,<0.30
scaffold,11,134,CCCN(CCC)C(=O)Cc1c(-c2ccc(Cl)cc2)nc2ccc(Cl)cn12,1,0.964465746247443,0.288135593220339,<0.30
scaffold,11,147,CCOC(=O)CN[C@@H](C(=O)N1CC[C@H]1C(=O)NCc1ccc(/C(N)=N/O)cc1)C1CCCCC1,1,0.3412719486727828,0.2403846153846154,<0.30
scaffold,11,157,CCc1oc2ccccc2c1C(=O)c1ccc(O)cc1,1,0.7012520064081398,0.2558139534883721,<0.30
scaffold,11,158,CCc1oc2ccccc2c1C(=O)c1cc(I)c(O)c(I)c1,1,0.8290713937915546,0.24489795918367346,<0.30
scaffold,11,160,CC(=O)Oc1ccc(C(=C2CCCCC2)c2ccc(OC(C)=O)cc2)cc1,1,0.7218883265350816,0.3617021276595745,0.30-0.50
scaffold,11,166,CN(C)Cc1ccc(CSCCN/C(=C\[N+](=O)[O-])NCc2ccc3c(c2)OCO3)o1,1,0.7477581602292493,0.25,<0.30
scaffold,11,167,CN1CCCC(CN2c3ccccc3Sc3ccccc32)C1,1,0.4708545063245287,0.3548387096774194,0.30-0.50
scaffold,11,173,O=c1[nH]c(=O)n([C@@H]2O[C@H](CO)[C@@H](O)[C@@H]2F)cc1I,1,0.6032758204322443,0.3888888888888889,0.30-0.50
scaffold,11,176,CCO[C@@H]1OC(=O)C[C@@H]1NC(=O)[C@@H]1CCCN2C(=O)CC[C@H](NC(=O)c3nccc4ccccc34)C(=O)N12,1,0.4654202013902033,0.2159090909090909,<0.30
scaffold,11,195,NCCCCCC(=O)O,0,0.10534363427657914,0.4838709677419355,0.30-0.50
scaffold,11,203,COc1ccc2c(c1)[C@]13CCCC[C@@H]1[C@H](C2)N(C)CC3,0,0.024728004093818184,0.3230769230769231,0.30-0.50
scaffold,11,208,CCC1(c2ccccc2)C(=O)NCNC1=O,0,0.5010730189523744,0.3181818181818182,0.30-0.50
scaffold,11,213,Cc1ncc(C[n+]2csc(CCO)c2C)c(N)n1,0,0.559742205844768,0.23076923076923078,<0.30
scaffold,11,215,NC[C@@H]1O[C@H](O[C@H]2[C@@H](O)[C@H](O[C@@H]3[C@@H](O)[C@H](N)C[C@H](N)[C@H]3O[C@H]3O[C@H](CO)[C@@H](O)[C@H](O)[C@H]3N)O[C@@H]2CO)[C@H](N)[C@@H](O)[C@@H]1O,0,0.02890970788861818,0.6530612244897959,0.50-0.70
scaffold,11,222,CN1[C@@H]2CC[C@H]1CC(OC(=O)C(CO)c1ccccc1)C2,0,0.023006832813643834,0.6808510638297872,0.50-0.70
scaffold,11,229,Cc1cccc(CN2CCN(C(c3ccccc3)c3ccc(Cl)cc3)CC2)c1,0,0.3900517599960742,0.5,0.50-0.70
scaffold,11,243,Cc1ncc2n1-c1ccc(Cl)cc1C(c1ccccc1F)=NC2,0,0.9728070693314401,0.2375,<0.30
scaffold,11,246,NCC1CCC(C(=O)O)CC1,0,0.16225356772422794,0.25,<0.30
scaffold,11,257,N=c1nc(N2CCCCC2)cc(N)n1O,0,0.3263883405701556,0.23809523809523808,<0.30
scaffold,11,258,CC(O)(P(=O)(O)O)P(=O)(O)O,0,0.06460437836108666,0.28125,<0.30
scaffold,11,263,CC#C[C@]1(O)CC[C@H]2[C@@H]3CCC4=CC(=O)CCC4=C3[C@@H](c3ccc(N(C)C)cc3)C[C@@]21C,0,0.42395207084907405,0.27710843373493976,<0.30
scaffold,11,265,CC(Cc1ccccc1)N(C)Cc1ccccc1,0,0.1788277403195773,0.625,0.50-0.70
scaffold,11,266,Cc1c(-c2ccccc2)oc2c(C(=O)OCCN3CCCCC3)cccc2c1=O,0,0.2695089307806206,0.2716049382716049,<0.30
scaffold,11,276,NCC1OC(OC2C(CO)OC(OC3C(O)C(N)CC(N)C3OC3OC(CN)C(O)C(O)C3N)C2O)C(N)C(O)C1O,0,0.036086735048945544,0.6326530612244898,0.50-0.70
scaffold,11,284,CN1CC[C@]23CCCC[C@H]2[C@H]1Cc1ccc(O)cc13,0,0.009530541425552125,0.3770491803278688,0.30-0.50
scaffold,11,297,CC(N)C12CC3CC(CC(C3)C1)C2,0,0.13426216079660386,0.24,<0.30
scaffold,11,305,CN1[C@@H]2CC[C@@H]1CC(OC(c1ccccc1)c1ccccc1)C2,0,0.1131606189595364,0.32075471698113206,0.30-0.50
scaffold,11,315,CC(O)C(O)C1CNc2[nH]c(N)nc(=O)c2N1,0,0.12371597982939124,0.3037974683544304,0.30-0.50
scaffold,11,318,CCC(C)CCCCC(=O)NC(CCN)C(=O)NC(C(=O)NC(CCN)C(=O)NC1CCNC(=O)C(C(C)O)NC(=O)C(CCN)NC(=O)C(CCN)NC(=O)C(CC(C)C)NC(=O)C(Cc2ccccc2)NC(=O)C(CCN)NC1=O)C(C)O.O=S(=O)(O)O,0,0.10884080245300984,0.7019230769230769,>=0.70
scaffold,11,319,Clc1ccc2c(c1)C(c1ccccc1)=NCc1nncn1-2,0,0.945365091404863,0.20588235294117646,<0.30
scaffold,11,323,O=[N+]([O-])OCC(CO[N+](=O)[O-])O[N+](=O)[O-],0,0.29105143743806927,0.21212121212121213,<0.30
scaffold,11,326,CN1CCCN=C1/C=C/c1cccs1,0,0.723732917926146,0.18333333333333332,<0.30
scaffold,11,327,Fc1ccccc1C1=NCC(=S)N(CC(F)(F)F)c2ccc(Cl)cc21,0,0.9816749382042477,0.21794871794871795,<0.30
scaffold,11,330,CCCC(C)(COC(N)=O)COC(=O)NC(C)C,0,0.1766604144447382,0.696969696969697,0.50-0.70
scaffold,11,344,CCC(C)[C@H](N)C1=NCC(C(=O)N[C@@H](CC(C)C)C(=O)N[C@H](CCC(=O)O)C(=O)N[C@H](C(=O)N[C@H]2CCCCNC(=O)[C@H](CC(N)=O)NC(=O)[C@@H](CC(=O)O)NC(=O)[C@H](Cc3cnc[nH]3)NC(=O)[C@@H](Cc3ccccc3)NC(=O)[C@H](C(C)CC)NC(=O)[C@@H](CCCN)NC2=O)C(C)CC)S1,0,0.13024780284515866,0.3904761904761905,0.30-0.50
scaffold,11,345,NC(N)=NCCC[C@H](N)C(=O)O,0,0.24452376649596122,0.40625,0.30-0.50
scaffold,11,351,CCCCCCC(C)(C)c1cc(O)c2c(c1)OC(C)(C)[C@@H]1CCC(=O)C[C@@H]21,0,0.3572300739836613,0.2261904761904762,<0.30
scaffold,11,353,CN[C@@H]1CCc2[nH]c3ccc(C(N)=O)cc3c2C1,0,0.8783717807586404,0.19696969696969696,<0.30
scaffold,11,360,OC(CCN1CCCCC1)(c1ccccc1)C1CCCCC1,0,0.00283761446391482,1.0,>=0.70
scaffold,11,362,Oc1ccc2c(c1)[C@@]13CCCC[C@@]1(O)[C@@H](C2)N(CC1CCC1)CC3,0,0.016835172642405433,0.3484848484848485,0.30-0.50
scaffold,11,363,Oc1ccc2c3c1OC1[C@@H](O)CC[C@@]4(O)[C@@H](C2)N(CC2CCC2)CC[C@]314,0,0.03921764342934696,0.4861111111111111,0.30-0.50
scaffold,11,364,CCC(=O)N(c1ccccc1)C1(COC)CCN(CCc2cccs2)CC1,0,0.1174173650815727,0.6153846153846154,0.50-0.70
scaffold,11,375,[13CH3]C(O)C(=O)[O-].[Na+],0,0.18098857247733385,0.4,0.30-0.50
scaffold,11,391,CCCC(=O)OCOC(=O)C1=C(C)NC(C)=C(C(=O)OC)C1c1cccc(Cl)c1Cl,0,0.9061113326868268,0.22388059701492538,<0.30
scaffold,11,397,CC[C@H](C)[C@@H]1NC(=O)[C@H](Cc2ccccc2)NC(=O)[C@H](CCC(=O)O)NC(=O)[C@H](CCC(=O)O)NC(=O)[C@@H]2CSSC[C@@H]3NC(=O)[C@H](CCC(=O)O)NC(=O)[C@H](CCC(=O)O)NC(=O)[C@H](CC(C)C)NC(=O)[C@H](CO)NC(=O)[C@H](CCC(=O)O)NC(=O)[C@H](Cc4ccccc4)NC(=O)[C@H](CCCNC(=N)N)NC(=O)[C@H](CC(N)=O)NC(=O)[C@H](CCC(N)=O)NC(=O)[C@H](CC(N)=O)NC(=O)CNC(=O)[C@H](CCC(=O)O)NC(=O)[C@H](CSSC[C@H](NC(=O)[C@@H]4CCCN4C(=O)CNC(=O)[C@H](CC(=O)O)NC(=O)[C@H](CC(=O)O)NC(=O)[C@H](C)NC(=O)[C@H](CCCCN)NC(=O)[C@H](Cc4ccccc4)NC(=O)[C@H](C)NC(=O)[C@@H](NC(=O)[C@H](Cc4ccccc4)NC(=O)[C@H](CO)NC(=O)[C@H](Cc4cnc[nH]4)NC(=O)[C@H](CCSC)NC(=O)[C@H](C)NC(=O)[C@@H](N)CCC(=O)O)CSSC[C@@H](C(=O)N[C@H](C(=O)N[C@@H](CCCNC(=N)N)C(=O)N[C@@H](CC(=O)O)C(=O)O)[C@H](C)O)NC(=O)[C@H](CCSC)NC(=O)[C@H](CCCCN)NC(=O)[C@H](CCCCN)NC3=O)C(=O)N[C@@H](CCCNC(=N)N)C(=O)N[C@@H](C)C(=O)N[C@@H](C)C(=O)N[C@@H](Cc3cnc[nH]3)C(=O)N3CCC[C@H]3C(=O)N[C@@H](CCCNC(=N)N)C(=O)N[C@@H](Cc3c[nH]c4ccccc34)C(=O)N[C@@H](Cc3ccccc3)C(=O)N[C@@H](Cc3ccccc3)C(=O)N[C@@H](CC(N)=O)C(=O)N[C@@H]([C@@H](C)CC)C(=O)N[C@@H](Cc3ccccc3)C(=O)N[C@@H]([C@H](C)O)C(=O)N[C@@H](CCCNC(=N)N)C(=O)N[C@@H](CCC(N)=O)C(=O)N2)NC(=O)CNC(=O)CNC(=O)[C@H](Cc2ccc(O)cc2)NC1=O,0,6.4458773269071576e-06,0.49416342412451364,0.30-0.50
scaffold,11,401,C[N+](C)(C)CCOC(=O)CCC(=O)OCC[N+](C)(C)C,0,0.017976008708772518,0.6521739130434783,0.50-0.70
scaffold,11,407,O=C(O)CN(CCN(CC(=O)O)CC(=O)O)CCN(CC(=O)O)CC(=O)O,0,0.1762527037847081,0.3055555555555556,0.30-0.50
scaffold,11,408,O=C1OC2(c3ccc(O)cc3Oc3cc(O)ccc32)c2ccccc21,0,0.6549528113585343,0.19298245614035087,<0.30
scaffold,11,409,CCCCC[C@](C)(O)/C=C/[C@@H]1[C@@H](C/C=C/CCCC(=O)O)[C@@H](O)C[C@H]1O,0,0.17713422261806117,0.3508771929824561,0.30-0.50
scaffold,11,410,CC(=O)O[C@H]1C[C@@H]2CC[C@@H]3[C@H](CC[C@@]4(C)[C@H]3C[C@H]([N+]3(C)CCCCC3)[C@@H]4OC(C)=O)[C@@]2(C)C[C@@H]1N1CCCCC1.[Br-],0,0.006095465680297059,0.7936507936507936,>=0.70
scaffold,11,415,CNC[C@H](O)[C@@H](O)[C@H](O)[C@H](O)CO.CNC[C@H](O)[C@@H](O)[C@H](O)[C@H](O)CO.O=C([O-])CN(CCN(CC(=O)[O-])CC(=O)O)CCN(CC(=O)[O-])CC(=O)O.[Gd+3],0,0.01157228257280448,0.6229508196721312,0.50-0.70
scaffold,11,423,CC[C@H](C)[C@H](NC(=O)[C@H](CCC(=O)O)NC(=O)[C@H](CCC(=O)O)NC(=O)[C@H](Cc1ccccc1)NC(=O)[C@H](CC(=O)O)NC(=O)CNC(=O)[C@H](CC(N)=O)NC(=O)CNC(=O)CNC(=O)CNC(=O)CNC(=O)[C@@H]1CCCN1C(=O)[C@H](CCCNC(=N)N)NC(=O)[C@@H]1CCCN1C(=O)[C@H](N)Cc1ccccc1)C(=O)N1CCC[C@H]1C(=O)N[C@@H](CCC(=O)O)C(=O)N[C@@H](CCC(=O)O)C(=O)N[C@@H](Cc1ccc(O)cc1)C(=O)N[C@@H](CC(C)C)C(=O)O,0,0.0006021102141291231,0.5454545454545454,0.50-0.70
scaffold,11,431,Cc1nc2c([nH]1)CCN(C(=O)c1ccc(NC(=O)c3ccccc3-c3ccccc3)cc1)c1ccccc1-2,0,0.9807496868891049,0.313953488372093,0.30-0.50
scaffold,11,436,COc1ccc(N(C)C)cc1CN[C@H]1CCCN[C@H]1c1ccccc1,0,0.6152961579386611,0.1917808219178082,<0.30
scaffold,11,440,CN1CCc2cccc3c2[C@H]1Cc1ccc(O)c(O)c1-3,0,0.03803433752537347,0.27941176470588236,<0.30
scaffold,11,443,NC(=O)CCC1NC(=O)C(Cc2ccccc2)NC(=O)C(Cc2ccc(O)cc2)NC(=O)C(N)CSSCC(C(=O)N2CCCC2C(=O)NC(CCCN=C(N)N)C(=O)NCC(N)=O)NC(=O)C(CC(N)=O)NC1=O,0,0.00032624586329540783,0.7090909090909091,>=0.70
scaffold,12,5,CNCCC=C1c2ccccc2CCc2ccccc21,1,0.3148838858658541,0.29545454545454547,<0.30
scaffold,12,8,COc1ccc(Cc2nccc3cc(OC)c(OC)cc23)cc1OC,1,0.6577308950310844,0.24489795918367346,<0.30
scaffold,12,22,CNCC[C@@H](Oc1ccccc1C)c1ccccc1,1,0.36603023251453987,0.3076923076923077,0.30-0.50
scaffold,12,26,CO[C@H]1/C=C/O[C@@]2(C)Oc3c(C)c(O)c4c(c3C2=O)C(=O)/C(=C/NN2CCN(C)CC2)C(=C4O)NC(=O)/C(C)=C\C=C\[C@H](C)[C@H](O)[C@@H](C)[C@@H](O)[C@@H](C)[C@H](OC(C)=O)[C@@H]1C,1,0.7076714364730904,0.17647058823529413,<0.30
scaffold,12,33,NC(=O)N1c2ccccc2C=Cc2ccccc21,1,0.8190603814218562,0.26666666666666666,<0.30
scaffold,12,39,O=C(O)c1cccnc1,1,0.9173935746606765,0.35714285714285715,0.30-0.50
scaffold,12,40,O=C(O)C1=C/C(=N/Nc2ccc(S(=O)(=O)Nc3ccccn3)cc2)C=CC1=O,1,0.9158000913637826,0.24615384615384617,<0.30
scaffold,12,41,COc1ccc2c(c1)c(CC(=O)O)c(C)n2C(=O)c1ccc(Cl)cc1,1,0.969299528061038,0.5172413793103449,0.50-0.70
scaffold,12,46,CS(=O)(=O)OCCCCOS(C)(=O)=O,1,0.03889649572204308,0.18181818181818182,<0.30
scaffold,12,53,CC1=C(CC(=O)O)c2cc(F)ccc2C1=Cc1ccc(S(C)=O)cc1,1,0.7253818549228161,0.2318840579710145,<0.30
scaffold,12,55,CCCSc1ccc2nc(NC(=O)OC)[nH]c2c1,1,0.6803971401788083,0.19402985074626866,<0.30
scaffold,12,62,O=C(O)c1cc(-c2ccc(F)cc2F)ccc1O,1,0.9433235597196575,0.325,0.30-0.50
scaffold,12,67,NC(=O)CC(N)C(=O)[O-],1,0.35446182720788727,0.2916666666666667,<0.30
scaffold,12,84,CNCC[C@H](Oc1cccc2ccccc12)c1cccs1,1,0.17904160588657378,0.24074074074074073,<0.30
scaffold,12,88,Cc1nc(-c2ccc(OCC(C)C)c(C#N)c2)sc1C(=O)O,1,0.8928170754779198,0.22413793103448276,<0.30
scaffold,12,98,CCc1nn(CCCN2CCN(c3cccc(Cl)c3)CC2)c(=O)n1CCOc1ccccc1,1,0.4213720315413845,0.2597402597402597,<0.30
scaffold,12,100,NNC(=O)c1ccncc1,1,0.8460859006385679,0.40476190476190477,0.30-0.50
scaffold,12,103,Cc1cn([C@H]2C=C[C@@H](CO)O2)c(=O)[nH]c1=O,1,0.8731801623003453,0.4727272727272727,0.30-0.50
scaffold,12,113,COc1ccccc1Oc1c(NS(=O)(=O)c2ccc(C(C)(C)C)cc2)nc(-c2ncccn2)nc1OCCO,1,0.7007409412608357,0.2463768115942029,<0.30
scaffold,12,117,Cc1ccnc2c1NC(=O)c1cccnc1N2C1CC1,1,0.7900816376263357,0.23214285714285715,<0.30
scaffold,12,119,CCN(CC)CCNC(=O)c1c(C)[nH]c(/C=C2\C(=O)Nc3ccc(F)cc32)c1C,1,0.34749314812106324,0.2112676056338028,<0.30
scaffold,12,127,CC(C)NNC(=O)c1ccncc1,1,0.7237889663870789,0.391304347826087,0.30-0.50
scaffold,12,145,CCOC(Nc1ccc(C(=O)O)cc1)C(=O)c1ccc(-c2ccccc2)cc1,1,0.5548539234527001,0.3333333333333333,0.30-0.50
scaffold,12,168,O=C(O)Cc1csc(-c2ccc(Cl)cc2)n1,1,0.9923565032114514,0.288135593220339,<0.30
scaffold,12,181,Cc1ccc(-n2[nH]c(C)c(N/N=C3\C=CC=C(c4cccc(C(=O)O)c4)C3=O)c2=O)cc1C.NCCO.NCCO,1,0.33430523373308435,0.2,<0.30
scaffold,12,183,Cc1nnc(C(C)C)n1C1C[C@H]2CC[C@@H](C1)N2CC[C@H](NC(=O)C1CCC(F)(F)CC1)c1ccccc1,1,0.29096692403110735,0.2857142857142857,<0.30
scaffold,12,186,CN(C)CCOC(c1ccccc1)c1ccccc1,0,0.3214557354217321,0.36363636363636365,0.30-0.50
scaffold,12,187,Cc1ccccc1C(OCCN(C)C)c1ccccc1,0,0.41311276479912684,0.3137254901960784,0.30-0.50
scaffold,12,194,CC(=O)N[C@@H](CS)C(=O)O,0,0.11568543446287449,0.27586206896551724,<0.30
scaffold,12,210,CC(C)(C(=O)O)c1ccc(C(O)CCCN2CCC(C(O)(c3ccccc3)c3ccccc3)CC2)cc1,0,0.0050333456085795295,0.3472222222222222,0.30-0.50
scaffold,12,212,Nc1nc(=O)c2nc(CNc3ccc(C(=O)N[C@@H](CCC(=O)O)C(=O)O)cc3)cnc2[nH]1,0,0.578001964624654,0.5125,0.50-0.70
scaffold,12,219,C[N+](C)(C)CC(=O)[O-],0,0.13578471186055097,0.4583333333333333,0.30-0.50
scaffold,12,220,Cc1ncc(CO)c(CO)c1O,0,0.6374469836115674,0.2391304347826087,<0.30
scaffold,12,224,CN(C)CCC(c1ccc(Br)cc1)c1ccccn1,0,0.6667185961164916,0.3333333333333333,0.30-0.50
scaffold,12,238,CN(C)CC[C@@H](c1ccc(Br)cc1)c1ccccn1,0,0.6667185961164916,0.3333333333333333,0.30-0.50
scaffold,12,240,CC(=CCC1=C(C)C(=O)c2ccccc2C1=O)CCCC(C)CCCC(C)CCCC(C)C,0,0.28967229005430584,0.19298245614035087,<0.30
scaffold,12,243,Cc1ncc2n1-c1ccc(Cl)cc1C(c1ccccc1F)=NC2,0,0.9016977456503402,0.3709677419354839,0.30-0.50
scaffold,12,254,CN(C)CCC(c1ccc(Cl)cc1)c1ccccn1,0,0.6821059215843392,0.3333333333333333,0.30-0.50
scaffold,12,266,Cc1c(-c2ccccc2)oc2c(C(=O)OCCN3CCCCC3)cccc2c1=O,0,0.2524408858143015,0.2716049382716049,<0.30
scaffold,12,267,Clc1ccc(C(c2ccccc2Cl)C(Cl)Cl)cc1,0,0.5967530967572213,0.25,<0.30
scaffold,12,273,O.O=C([O-])[O-].O=C([O-])[O-].O=C([O-])[O-].[La+3].[La+3],0,0.4742639004605426,0.45454545454545453,0.30-0.50
scaffold,12,275,CC(C)C(=O)Oc1ccc(CO)cc1[C@H](CCN(C(C)C)C(C)C)c1ccccc1.O=C(O)/C=C/C(=O)O,0,0.1824571525540798,0.2535211267605634,<0.30
scaffold,12,279,CN(C)CCOC(C)(c1ccccc1)c1ccccn1,0,0.45850705532898134,0.3269230769230769,0.30-0.50
scaffold,12,282,CCN(CC)CCOC(=O)C1(C2CCCCC2)CCCCC1,0,0.031870264463633044,0.2903225806451613,<0.30
scaffold,12,286,CN(C)CCOC(c1ccc(Cl)cc1)c1ccccn1,0,0.5480505371909203,0.33962264150943394,0.30-0.50
scaffold,12,289,Cc1ccc(/C(=C\CN2CCCC2)c2ccccn2)cc1,0,0.30494112303616355,0.25,<0.30
scaffold,12,293,C[N+]1(C)CCC(OC(=O)C(O)(c2ccccc2)C2CCCC2)C1,0,0.09436726056750264,0.6382978723404256,0.50-0.70
scaffold,12,294,CC(C)(C(=O)c1cccnc1)c1cccnc1,0,0.6922367887135961,0.32653061224489793,0.30-0.50
scaffold,12,295,OC[C@H]1O[C@@H](O[C@@H]2[C@@H](CO)O[C@](O)(CO)[C@H]2O)[C@H](O)[C@@H](O)[C@H]1O,0,0.3273695561522873,0.43137254901960786,0.30-0.50
scaffold,12,302,Cc1ccc(O)c([C@@H](CCN(C(C)C)C(C)C)c2ccccc2)c1,0,0.3311736549057165,0.265625,<0.30
scaffold,12,303,C=CCN.ClCC1CO1,0,0.19609875776935393,0.1875,<0.30
scaffold,12,311,C[C@H]1CN(C[C@H](Cc2ccccc2)C(=O)NCC(=O)O)CC[C@@]1(C)c1cccc(O)c1,0,0.00492746258270492,0.29577464788732394,<0.30
scaffold,12,313,CCCCC(F)(F)[C@@]1(O)CC[C@@H]2[C@H](CCCCCCC(=O)O)C(=O)C[C@H]2O1,0,0.6473406962952226,0.25,<0.30
scaffold,12,327,Fc1ccccc1C1=NCC(=S)N(CC(F)(F)F)c2ccc(Cl)cc21,0,0.9184861232272079,0.36507936507936506,0.30-0.50
scaffold,12,328,CC[C@@]1(O)C(=O)OCc2c1cc1n(c2=O)Cc2cc3c(CN(C)C)c(O)ccc3nc2-1,0,0.6573147688026157,0.19387755102040816,<0.30
scaffold,12,338,CNC(=O)Oc1ccc2c(c1)[C@]1(C)CCN(C)[C@@H]1N2C,0,0.08044652226132919,0.3230769230769231,0.30-0.50
scaffold,12,342,CCOC(=O)c1ncn2c1CN(C)C(=O)c1cc(F)ccc1-2,0,0.6861069515841619,0.2608695652173913,<0.30
scaffold,12,348,Cl.N#C[C@@H]1C[C@@H]2C[C@@H]2N1C(=O)[C@@H](N)C12CC3CC(CC(O)(C3)C1)C2,0,0.13481019413470618,0.24,<0.30
scaffold,12,349,CN(C)CC[C@@H](c1ccc(Cl)cc1)c1ccccn1,0,0.6821059215843392,0.3333333333333333,0.30-0.50
scaffold,12,361,Cc1cccc(C)c1NC(=O)C1CCCCN1C,0,0.0814716472530238,0.3617021276595745,0.30-0.50
scaffold,12,377,CSCC[C@H](NC(=O)[C@H](Cc1ccc(OS(=O)(=O)O)cc1)NC(=O)[C@@H](N)CC(=O)O)C(=O)NCC(=O)N[C@@H](Cc1c[nH]c2ccccc12)C(=O)N[C@@H](CCSC)C(=O)N[C@@H](CC(=O)O)C(=O)N[C@@H](Cc1ccccc1)C(N)=O,0,0.07773078099023134,0.6354166666666666,0.50-0.70
scaffold,12,378,[Cl][Cu][Cl],0,0.4145446693055554,0.038461538461538464,<0.30
scaffold,12,382,CC[C@H](C)[C@@H]1NC(=O)[C@H](CCCNC(=N)N)NC(=O)[C@H](CC(=O)O)NC(=O)[C@H](CCSC)NC(=O)[C@H](CCCCN)NC(=O)[C@H](CCCNC(=N)N)NC(=O)CNC(=O)[C@H](Cc2ccccc2)NC(=O)[C@@H](NC(=O)CNC(=O)[C@H](CO)NC(=O)CNC(=O)[C@H](CCC(N)=O)NC(=O)[C@@H](NC(=O)[C@H](CCSC)NC(=O)[C@H](CCCCN)NC(=O)[C@@H]2CCCN2C(=O)[C@@H](N)CO)C(C)C)CSSC[C@@H](C(=O)N[C@@H](CCCCN)C(=O)N[C@H](C(=O)N[C@@H](CC(C)C)C(=O)N[C@@H](CCCNC(=N)N)C(=O)N[C@@H](CCCNC(=N)N)C(=O)N[C@@H](CC2C=NC=N2)C(=O)O)C(C)C)NC(=O)CNC(=O)[C@H](CC(C)C)NC(=O)CNC(=O)[C@H](CO)NC(=O)[C@H](CO)NC(=O)[C@H](CO)NC(=O)[C@H](CO)NC1=O,0,0.00018215500969127703,0.4413145539906103,0.30-0.50
scaffold,12,386,CC[C@H](C)[C@H](NC(=O)[C@H](Cc1ccccc1)NC(=O)[C@H](CC(C)C)NC(=O)[C@H](CCCNC(=N)N)NC(=O)[C@@H](NC(=O)[C@H](C)NC(=O)[C@H](CCC(=O)O)NC(=O)[C@H](CCC(=O)O)NC(=O)[C@H](CCC(=O)O)NC(=O)[C@H](CCSC)NC(=O)[C@H](CCC(N)=O)NC(=O)[C@H](CCCCN)NC(=O)[C@H](CO)NC(=O)[C@H](CC(C)C)NC(=O)[C@H](CC(=O)O)NC(=O)[C@H](CO)NC(=O)[C@@H](NC(=O)[C@H](Cc1ccccc1)NC(=O)[C@@H](NC(=O)CNC(=O)[C@H](CCC(=O)O)NC(=O)CNC(=O)[C@@H](N)Cc1cnc[nH]1)[C@@H](C)O)[C@@H](C)O)C(C)C)C(=O)N[C@@H](CCC(=O)O)C(=O)N[C@@H](Cc1c[nH]c2ccccc12)C(=O)N[C@@H](CC(C)C)C(=O)N[C@@H](CCCCN)C(=O)N[C@@H](CC(N)=O)C(=O)NCC(=O)NCC(=O)N1CCC[C@H]1C(=O)N[C@@H](CO)C(=O)N[C@@H](CO)C(=O)NCC(=O)N[C@@H](C)C(=O)N1CCC[C@H]1C(=O)N1CCC[C@H]1C(=O)N1CCC[C@H]1C(=O)N[C@@H](CO)C(N)=O,0,0.0003089391904905913,0.7514792899408284,>=0.70
scaffold,12,388,CCN1CC(CCN2CCOCC2)C(c2ccccc2)(c2ccccc2)C1=O,0,0.3539316896027281,0.32075471698113206,0.30-0.50
scaffold,12,393,[Fe].[O]=[Fe][OH].[O]=[Fe][OH],0,0.27650950455819634,0.15384615384615385,<0.30
scaffold,12,394,Cn1c(CCCC(=O)O)nc2cc(N(CCCl)CCCl)ccc21,0,0.814223137818061,0.21176470588235294,<0.30
scaffold,12,397,CC[C@H](C)[C@@H]1NC(=O)[C@H](Cc2ccccc2)NC(=O)[C@H](CCC(=O)O)NC(=O)[C@H](CCC(=O)O)NC(=O)[C@@H]2CSSC[C@@H]3NC(=O)[C@H](CCC(=O)O)NC(=O)[C@H](CCC(=O)O)NC(=O)[C@H](CC(C)C)NC(=O)[C@H](CO)NC(=O)[C@H](CCC(=O)O)NC(=O)[C@H](Cc4ccccc4)NC(=O)[C@H](CCCNC(=N)N)NC(=O)[C@H](CC(N)=O)NC(=O)[C@H](CCC(N)=O)NC(=O)[C@H](CC(N)=O)NC(=O)CNC(=O)[C@H](CCC(=O)O)NC(=O)[C@H](CSSC[C@H](NC(=O)[C@@H]4CCCN4C(=O)CNC(=O)[C@H](CC(=O)O)NC(=O)[C@H](CC(=O)O)NC(=O)[C@H](C)NC(=O)[C@H](CCCCN)NC(=O)[C@H](Cc4ccccc4)NC(=O)[C@H](C)NC(=O)[C@@H](NC(=O)[C@H](Cc4ccccc4)NC(=O)[C@H](CO)NC(=O)[C@H](Cc4cnc[nH]4)NC(=O)[C@H](CCSC)NC(=O)[C@H](C)NC(=O)[C@@H](N)CCC(=O)O)CSSC[C@@H](C(=O)N[C@H](C(=O)N[C@@H](CCCNC(=N)N)C(=O)N[C@@H](CC(=O)O)C(=O)O)[C@H](C)O)NC(=O)[C@H](CCSC)NC(=O)[C@H](CCCCN)NC(=O)[C@H](CCCCN)NC3=O)C(=O)N[C@@H](CCCNC(=N)N)C(=O)N[C@@H](C)C(=O)N[C@@H](C)C(=O)N[C@@H](Cc3cnc[nH]3)C(=O)N3CCC[C@H]3C(=O)N[C@@H](CCCNC(=N)N)C(=O)N[C@@H](Cc3c[nH]c4ccccc34)C(=O)N[C@@H](Cc3ccccc3)C(=O)N[C@@H](Cc3ccccc3)C(=O)N[C@@H](CC(N)=O)C(=O)N[C@@H]([C@@H](C)CC)C(=O)N[C@@H](Cc3ccccc3)C(=O)N[C@@H]([C@H](C)O)C(=O)N[C@@H](CCCNC(=N)N)C(=O)N[C@@H](CCC(N)=O)C(=O)N2)NC(=O)CNC(=O)CNC(=O)[C@H](Cc2ccc(O)cc2)NC1=O,0,7.078047314558967e-06,0.41295546558704455,0.30-0.50
scaffold,12,401,C[N+](C)(C)CCOC(=O)CCC(=O)OCC[N+](C)(C)C,0,0.014902652107132732,0.6521739130434783,0.50-0.70
scaffold,12,404,CSCC[C@H](NC(=O)[C@H](CO)NC(=O)[C@H](Cc1ccc(O)cc1)NC(=O)C(N)CO)C(=O)N[C@@H](CCC(=O)O)C(=O)N[C@@H](Cc1c[nH]cn1)C(=O)N[C@@H](Cc1ccccc1)C(=O)N[C@@H](CCCNC(=N)N)C(=O)N[C@@H](Cc1c[nH]c2ccccc12)C(=O)NCC(=O)N[C@@H](CCCCN)C(=O)N1CCC[C@H]1C(=O)N[C@H](C(=O)NCC(=O)N[C@H](CCCCN)C(=O)N[C@H](CCCCN)C(=O)N[C@H](CCCNC(=N)N)C(=O)N[C@H](CCCNC(=N)N)C(=O)N1CCC[C@H]1C(=O)N[C@H](C(=O)N[C@@H](CCCCN)C(=O)N[C@H](C(=O)N[C@@H](Cc1ccc(O)cc1)C(=O)N1CCC[C@H]1C(=O)O)C(C)C)C(C)C)C(C)C,0,0.0001766518755655552,0.6753246753246753,0.50-0.70
scaffold,12,405,CC(=O)O[C@H]1C[C@@H]2CC[C@@H]3[C@H](CC[C@@]4(C)[C@H]3C[C@H]([N+]3(C)CCCCC3)[C@@H]4OC(C)=O)[C@@]2(C)C[C@@H]1[N+]1(C)CCCCC1.[Br-].[Br-],0,0.04732427747440287,0.7936507936507936,>=0.70
scaffold,12,409,CCCCC[C@](C)(O)/C=C/[C@@H]1[C@@H](C/C=C/CCCC(=O)O)[C@@H](O)C[C@H]1O,0,0.2799763915951947,0.3508771929824561,0.30-0.50
scaffold,12,411,COc1ccc(CC2c3cc(OC)c(OC)cc3CC[N+]2(C)CCC(=O)OCCCCCOC(=O)CC[N+]2(C)CCc3cc(OC)c(OC)cc3C2Cc2ccc(OC)c(OC)c2)cc1OC,0,0.03346009285982756,0.8095238095238095,>=0.70
scaffold,12,416,Oc1ccc(C2CNCCc3c2cc(O)c(O)c3Cl)cc1,0,0.3292000873195062,0.19148936170212766,<0.30
scaffold,12,418,CC(O)CN1CCN(CC(=O)[O-])CCN(CC(=O)[O-])CCN(CC(=O)[O-])CC1.[Gd+3],0,0.011468883905922274,0.3,0.30-0.50
scaffold,12,419,C=CC[N+]1([C@H]2C[C@H]3[C@@H]4CC[C@H]5C[C@H](O)[C@@H](N6CCOCC6)C[C@]5(C)[C@H]4CC[C@]3(C)[C@H]2OC(C)=O)CCCC1,0,0.012388592781397612,0.573170731707317,0.50-0.70
scaffold,12,424,C[C@@H]1CCN(C(=O)[C@H](CCCN=C(N)N)NS(=O)(=O)c2cccc3c2NC[C@H](C)C3)[C@@H](C(=O)O)C1,0,0.02976490563953675,0.2734375,<0.30
scaffold,12,425,CCCCS(=O)(=O)N[C@@H](Cc1ccc(OCCCCC2CCNCC2)cc1)C(=O)O,0,0.4653642171446127,0.2465753424657534,<0.30
scaffold,12,436,COc1ccc(N(C)C)cc1CN[C@H]1CCCN[C@H]1c1ccccc1,0,0.5105992461147242,0.1917808219178082,<0.30
scaffold,12,438,CSCC[C@H](N)C(=O)O,0,0.17401072342234358,0.40625,0.30-0.50
scaffold,12,439,Cc1c(C)c2c(c(C)c1O)CC[C@@](C)(CCC[C@H](C)CCC[C@H](C)CCCC(C)C)O2,0,0.42700090645714217,0.38028169014084506,0.30-0.50
scaffold,12,440,CN1CCc2cccc3c2[C@H]1Cc1ccc(O)c(O)c1-3,0,0.03752829560506109,0.27941176470588236,<0.30
scaffold,12,442,C/C(=N\O)[C@@H](C)NCC(C)(C)CN[C@H](C)/C(C)=N/O,0,0.1094106040662082,0.2,<0.30
scaffold,12,450,CC1/C=C/C=C/CC/C=C/C=C/C=C/C=C/C(OC2O[C@H](C)[C@@H](O)[C@H](N)[C@@H]2O)CC(O)C(C(=O)O)C(O)CC(=O)CC(O)C(O)CCC(O)CC(O)CC(O)CC(=O)OC(C)C(C)C1O,0,0.8483809449320744,0.19327731092436976,<0.30
scaffold,13,3,CC(C(=O)O)c1cccc(Oc2ccccc2)c1,1,0.7180496743717649,0.4,0.30-0.50
scaffold,13,9,CS(=O)(=O)Nc1ccc([N+](=O)[O-])cc1Oc1ccccc1,1,0.7035078011938275,0.23214285714285715,<0.30
scaffold,13,16,Cc1cc(C#N)cc(C)c1Oc1nc(Nc2ccc(C#N)cc2)nc(N)c1Br,1,0.9915884726112214,0.18823529411764706,<0.30
scaffold,13,21,O=c1[nH]c2cc(Cl)ccc2o1,1,0.9262852870673627,0.25,<0.30
scaffold,13,22,CNCC[C@@H](Oc1ccccc1C)c1ccccc1,1,0.6366117178721056,0.44,0.30-0.50
scaffold,13,35,CN(C)c1ccc(O)c2c1C[C@H]1C[C@H]3[C@H](N(C)C)C(=O)/C(=C(\N)O)C(=O)[C@@]3(O)C(=O)C1=C2O,1,0.5403202405503813,0.19540229885057472,<0.30
scaffold,13,36,O=C1CN(/N=C\c2ccc([N+](=O)[O-])o2)C(=O)N1,1,0.9233916630489227,0.673469387755102,0.50-0.70
scaffold,13,41,COc1ccc2c(c1)c(CC(=O)O)c(C)n2C(=O)c1ccc(Cl)cc1,1,0.9181078806251578,0.23880597014925373,<0.30
scaffold,13,50,CCCCCCCCCCC[C@@H](C[C@@H]1OC(=O)[C@H]1CCCCCC)OC(=O)[C@H](CC(C)C)NC=O,1,0.24673699811400648,0.2235294117647059,<0.30
scaffold,13,53,CC1=C(CC(=O)O)c2cc(F)ccc2C1=Cc1ccc(S(C)=O)cc1,1,0.8941392585556324,0.25,<0.30
scaffold,13,59,CN(C)CCCN1c2ccccc2CCc2ccc(Cl)cc21,1,0.8177670212821955,0.38181818181818183,0.30-0.50
scaffold,13,76,CN(CC=CC#CC(C)(C)C)Cc1cccc2ccccc12,1,0.1977593170056454,0.20588235294117646,<0.30
scaffold,13,77,Cc1ccc(NC(=O)c2ccc(CN3CCN(C)CC3)cc2)cc1Nc1nccc(-c2cccnc2)n1,1,0.9911922558269841,0.25773195876288657,<0.30
scaffold,13,80,Clc1ccc2nsnc2c1NC1=NCCN1,1,0.7886982695886726,0.203125,<0.30
scaffold,13,88,Cc1nc(-c2ccc(OCC(C)C)c(C#N)c2)sc1C(=O)O,1,0.9444419849473861,0.22413793103448276,<0.30
scaffold,13,94,C=C1C[C@@H]2[C@H](CC[C@]3(C)C(=O)CC[C@@H]23)[C@@]2(C)C=CC(=O)C=C12,1,0.38190252290034304,0.2903225806451613,<0.30
scaffold,13,104,Cc1cn([C@H]2C[C@H](N=[N+]=[N-])[C@@H](CO)O2)c(=O)[nH]c1=O,1,0.8219488599744118,0.4727272727272727,0.30-0.50
scaffold,13,108,C#C[C@]1(O)CC[C@H]2[C@@H]3CCC4=Cc5oncc5C[C@]4(C)[C@H]3CC[C@@]21C,1,0.12814998672063102,0.3235294117647059,0.30-0.50
scaffold,13,117,Cc1ccnc2c1NC(=O)c1cccnc1N2C1CC1,1,0.9109764867550257,0.23214285714285715,<0.30
scaffold,13,118,O=C1C=CC=C/C1=C1\N/C(=C2/C=CC=CC2=O)N(c2ccc(C(=O)O)cc2)N1,1,0.9884539493576671,0.22033898305084745,<0.30
scaffold,13,131,O=C(O)COc1ccc(C(=O)c2cccs2)c(Cl)c1Cl,1,0.9558690721814174,0.27586206896551724,<0.30
scaffold,13,133,O=C(OCC(O)CO)c1ccccc1Nc1ccnc2cc(Cl)ccc12,1,0.5124887537689613,0.2786885245901639,<0.30
scaffold,13,140,O=C(O)c1cc(-c2ccccc2)nc2ccccc12,1,0.9591096235256089,0.28205128205128205,<0.30
scaffold,13,144,CC(=O)Oc1ccc(C2(c3ccc(OC(C)=O)cc3)C(=O)N(C(C)=O)c3ccccc32)cc1,1,0.7689951108031997,0.33962264150943394,0.30-0.50
scaffold,13,148,COc1ccc2c(C(=S)N(C)CC(=O)O)cccc2c1C(F)(F)F,1,0.5740060575407294,0.21311475409836064,<0.30
scaffold,13,150,CC(=O)Oc1ccc(C2(c3ccc(OC(C)=O)cc3)C(=O)Nc3ccccc32)cc1,1,0.7554922425024223,0.36,0.30-0.50
scaffold,13,152,CC(C)Nc1ncccn1,1,0.3646472121938643,0.2571428571428571,<0.30
scaffold,13,159,COc1ccc2c(C(=O)c3ccc(Cl)cc3)c(C)n(CC(=O)O)c2c1,1,0.7797159369186499,0.25333333333333335,<0.30
scaffold,13,160,CC(=O)Oc1ccc(C(=C2CCCCC2)c2ccc(OC(C)=O)cc2)cc1,1,0.6604360650488184,0.34782608695652173,0.30-0.50
scaffold,13,168,O=C(O)Cc1csc(-c2ccc(Cl)cc2)n1,1,0.9906072311608466,0.288135593220339,<0.30
scaffold,13,173,O=c1[nH]c(=O)n([C@@H]2O[C@H](CO)[C@@H](O)[C@@H]2F)cc1I,1,0.6738164205147772,0.3888888888888889,0.30-0.50
scaffold,13,191,N[C@@H](Cc1cc(I)c(Oc2ccc(O)c(I)c2)c(I)c1)C(=O)O,0,0.5538894466311887,0.25925925925925924,<0.30
scaffold,13,196,O=C1OC([C@@H](O)CO)C(O)=C1O,0,0.08401085765650064,0.2,<0.30
scaffold,13,200,O=[N+]([O-])O[C@H]1CO[C@H]2[C@@H]1OC[C@H]2O[N+](=O)[O-],0,0.20060068136341042,0.21212121212121213,<0.30
scaffold,13,201,CCOC(=O)C1(c2ccccc2)CCN(CCC(C#N)(c2ccccc2)c2ccccc2)CC1,0,0.0023622039876796215,0.6078431372549019,0.50-0.70
scaffold,13,202,O=c1[nH]c2ccccc2n1C1CCN(CCCC(c2ccc(F)cc2)c2ccc(F)cc2)CC1,0,0.17862370616882828,0.24324324324324326,<0.30
scaffold,13,204,CN(C)C(=O)C(CCN1CCC(O)(c2ccc(Cl)cc2)CC1)(c1ccccc1)c1ccccc1,0,0.018465885312305464,0.3064516129032258,0.30-0.50
scaffold,13,208,CCC1(c2ccccc2)C(=O)NCNC1=O,0,0.5311176332551194,0.3611111111111111,0.30-0.50
scaffold,13,210,CC(C)(C(=O)O)c1ccc(C(O)CCCN2CCC(C(O)(c3ccccc3)c3ccccc3)CC2)cc1,0,0.0032713342935165386,0.3442622950819672,0.30-0.50
scaffold,13,213,Cc1ncc(C[n+]2csc(CCO)c2C)c(N)n1,0,0.7447856567389387,0.23076923076923078,<0.30
scaffold,13,216,[Cl-].[NH4+],0,0.2753397071008094,0.08333333333333333,<0.30
scaffold,13,217,CC[C@@H](CO)NC(=O)[C@@H]1C=C2c3cccc4c3c(cn4C)C[C@H]2N(C)C1,0,0.45090116782021794,0.23684210526315788,<0.30
scaffold,13,218,CC[C@@H](CO)NC(=O)[C@@H]1C=C2c3cccc4[nH]cc(c34)C[C@H]2N(C)C1,0,0.17513035022057502,0.2857142857142857,<0.30
scaffold,13,222,CN1[C@@H]2CC[C@H]1CC(OC(=O)C(CO)c1ccccc1)C2,0,0.025179285912286416,0.6808510638297872,0.50-0.70
scaffold,13,223,CC(C)NCC(O)COc1cccc2[nH]ccc12,0,0.09515279764733933,0.39285714285714285,0.30-0.50
scaffold,13,233,CN1CC[C@]23c4c5ccc(O)c4O[C@H]2[C@@H](O)C=C[C@H]3[C@H]1C5,0,0.05525962717156446,0.40298507462686567,0.30-0.50
scaffold,13,240,CC(=CCC1=C(C)C(=O)c2ccccc2C1=O)CCCC(C)CCCC(C)CCCC(C)C,0,0.23610755040236334,0.23529411764705882,<0.30
scaffold,13,244,CN1C[C@H](C(=O)N[C@]2(C)O[C@@]3(O)[C@@H]4CCCN4C(=O)[C@H](Cc4ccccc4)N3C2=O)C[C@@H]2c3cccc4[nH]cc(c34)C[C@H]21,0,0.04629231604187321,0.32456140350877194,0.30-0.50
scaffold,13,255,OCC(S)CS,0,0.10120523650343498,0.2631578947368421,<0.30
scaffold,13,261,CN(C)CCc1c[nH]c2ccc(Cn3cncn3)cc12,0,0.6800555436419278,0.5084745762711864,0.50-0.70
scaffold,13,270,CC(C)CC(NC(=O)CNC(=O)C(CCC(N)=O)NC(=O)C(CC(C)C)NC(=O)C(CC(C)C)NC(=O)C(CCCNC(=N)N)NC(=O)C(CCC(N)=O)NC(=O)C(CC(C)C)NC(=O)C(CCCNC(=N)N)NC(=O)C(C)NC(=O)C(CO)NC(=O)C(CC(=O)O)NC(=O)C(CCCNC(=N)N)NC(=O)C(CC(C)C)NC(=O)C(CCCNC(=N)N)NC(=O)C(CO)NC(=O)C(CC(C)C)NC(=O)C(CCC(=O)O)NC(=O)C(CO)NC(=O)C(NC(=O)C(Cc1ccccc1)NC(=O)C(NC(=O)CNC(=O)C(CC(=O)O)NC(=O)C(CO)NC(=O)C(N)Cc1ncc[nH]1)C(C)O)C(C)O)C(=O)NC(C(=O)O)C(C)C,0,0.02407810276235686,0.5290322580645161,0.50-0.70
scaffold,13,288,C[N+]1(C)CCCC(OC(=O)C(O)(c2ccccc2)c2ccccc2)C1,0,0.023520803047333016,0.6382978723404256,0.50-0.70
scaffold,13,295,OC[C@H]1O[C@@H](O[C@@H]2[C@@H](CO)O[C@](O)(CO)[C@H]2O)[C@H](O)[C@@H](O)[C@H]1O,0,0.20840326315260385,0.43137254901960786,0.30-0.50
scaffold,13,298,CC(=O)[O-].CC(=O)[O-].[Ca+2],0,0.3398131724045548,0.4166666666666667,0.30-0.50
scaffold,13,308,CC(=O)Oc1ccccc1C(=O)Nc1ncc([N+](=O)[O-])s1,0,0.9585696031470539,0.26229508196721313,<0.30
scaffold,13,315,CC(O)C(O)C1CNc2[nH]c(N)nc(=O)c2N1,0,0.14526127265120542,0.3037974683544304,0.30-0.50
scaffold,13,316,COc1ccc2c3c1O[C@H]1[C@@H](O)C=C[C@H]4[C@@H](C2)N(C)CC[C@@]341,0,0.06993807302753008,0.42857142857142855,0.30-0.50
scaffold,13,334,CCCC(C)(COC(N)=O)COC(N)=O,0,0.23700602224122672,0.696969696969697,0.50-0.70
scaffold,13,345,NC(N)=NCCC[C@H](N)C(=O)O,0,0.3619724906434831,0.40625,0.30-0.50
scaffold,13,347,CC[C@]1(O)C[C@@H]2CN(CCc3c([nH]c4ccccc34)[C@@](C(=O)OC)(c3cc4c(cc3OC)N(C)[C@H]3[C@@](O)(C(=O)OC)[C@H](OC(C)=O)[C@]5(CC)C=CCN6CC[C@]43[C@@H]65)C2)C1,0,0.14203593413433793,0.23529411764705882,<0.30
scaffold,13,358,CCOC(=O)N1CCC(=C2c3ccc(Cl)cc3CCc3cccnc32)CC1,0,0.8639553123302819,0.26865671641791045,<0.30
scaffold,13,366,O=C(CCCN1CC=C(n2c(=O)[nH]c3ccccc32)CC1)c1ccc(F)cc1,0,0.37159059946436035,0.19318181818181818,<0.30
scaffold,13,368,CC(C)(CO)C(O)C(=O)NCCCO,0,0.07598613305815184,0.22857142857142856,<0.30
scaffold,13,375,[13CH3]C(O)C(=O)[O-].[Na+],0,0.2522518183598888,0.4,0.30-0.50
scaffold,13,378,[Cl][Cu][Cl],0,0.33512758907691553,0.041666666666666664,<0.30
scaffold,13,382,CC[C@H](C)[C@@H]1NC(=O)[C@H](CCCNC(=N)N)NC(=O)[C@H](CC(=O)O)NC(=O)[C@H](CCSC)NC(=O)[C@H](CCCCN)NC(=O)[C@H](CCCNC(=N)N)NC(=O)CNC(=O)[C@H](Cc2ccccc2)NC(=O)[C@@H](NC(=O)CNC(=O)[C@H](CO)NC(=O)CNC(=O)[C@H](CCC(N)=O)NC(=O)[C@@H](NC(=O)[C@H](CCSC)NC(=O)[C@H](CCCCN)NC(=O)[C@@H]2CCCN2C(=O)[C@@H](N)CO)C(C)C)CSSC[C@@H](C(=O)N[C@@H](CCCCN)C(=O)N[C@H](C(=O)N[C@@H](CC(C)C)C(=O)N[C@@H](CCCNC(=N)N)C(=O)N[C@@H](CCCNC(=N)N)C(=O)N[C@@H](CC2C=NC=N2)C(=O)O)C(C)C)NC(=O)CNC(=O)[C@H](CC(C)C)NC(=O)CNC(=O)[C@H](CO)NC(=O)[C@H](CO)NC(=O)[C@H](CO)NC(=O)[C@H](CO)NC1=O,0,0.0002781403445636329,0.4413145539906103,0.30-0.50
scaffold,13,389,C[N+]1(CC2CC2)CC[C@]23c4c5ccc(O)c4O[C@H]2C(=O)CC[C@@]3(O)[C@H]1C5.[Br-],0,0.06997935344956395,0.5757575757575758,0.50-0.70
scaffold,13,397,CC[C@H](C)[C@@H]1NC(=O)[C@H](Cc2ccccc2)NC(=O)[C@H](CCC(=O)O)NC(=O)[C@H](CCC(=O)O)NC(=O)[C@@H]2CSSC[C@@H]3NC(=O)[C@H](CCC(=O)O)NC(=O)[C@H](CCC(=O)O)NC(=O)[C@H](CC(C)C)NC(=O)[C@H](CO)NC(=O)[C@H](CCC(=O)O)NC(=O)[C@H](Cc4ccccc4)NC(=O)[C@H](CCCNC(=N)N)NC(=O)[C@H](CC(N)=O)NC(=O)[C@H](CCC(N)=O)NC(=O)[C@H](CC(N)=O)NC(=O)CNC(=O)[C@H](CCC(=O)O)NC(=O)[C@H](CSSC[C@H](NC(=O)[C@@H]4CCCN4C(=O)CNC(=O)[C@H](CC(=O)O)NC(=O)[C@H](CC(=O)O)NC(=O)[C@H](C)NC(=O)[C@H](CCCCN)NC(=O)[C@H](Cc4ccccc4)NC(=O)[C@H](C)NC(=O)[C@@H](NC(=O)[C@H](Cc4ccccc4)NC(=O)[C@H](CO)NC(=O)[C@H](Cc4cnc[nH]4)NC(=O)[C@H](CCSC)NC(=O)[C@H](C)NC(=O)[C@@H](N)CCC(=O)O)CSSC[C@@H](C(=O)N[C@H](C(=O)N[C@@H](CCCNC(=N)N)C(=O)N[C@@H](CC(=O)O)C(=O)O)[C@H](C)O)NC(=O)[C@H](CCSC)NC(=O)[C@H](CCCCN)NC(=O)[C@H](CCCCN)NC3=O)C(=O)N[C@@H](CCCNC(=N)N)C(=O)N[C@@H](C)C(=O)N[C@@H](C)C(=O)N[C@@H](Cc3cnc[nH]3)C(=O)N3CCC[C@H]3C(=O)N[C@@H](CCCNC(=N)N)C(=O)N[C@@H](Cc3c[nH]c4ccccc34)C(=O)N[C@@H](Cc3ccccc3)C(=O)N[C@@H](Cc3ccccc3)C(=O)N[C@@H](CC(N)=O)C(=O)N[C@@H]([C@@H](C)CC)C(=O)N[C@@H](Cc3ccccc3)C(=O)N[C@@H]([C@H](C)O)C(=O)N[C@@H](CCCNC(=N)N)C(=O)N[C@@H](CCC(N)=O)C(=O)N2)NC(=O)CNC(=O)CNC(=O)[C@H](Cc2ccc(O)cc2)NC1=O,0,3.1427194725444884e-05,0.41295546558704455,0.30-0.50
scaffold,13,401,C[N+](C)(C)CCOC(=O)CCC(=O)OCC[N+](C)(C)C,0,0.020773341233976512,0.6521739130434783,0.50-0.70
scaffold,13,404,CSCC[C@H](NC(=O)[C@H](CO)NC(=O)[C@H](Cc1ccc(O)cc1)NC(=O)C(N)CO)C(=O)N[C@@H](CCC(=O)O)C(=O)N[C@@H](Cc1c[nH]cn1)C(=O)N[C@@H](Cc1ccccc1)C(=O)N[C@@H](CCCNC(=N)N)C(=O)N[C@@H](Cc1c[nH]c2ccccc12)C(=O)NCC(=O)N[C@@H](CCCCN)C(=O)N1CCC[C@H]1C(=O)N[C@H](C(=O)NCC(=O)N[C@H](CCCCN)C(=O)N[C@H](CCCCN)C(=O)N[C@H](CCCNC(=N)N)C(=O)N[C@H](CCCNC(=N)N)C(=O)N1CCC[C@H]1C(=O)N[C@H](C(=O)N[C@@H](CCCCN)C(=O)N[C@H](C(=O)N[C@@H](Cc1ccc(O)cc1)C(=O)N1CCC[C@H]1C(=O)O)C(C)C)C(C)C)C(C)C,0,0.000228129542241671,0.5869565217391305,0.50-0.70
scaffold,13,411,COc1ccc(CC2c3cc(OC)c(OC)cc3CC[N+]2(C)CCC(=O)OCCCCCOC(=O)CC[N+]2(C)CCc3cc(OC)c(OC)cc3C2Cc2ccc(OC)c(OC)c2)cc1OC,0,0.12433133320870719,0.8095238095238095,>=0.70
scaffold,13,412,CCCCCCCC/C=C/CCCCCCCC(=O)O.NCCO,0,0.25622050199108315,0.4838709677419355,0.30-0.50
scaffold,13,414,CC[C@H](C)[C@H](NC(=O)[C@H](CCC(=O)O)NC(=O)[C@H](CO)NC(=O)[C@@H](NC(=O)[C@@H](N)CO)C(C)C)C(=O)N[C@@H](CCC(N)=O)C(=O)N[C@@H](CC(C)C)C(=O)N[C@@H](CCSC)C(=O)N[C@@H](Cc1c[nH]cn1)C(=O)N[C@@H](CC(N)=O)C(=O)N[C@@H](CC(C)C)C(=O)NCC(=O)N[C@@H](CCCCN)C(=O)N[C@@H](Cc1c[nH]cn1)C(=O)N[C@@H](CC(C)C)C(=O)N[C@@H](CC(N)=O)C(=O)N[C@@H](CO)C(=O)N[C@@H](CCSC)C(=O)N[C@@H](CCC(=O)O)C(=O)N[C@@H](CCCNC(=N)N)C(=O)N[C@H](C(=O)N[C@@H](CCC(=O)O)C(=O)N[C@@H](Cc1c[nH]c2ccccc12)C(=O)N[C@@H](CC(C)C)C(=O)N[C@@H](CCCNC(=N)N)C(=O)N[C@@H](CCCCN)C(=O)N[C@@H](CCCCN)C(=O)N[C@@H](CC(C)C)C(=O)N[C@@H](CCC(N)=O)C(=O)N[C@@H](CC(=O)O)C(=O)N[C@H](C(=O)N[C@@H](Cc1c[nH]cn1)C(=O)N[C@@H](CC(N)=O)C(=O)N[C@@H](Cc1ccccc1)C(=O)O)C(C)C)C(C)C,0,0.007340156246566819,0.6436781609195402,0.50-0.70
scaffold,13,419,C=CC[N+]1([C@H]2C[C@H]3[C@@H]4CC[C@H]5C[C@H](O)[C@@H](N6CCOCC6)C[C@]5(C)[C@H]4CC[C@]3(C)[C@H]2OC(C)=O)CCCC1,0,0.010848684052506838,0.573170731707317,0.50-0.70
scaffold,13,422,NC(=O)C1CSSCCC(=O)NC(CCCCN=C(N)N)C(=O)NCC(=O)NC(CC(=O)O)C(=O)NC(Cc2c[nH]c3ccccc23)C(=O)N2CCCC2C(=O)N1,0,0.17073026210706965,0.34057971014492755,0.30-0.50
scaffold,13,431,Cc1nc2c([nH]1)CCN(C(=O)c1ccc(NC(=O)c3ccccc3-c3ccccc3)cc1)c1ccccc1-2,0,0.979446336538161,0.313953488372093,0.30-0.50
scaffold,13,435,CCOC(=O)c1cncn1C(C)c1ccccc1,0,0.44398236281643916,0.3333333333333333,0.30-0.50
scaffold,13,436,COc1ccc(N(C)C)cc1CN[C@H]1CCCN[C@H]1c1ccccc1,0,0.3737837855380742,0.1917808219178082,<0.30
scaffold,13,437,O=C(CCCCC(=O)Nc1c(I)cc(I)c(C(=O)O)c1I)Nc1c(I)cc(I)c(C(=O)O)c1I,0,0.12912238845246274,0.38461538461538464,0.30-0.50
scaffold,14,0,Cc1nnc(C(=O)NC(C)(C)C2=N/C(=C(\O)NCc3ccc(F)cc3)C(=O)C(=O)N2C)o1,1,0.8749083004631674,0.2125,<0.30
scaffold,14,1,Nc1nc2ccc(OC(F)(F)F)cc2s1,1,0.8652470372917694,0.16071428571428573,<0.30
scaffold,14,4,CC(=O)Nc1nnc(S(N)(=O)=O)s1,1,0.7931761532836649,0.2631578947368421,<0.30
scaffold,14,5,CNCCC=C1c2ccccc2CCc2ccccc21,1,0.4358415222990582,0.29545454545454547,<0.30
scaffold,14,13,CN1c2c(oc(=O)n(-c3ccccn3)c2=O)-c2ccccc2S1(=O)=O,1,0.6168420926101974,0.21739130434782608,<0.30
scaffold,14,15,NC(N)=Nc1nc(CSCCN=CNS(=O)(=O)c2ccc(Br)cc2)cs1,1,0.9341133698701107,0.21875,<0.30
scaffold,14,16,Cc1cc(C#N)cc(C)c1Oc1nc(Nc2ccc(C#N)cc2)nc(N)c1Br,1,0.9939316649353327,0.18823529411764706,<0.30
scaffold,14,18,CC[C@H]1OC(=O)[C@H](C)[C@@H](O[C@H]2C[C@@](C)(OC)[C@@H](O)[C@H](C)O2)[C@H](C)[C@@H](O[C@@H]2O[C@H](C)C[C@H](N(C)C)[C@H]2O)[C@](C)(O)C[C@@H](C)C(=O)[C@H](C)[C@@H](O)[C@]1(C)O,1,0.040610227346119875,0.42016806722689076,0.30-0.50
scaffold,14,25,CC[C@H]1OC(=O)[C@H](C)[C@@H](O[C@H]2C[C@@](C)(OC)[C@@H](O)[C@H](C)O2)[C@H](C)[C@@H](O[C@@H]2O[C@H](C)C[C@H](N(C)C)[C@H]2O)[C@](C)(OC)C[C@@H](C)C(=O)[C@H](C)[C@@H](O)[C@]1(C)O,1,0.04150314856414817,0.4396551724137931,0.30-0.50
scaffold,14,35,CN(C)c1ccc(O)c2c1C[C@H]1C[C@H]3[C@H](N(C)C)C(=O)/C(=C(\N)O)C(=O)[C@@]3(O)C(=O)C1=C2O,1,0.27465211133114964,0.19540229885057472,<0.30
scaffold,14,41,COc1ccc2c(c1)c(CC(=O)O)c(C)n2C(=O)c1ccc(Cl)cc1,1,0.9631659736406072,0.5172413793103449,0.50-0.70
scaffold,14,46,CS(=O)(=O)OCCCCOS(C)(=O)=O,1,0.045810216819539784,0.18181818181818182,<0.30
scaffold,14,52,Cn1cnc([N+](=O)[O-])c1Sc1ncnc2nc[nH]c12,1,0.8459348175104203,0.25925925925925924,<0.30
scaffold,14,54,Nc1nc(NC2CC2)c2ncn(C3C=C[C@H](CO)C3)c2n1,1,0.16161982263961366,0.26865671641791045,<0.30
scaffold,14,55,CCCSc1ccc2nc(NC(=O)OC)[nH]c2c1,1,0.6436477714011781,0.19402985074626866,<0.30
scaffold,14,77,Cc1ccc(NC(=O)c2ccc(CN3CCN(C)CC3)cc2)cc1Nc1nccc(-c2cccnc2)n1,1,0.9740910101761026,0.2708333333333333,<0.30
scaffold,14,89,C[C@H]1O[C@H](O[C@H]2[C@H](O)[C@@H](O)[C@@H](O[C@H]3[C@H](O)[C@@H](O)[C@H](O)O[C@@H]3CO)O[C@@H]2CO)[C@H](O)[C@@H](O)[C@@H]1N[C@H]1C=C(CO)[C@H](O)[C@H](O)[C@H]1O,1,0.37461839607361136,0.3333333333333333,0.30-0.50
scaffold,14,91,CC12CCC3c4ccc(OC(=O)N(CCCl)CCCl)cc4CCC3C1CCC2O,1,0.8658322925604469,0.36231884057971014,0.30-0.50
scaffold,14,94,C=C1C[C@@H]2[C@H](CC[C@]3(C)C(=O)CC[C@@H]23)[C@@]2(C)C=CC(=O)C=C12,1,0.3389151898910418,0.2903225806451613,<0.30
scaffold,14,97,CC(=O)N1CCN(c2ccc(OC[C@@H]3CO[C@@](Cn4ccnc4)(c4ccc(Cl)cc4Cl)O3)cc2)CC1,1,0.9756347812438678,0.5531914893617021,0.50-0.70
scaffold,14,107,C[C@]12CC(=CO)C(=O)C[C@@H]1CC[C@@H]1[C@@H]2CC[C@@]2(C)[C@H]1CC[C@]2(C)O,1,0.027135933818086405,0.265625,<0.30
scaffold,14,114,C[C@]12COC(=O)C[C@@H]1CC[C@@H]1[C@@H]2CC[C@@]2(C)[C@H]1CC[C@]2(C)O,1,0.07951024889147143,0.2786885245901639,<0.30
scaffold,14,118,O=C1C=CC=C/C1=C1\N/C(=C2/C=CC=CC2=O)N(c2ccc(C(=O)O)cc2)N1,1,0.9842747290613081,0.22033898305084745,<0.30
scaffold,14,119,CCN(CC)CCNC(=O)c1c(C)[nH]c(/C=C2\C(=O)Nc3ccc(F)cc32)c1C,1,0.7271631763089392,0.24691358024691357,<0.30
scaffold,14,121,CCC[C@@]1(CCc2ccccc2)CC(=O)C([C@H](CC)c2cccc(NS(=O)(=O)c3ccc(C(F)(F)F)cn3)c2)=C(O)O1,1,0.513148021309688,0.2087912087912088,<0.30
scaffold,14,137,CN1Cc2c(N)cccc2C(c2ccccc2)C1,1,0.4869547914015499,0.2765957446808511,<0.30
scaffold,14,147,CCOC(=O)CN[C@@H](C(=O)N1CC[C@H]1C(=O)NCc1ccc(/C(N)=N/O)cc1)C1CCCCC1,1,0.43358403336612905,0.2403846153846154,<0.30
scaffold,14,153,NC(=O)C1CCN(CCCN2c3ccccc3Sc3ccc(Cl)cc32)CC1,1,0.9813949987530147,0.3548387096774194,0.30-0.50
scaffold,14,169,Cc1nc([N+](=O)[O-])cn1-c1ccc([N+](=O)[O-])cc1,1,0.8584169280434818,0.24561403508771928,<0.30
scaffold,14,176,CCO[C@@H]1OC(=O)C[C@@H]1NC(=O)[C@@H]1CCCN2C(=O)CC[C@H](NC(=O)c3nccc4ccccc34)C(=O)N12,1,0.7202486264788712,0.2159090909090909,<0.30
scaffold,14,194,CC(=O)N[C@@H](CS)C(=O)O,0,0.2723203733882278,0.27586206896551724,<0.30
scaffold,14,214,OC[C@@H](O)[C@H](O)[C@@H](O)[C@@H](O)CO,0,0.027707565469451054,1.0,>=0.70
scaffold,14,233,CN1CC[C@]23c4c5ccc(O)c4O[C@H]2[C@@H](O)C=C[C@H]3[C@H]1C5,0,0.0409757066499832,0.40298507462686567,0.30-0.50
scaffold,14,239,C/C1=C2/[N-]C([C@H](CC(N)=O)[C@@]2(C)CCC(=O)NCC(C)OP(=O)(O)OC2C(O)[C@@H](n3cnc4cc(C)c(C)cc43)O[C@H]2CO)[C@]2(C)N=C(/C(C)=C3N=C(/C=C4N=C1[C@@H](CCC(N)=O)C\4(C)C)[C@@H](CCC(N)=O)[C@]\3(C)CC(N)=O)[C@@H](CCC(N)=O)[C@]2(C)CC(N)=O.[C-]#N.[Co+3],0,0.48797429797846603,0.19607843137254902,<0.30
scaffold,14,241,NC(=O)C(c1ccccc1)(c1ccccc1)[C@@H]1CCN(CCc2ccc3c(c2)CCO3)C1,0,0.06406460702969483,0.3333333333333333,0.30-0.50
scaffold,14,248,Cl.Cl.NCCNCCNCCN,0,0.12193611626916766,0.32142857142857145,0.30-0.50
scaffold,14,263,CC#C[C@]1(O)CC[C@H]2[C@@H]3CCC4=CC(=O)CCC4=C3[C@@H](c3ccc(N(C)C)cc3)C[C@@]21C,0,0.28429239014197455,0.27710843373493976,<0.30
scaffold,14,265,CC(Cc1ccccc1)N(C)Cc1ccccc1,0,0.1296007089483122,0.625,0.50-0.70
scaffold,14,274,O=C(OC1CC2CC[C@@H](C1)[N+]21CCCC1)C(O)(c1ccccc1)c1ccccc1.[Cl-],0,0.024516093997807655,0.43636363636363634,0.30-0.50
scaffold,14,277,CCN(C(C)=O)c1cccc(-c2ccnc3c(C#N)cnn23)c1,0,0.7919584630357126,0.22972972972972974,<0.30
scaffold,14,282,CCN(CC)CCOC(=O)C1(C2CCCCC2)CCCCC1,0,0.016100154308963086,0.2903225806451613,<0.30
scaffold,14,288,C[N+]1(C)CCCC(OC(=O)C(O)(c2ccccc2)c2ccccc2)C1,0,0.028046857836205644,0.6382978723404256,0.50-0.70
scaffold,14,305,CN1[C@@H]2CC[C@@H]1CC(OC(c1ccccc1)c1ccccc1)C2,0,0.14494973987564244,0.5227272727272727,0.50-0.70
scaffold,14,308,CC(=O)Oc1ccccc1C(=O)Nc1ncc([N+](=O)[O-])s1,0,0.9642268357644113,0.26229508196721313,<0.30
scaffold,14,316,COc1ccc2c3c1O[C@H]1[C@@H](O)C=C[C@H]4[C@@H](C2)N(C)CC[C@@]341,0,0.07908786329842644,0.42857142857142855,0.30-0.50
scaffold,14,317,CCC(C)CCCCC(=O)NC(CCNCS(=O)(=O)[O-])C(=O)NC(C(=O)NC(CCNCS(=O)(=O)[O-])C(=O)NC1CCNC(=O)C(C(C)O)NC(=O)C(CCNCS(=O)(=O)[O-])NC(=O)C(CCNCS(=O)(=O)[O-])NC(=O)C(CC(C)C)NC(=O)C(CC(C)C)NC(=O)C(CCNCS(=O)(=O)[O-])NC1=O)C(C)O.[Na+].[Na+].[Na+].[Na+].[Na+],0,0.01600005567668159,0.7019230769230769,>=0.70
scaffold,14,322,C[N+]1(C)C2CC(OC(=O)C(CO)c3ccccc3)CC1C1OC12,0,0.013157064726174134,0.6938775510204082,0.50-0.70
scaffold,14,324,CC[N+](CC)(CCNC(=O)C(=O)NCC[N+](CC)(CC)Cc1ccccc1Cl)Cc1ccccc1Cl,0,0.8737624913210705,0.32653061224489793,0.30-0.50
scaffold,14,330,CCCC(C)(COC(N)=O)COC(=O)NC(C)C,0,0.22718871653854084,0.696969696969697,0.50-0.70
scaffold,14,338,CNC(=O)Oc1ccc2c(c1)[C@]1(C)CCN(C)[C@@H]1N2C,0,0.10233281740779185,0.3230769230769231,0.30-0.50
scaffold,14,344,CCC(C)[C@H](N)C1=NCC(C(=O)N[C@@H](CC(C)C)C(=O)N[C@H](CCC(=O)O)C(=O)N[C@H](C(=O)N[C@H]2CCCCNC(=O)[C@H](CC(N)=O)NC(=O)[C@@H](CC(=O)O)NC(=O)[C@H](Cc3cnc[nH]3)NC(=O)[C@@H](Cc3ccccc3)NC(=O)[C@H](C(C)CC)NC(=O)[C@@H](CCCN)NC2=O)C(C)CC)S1,0,0.5475963934860678,0.40397350993377484,0.30-0.50
scaffold,14,355,CCCCCN(C)CCC(O)(P(=O)(O)O)P(=O)(O)O,0,0.05440129966266089,0.28125,<0.30
scaffold,14,359,COC(=O)[C@H]1[C@H]2C[C@@H]3c4[nH]c5cc(OC)ccc5c4CCN3C[C@H]2C[C@@H](OC(=O)c2cc(OC)c(OC)c(OC)c2)[C@@H]1OC,0,0.40985194178005363,0.23529411764705882,<0.30
scaffold,14,362,Oc1ccc2c(c1)[C@@]13CCCC[C@@]1(O)[C@@H](C2)N(CC1CCC1)CC3,0,0.01808461687300588,0.3709677419354839,0.30-0.50
scaffold,14,363,Oc1ccc2c3c1OC1[C@@H](O)CC[C@@]4(O)[C@@H](C2)N(CC2CCC2)CC[C@]314,0,0.0976822930306966,0.4861111111111111,0.30-0.50
scaffold,14,367,CCC(=O)N(c1ccccc1)C1(COC)CCN(CCn2nnn(CC)c2=O)CC1,0,0.031210909622628274,0.6153846153846154,0.50-0.70
scaffold,14,371,CC[C@H](C)[C@H](NC(=O)[C@@H](NC(=O)[C@H](CCC(=O)O)NC(=O)[C@H](CC(C)C)NC(=O)[C@H](CCSC)NC(=O)[C@H](CCCCN)NC(=O)[C@H](CCCNC(=N)N)NC(=O)[C@H](CC(N)=O)NC(=O)[C@H](CO)NC(=O)[C@H](Cc1cnc[nH]1)NC(=O)[C@H](C)NC(=O)[C@H](CCC(N)=O)NC(=O)[C@H](CCC(N)=O)NC(=O)[C@H](C)NC(=O)[C@H](CC(C)C)NC(=O)[C@H](CCC(N)=O)NC(=O)[C@H](CCC(=O)O)NC(=O)[C@H](C)NC(=O)[C@H](CCCNC(=N)N)NC(=O)[C@H](C)NC(=O)[C@H](CCSC)NC(=O)[C@H](CCC(=O)O)NC(=O)[C@H](CC(C)C)NC(=O)[C@@H](NC(=O)[C@H](CCC(=O)O)NC(=O)[C@H](CCCNC(=N)N)NC(=O)[C@H](CC(C)C)NC(=O)[C@H](CC(C)C)NC(=O)[C@H](Cc1cnc[nH]1)NC(=O)[C@H](Cc1ccccc1)NC(=O)[C@@H](NC(=O)[C@H](CC(C)C)NC(=O)[C@H](CC(=O)O)NC(=O)[C@H](CC(C)C)NC(=O)[C@H](CO)NC(=O)[C@@H](NC(=O)[C@@H]1CCCN1C(=O)[C@@H]1CCCN1C(=O)[C@H](CCC(=O)O)NC(=O)[C@H](CCC(=O)O)NC(=O)[C@@H](N)CO)[C@@H](C)CC)[C@@H](C)O)C(C)C)[C@@H](C)CC)C(=O)O,0,0.005016271496761971,0.7411764705882353,>=0.70
scaffold,14,375,[13CH3]C(O)C(=O)[O-].[Na+],0,0.2828387320600212,0.4,0.30-0.50
scaffold,14,376,NC(=O)[C@@H]1CCCN1C(=O)[C@H](Cc1cnc[nH]1)NC(=O)[C@@H]1CCC(=O)N1,0,0.4312520324218126,0.25833333333333336,<0.30
scaffold,14,380,CC[C@H](C)[C@H](NC(=O)[C@H](CC(=O)O)NC(=O)[C@H](CC(C)C)NC(=O)[C@H](CC(C)C)NC(=O)[C@H](CCCCN)NC(=O)[C@H](CCCNC(=N)N)NC(=O)[C@H](CC(N)=O)NC(=O)[C@H](CO)NC(=O)[C@H](Cc1cnc[nH]1)NC(=O)[C@H](C)NC(=O)[C@H](CCC(N)=O)NC(=O)[C@H](CCC(N)=O)NC(=O)[C@H](C)NC(=O)[C@H](CC(C)C)NC(=O)[C@H](CCC(N)=O)NC(=O)[C@H](CC(=O)O)NC(=O)[C@H](C)NC(=O)[C@H](CCCCN)NC(=O)[C@@H](NC(=O)[C@H](CCSC)NC(=O)[C@H](CCC(=O)O)NC(=O)[C@H](CC(C)C)NC(=O)[C@@H](NC(=O)[C@H](CCC(=O)O)NC(=O)[C@H](CCCNC(=N)N)NC(=O)[C@H](CC(C)C)NC(=O)[C@H](CC(C)C)NC(=O)[C@H](Cc1cnc[nH]1)NC(=O)[C@H](Cc1ccccc1)NC(=O)[C@@H](NC(=O)[C@H](CC(C)C)NC(=O)[C@H](CC(=O)O)NC(=O)[C@H](CC(C)C)NC(=O)[C@H](CO)NC(=O)[C@@H](NC(=O)[C@@H]1CCCN1C(=O)[C@@H]1CCCN1C(=O)[C@H](CCC(=O)O)NC(=O)[C@H](CCC(N)=O)NC(=O)[C@@H](N)CO)[C@@H](C)CC)[C@@H](C)O)C(C)C)[C@@H](C)O)C(=O)N[C@@H](C)C(N)=O,0,0.004310417417792805,0.7514792899408284,>=0.70
scaffold,14,383,CCNC(=NCCCC[C@H](NC(=O)[C@H](CC(C)C)NC(=O)[C@@H](CCCCN=C(NCC)NCC)NC(=O)[C@H](Cc1ccc(O)cc1)NC(=O)[C@H](CO)NC(=O)[C@@H](Cc1cccnc1)NC(=O)[C@@H](Cc1ccc(Cl)cc1)NC(=O)[C@@H](Cc1ccc2ccccc2c1)NC(C)=O)C(=O)N1CCC[C@H]1C(=O)N[C@H](C)C(N)=O)NCC,0,0.652127962323452,0.40789473684210525,0.30-0.50
scaffold,14,387,C[NH+](C)CCOC(c1ccccc1)c1ccccc1.Cn1c2nc(Cl)nc-2c([O-])n(C)c1=O,0,0.2882766639142446,0.3157894736842105,0.30-0.50
scaffold,14,394,Cn1c(CCCC(=O)O)nc2cc(N(CCCl)CCCl)ccc21,0,0.7125832224218364,0.21176470588235294,<0.30
scaffold,14,396,C=CCOCC1CN2CCO[Si](C)(O1)OC(COCC=C)C2,0,0.1613818251077581,0.1875,<0.30
scaffold,14,401,C[N+](C)(C)CCOC(=O)CCC(=O)OCC[N+](C)(C)C,0,0.015054989302407966,0.6521739130434783,0.50-0.70
scaffold,14,403,CC[C@H](C)[C@@H]1NC(=O)[C@H](Cc2ccc(O)cc2)NC(=O)[C@@H](N)CSSC[C@@H](C(=O)N2CCC[C@H]2C(=O)N[C@@H](CC(C)C)C(=O)NCC(N)=O)NC(=O)[C@H](CC(N)=O)NC(=O)[C@H](CCC(N)=O)NC1=O,0,0.01480618435880038,0.7090909090909091,>=0.70
scaffold,14,411,COc1ccc(CC2c3cc(OC)c(OC)cc3CC[N+]2(C)CCC(=O)OCCCCCOC(=O)CC[N+]2(C)CCc3cc(OC)c(OC)cc3C2Cc2ccc(OC)c(OC)c2)cc1OC,0,0.06964386670620425,0.8095238095238095,>=0.70
scaffold,14,413,CCC(C)C1NC(=O)C(Cc2ccc(O)cc2)NC(=O)C(N)CSSCC(C(=O)N2CCCC2C(=O)NC(CC(C)C)C(=O)NCC(N)=O)NC(=O)C(CC(N)=O)NC(=O)C(C(C)O)NC1=O,0,0.049118930103419736,0.631578947368421,0.50-0.70
scaffold,14,415,CNC[C@H](O)[C@@H](O)[C@H](O)[C@H](O)CO.CNC[C@H](O)[C@@H](O)[C@H](O)[C@H](O)CO.O=C([O-])CN(CCN(CC(=O)[O-])CC(=O)O)CCN(CC(=O)[O-])CC(=O)O.[Gd+3],0,0.011287546976051197,0.6229508196721312,0.50-0.70
scaffold,14,419,C=CC[N+]1([C@H]2C[C@H]3[C@@H]4CC[C@H]5C[C@H](O)[C@@H](N6CCOCC6)C[C@]5(C)[C@H]4CC[C@]3(C)[C@H]2OC(C)=O)CCCC1,0,0.009088411142254704,0.573170731707317,0.50-0.70
scaffold,14,425,CCCCS(=O)(=O)N[C@@H](Cc1ccc(OCCCCC2CCNCC2)cc1)C(=O)O,0,0.4985751438221983,0.2465753424657534,<0.30
scaffold,14,432,CC1(C)SC(C(NC(=O)Cc2ccccc2)C(=O)NCCCCCC(=O)O)NC1C(=O)O,0,0.6404903766587604,0.2625,<0.30
scaffold,14,435,CCOC(=O)c1cncn1C(C)c1ccccc1,0,0.34466731118641797,0.3333333333333333,0.30-0.50
scaffold,14,440,CN1CCc2cccc3c2[C@H]1Cc1ccc(O)c(O)c1-3,0,0.022131014926592002,0.27941176470588236,<0.30
scaffold,14,442,C/C(=N\O)[C@@H](C)NCC(C)(C)CN[C@H](C)/C(C)=N/O,0,0.08067741616684798,0.2,<0.30
scaffold,15,3,CC(C(=O)O)c1cccc(Oc2ccccc2)c1,1,0.8228798365750953,0.4,0.30-0.50
scaffold,15,7,CNC(=O)c1cc(Oc2ccc(NC(=O)Nc3ccc(Cl)c(C(F)(F)F)c3)cc2)ccn1,1,0.978978646246049,0.29411764705882354,<0.30
scaffold,15,9,CS(=O)(=O)Nc1ccc([N+](=O)[O-])cc1Oc1ccccc1,1,0.7093092812893769,0.23214285714285715,<0.30
scaffold,15,10,Cc1c(C)c2c(c(C)c1O)CCC(C)(COc1ccc(CC3SC(=O)NC3=O)cc1)O2,1,0.1295654841298318,0.38028169014084506,0.30-0.50
scaffold,15,14,CCC1(c2ccccc2)C(=O)NC(=O)NC1=O.CCCCOCC(CN1C(=O)N(CC(COCCCC)OC(N)=O)C(=O)C(CC)(c2ccccc2)C1=O)OC(N)=O.CCCCOCC(CN1C(=O)NC(=O)C(CC)(c2ccccc2)C1=O)OC(N)=O,1,0.6022568532296934,0.3181818181818182,0.30-0.50
scaffold,15,19,COc1cc(C(=O)NS(=O)(=O)c2ccccc2C)ccc1Cc1cn(C)c2ccc(NC(=O)OC3CCCC3)cc12,1,0.6773619779411731,0.25742574257425743,<0.30
scaffold,15,24,COc1ccc([C@@H]2Sc3ccccc3N(CCN(C)C)C(=O)[C@@H]2OC(C)=O)cc1,1,0.5043169082400547,0.22972972972972974,<0.30
scaffold,15,27,C[C@H]1COc2c(N3CCN(C)CC3)c(F)cc3c(=O)c(C(=O)O)cn1c23,1,0.9199697186909895,0.38571428571428573,0.30-0.50
scaffold,15,29,S=c1nc[nH]c2nc[nH]c12,1,0.6187683008350554,0.3142857142857143,0.30-0.50
scaffold,15,34,CC(CCc1ccccc1)NCC(O)c1ccc(O)c(C(N)=O)c1,1,0.06477401109976906,0.43137254901960786,0.30-0.50
scaffold,15,36,O=C1CN(/N=C\c2ccc([N+](=O)[O-])o2)C(=O)N1,1,0.9136463105511817,0.673469387755102,0.50-0.70
scaffold,15,40,O=C(O)C1=C/C(=N/Nc2ccc(S(=O)(=O)Nc3ccccn3)cc2)C=CC1=O,1,0.9076547532798294,0.23863636363636365,<0.30
scaffold,15,42,O=C(O)Cc1ccccc1Nc1c(Cl)cccc1Cl,1,0.8971561020601723,0.32653061224489793,0.30-0.50
scaffold,15,48,Cc1c2oc3c(C)ccc(C(=O)NC4C(=O)NC(C(C)C)C(=O)N5CCCC5C(=O)N(C)CC(=O)N(C)C(C(C)C)C(=O)OC4C)c3nc-2c(C(=O)NC2C(=O)NC(C(C)C)C(=O)N3CCCC3C(=O)N(C)CC(=O)N(C)C(C(C)C)C(=O)OC2C)c(N)c1=O,1,0.9677014968626173,0.23308270676691728,<0.30
scaffold,15,55,CCCSc1ccc2nc(NC(=O)OC)[nH]c2c1,1,0.5055463429613261,0.19402985074626866,<0.30
scaffold,15,58,NC(=O)NO,1,0.5515947588604891,0.25925925925925924,<0.30
scaffold,15,71,COc1cc2ncnc(Nc3ccc(F)c(Cl)c3)c2cc1OCCCN1CCOCC1,1,0.9707310285041665,0.40789473684210525,0.30-0.50
scaffold,15,77,Cc1ccc(NC(=O)c2ccc(CN3CCN(C)CC3)cc2)cc1Nc1nccc(-c2cccnc2)n1,1,0.9809701618659736,0.2708333333333333,<0.30
scaffold,15,79,CCC(CO)NCCNC(CC)CO,1,0.08863670464211108,0.21739130434782608,<0.30
scaffold,15,81,CCC(C)n1ncn(-c2ccc(N3CCN(c4ccc(OC[C@H]5CO[C@](Cn6cncn6)(c6ccc(Cl)cc6Cl)O5)cc4)CC3)cc2)c1=O,1,0.9264724172626775,0.5531914893617021,0.50-0.70
scaffold,15,83,O=C1Nc2ccc(Cl)cc2[C@@](C#CC2CC2)(C(F)(F)F)O1,1,0.8918952277779488,0.23636363636363636,<0.30
scaffold,15,91,CC12CCC3c4ccc(OC(=O)N(CCCl)CCCl)cc4CCC3C1CCC2O,1,0.9528375843806259,0.36231884057971014,0.30-0.50
scaffold,15,105,CN(Cc1cnc2nc(N)nc(N)c2n1)c1ccc(C(=O)N[C@@H](CCC(=O)O)C(=O)O)cc1,1,0.575386773340991,0.33695652173913043,0.30-0.50
scaffold,15,111,Cc1oncc1C(=O)Nc1ccc(C(F)(F)F)cc1,1,0.7536083339143849,0.2727272727272727,<0.30
scaffold,15,123,Cc1cccc(Nc2ccccc2C(=O)O)c1C,1,0.9470473431710387,0.28888888888888886,<0.30
scaffold,15,124,OCC1OC(n2cnc3c2NC=NC[C@H]3O)CC1O,1,0.3027407012695792,0.26865671641791045,<0.30
scaffold,15,134,CCCN(CCC)C(=O)Cc1c(-c2ccc(Cl)cc2)nc2ccc(Cl)cn12,1,0.9747346281526795,0.288135593220339,<0.30
scaffold,15,138,CC(C(=O)O)c1ccc2oc(-c3ccc(Cl)cc3)nc2c1,1,0.9782271632258104,0.37037037037037035,0.30-0.50
scaffold,15,142,Nc1ccc(S(=O)(=O)Nc2nccs2)cc1,1,0.9586104870049735,0.4473684210526316,0.30-0.50
scaffold,15,144,CC(=O)Oc1ccc(C2(c3ccc(OC(C)=O)cc3)C(=O)N(C(C)=O)c3ccccc32)cc1,1,0.7184501250086432,0.33962264150943394,0.30-0.50
scaffold,15,146,Cc1ccc(Nc2c(F)cccc2Cl)c(CC(=O)O)c1,1,0.9534701915839989,0.25,<0.30
scaffold,15,150,CC(=O)Oc1ccc(C2(c3ccc(OC(C)=O)cc3)C(=O)Nc3ccccc32)cc1,1,0.541731187583922,0.36,0.30-0.50
scaffold,15,151,CN(C)CCCC1c2ccccc2Nc2ccc(Cl)cc21,1,0.2801214039521012,0.38181818181818183,0.30-0.50
scaffold,15,152,CC(C)Nc1ncccn1,1,0.39554204744349303,0.2571428571428571,<0.30
scaffold,15,155,Cc1cc(Br)c(O)c2ncccc12,1,0.906265412755963,0.28846153846153844,<0.30
scaffold,15,160,CC(=O)Oc1ccc(C(=C2CCCCC2)c2ccc(OC(C)=O)cc2)cc1,1,0.6966039446301323,0.34782608695652173,0.30-0.50
scaffold,15,167,CN1CCCC(CN2c3ccccc3Sc3ccccc32)C1,1,0.43462373242212843,0.3548387096774194,0.30-0.50
scaffold,15,170,Cc1cc2c(cc1CC(=O)c1sccc1S(=O)(=O)Nc1onc(C)c1Cl)OCO2,1,0.9397026597746387,0.21176470588235294,<0.30
scaffold,15,184,CC(COc1ccccc1)N(CCCl)Cc1ccccc1,0,0.5760356293904579,0.40476190476190477,0.30-0.50
scaffold,15,185,CCN(CC)CC#CCOC(=O)C(O)(c1ccccc1)C1CCCCC1,0,0.06493313100863674,0.46551724137931033,0.30-0.50
scaffold,15,186,CN(C)CCOC(c1ccccc1)c1ccccc1,0,0.27301437249918314,0.5365853658536586,0.50-0.70
scaffold,15,187,Cc1ccccc1C(OCCN(C)C)c1ccccc1,0,0.17649999917123776,0.4583333333333333,0.30-0.50
scaffold,15,191,N[C@@H](Cc1cc(I)c(Oc2ccc(O)c(I)c2)c(I)c1)C(=O)O,0,0.510357606613328,0.25925925925925924,<0.30
scaffold,15,203,COc1ccc2c(c1)[C@]13CCCC[C@@H]1[C@H](C2)N(C)CC3,0,0.08924515891457663,0.3230769230769231,0.30-0.50
scaffold,15,212,Nc1nc(=O)c2nc(CNc3ccc(C(=O)N[C@@H](CCC(=O)O)C(=O)O)cc3)cnc2[nH]1,0,0.38402598865986964,0.5125,0.50-0.70
scaffold,15,216,[Cl-].[NH4+],0,0.29202590117103006,0.08333333333333333,<0.30
scaffold,15,225,COc1cc(NC(C)CCCN)c2ncccc2c1,0,0.42947996183446674,0.25925925925925924,<0.30
scaffold,15,226,CCOC(=O)C1(c2ccccc2)CCN(C)CC1,0,0.4485665211580359,0.6078431372549019,0.50-0.70
scaffold,15,229,Cc1cccc(CN2CCN(C(c3ccccc3)c3ccc(Cl)cc3)CC2)c1,0,0.4416696179576894,0.5,0.50-0.70
scaffold,15,233,CN1CC[C@]23c4c5ccc(O)c4O[C@H]2[C@@H](O)C=C[C@H]3[C@H]1C5,0,0.06339187043935134,0.40298507462686567,0.30-0.50
scaffold,15,241,NC(=O)C(c1ccccc1)(c1ccccc1)[C@@H]1CCN(CCc2ccc3c(c2)CCO3)C1,0,0.03296985363043532,0.3333333333333333,0.30-0.50
scaffold,15,258,CC(O)(P(=O)(O)O)P(=O)(O)O,0,0.08411837114820771,0.28125,<0.30
scaffold,15,265,CC(Cc1ccccc1)N(C)Cc1ccccc1,0,0.28857655488314815,0.625,0.50-0.70
scaffold,15,267,Clc1ccc(C(c2ccccc2Cl)C(Cl)Cl)cc1,0,0.6123014589039723,0.2765957446808511,<0.30
scaffold,15,275,CC(C)C(=O)Oc1ccc(CO)cc1[C@H](CCN(C(C)C)C(C)C)c1ccccc1.O=C(O)/C=C/C(=O)O,0,0.12117455613556621,0.2535211267605634,<0.30
scaffold,15,282,CCN(CC)CCOC(=O)C1(C2CCCCC2)CCCCC1,0,0.04761293877055385,0.2054794520547945,<0.30
scaffold,15,284,CN1CC[C@]23CCCC[C@H]2[C@H]1Cc1ccc(O)cc13,0,0.027514478728589357,0.3770491803278688,0.30-0.50
scaffold,15,288,C[N+]1(C)CCCC(OC(=O)C(O)(c2ccccc2)c2ccccc2)C1,0,0.030098276762873848,0.6382978723404256,0.50-0.70
scaffold,15,292,OC(CCN1CCCCC1)(c1ccccc1)C1CC2C=CC1C2,0,0.0020418510382557635,0.6086956521739131,0.50-0.70
scaffold,15,295,OC[C@H]1O[C@@H](O[C@@H]2[C@@H](CO)O[C@](O)(CO)[C@H]2O)[C@H](O)[C@@H](O)[C@H]1O,0,0.4404966127165908,0.43137254901960786,0.30-0.50
scaffold,15,302,Cc1ccc(O)c([C@@H](CCN(C(C)C)C(C)C)c2ccccc2)c1,0,0.2825368919898633,0.26785714285714285,<0.30
scaffold,15,309,COc1ccccc1OCC(O)CN1CCN(CC(=O)Nc2c(C)cccc2C)CC1,0,0.02942032120951855,0.4339622641509434,0.30-0.50
scaffold,15,313,CCCCC(F)(F)[C@@]1(O)CC[C@@H]2[C@H](CCCCCCC(=O)O)C(=O)C[C@H]2O1,0,0.21855278057591782,0.25,<0.30
scaffold,15,316,COc1ccc2c3c1O[C@H]1[C@@H](O)C=C[C@H]4[C@@H](C2)N(C)CC[C@@]341,0,0.1126357625002321,0.42857142857142855,0.30-0.50
scaffold,15,324,CC[N+](CC)(CCNC(=O)C(=O)NCC[N+](CC)(CC)Cc1ccccc1Cl)Cc1ccccc1Cl,0,0.6405783068321563,0.23214285714285715,<0.30
scaffold,15,340,Nc1ncnc2c1ncn2[C@@H]1O[C@H](CO)[C@@H](O)[C@H]1O,0,0.7744598196177213,0.5076923076923077,0.50-0.70
scaffold,15,341,CC(CCc1ccc(O)cc1)NCCc1ccc(O)c(O)c1,0,0.19961361539198552,0.41025641025641024,0.30-0.50
scaffold,15,347,CC[C@]1(O)C[C@@H]2CN(CCc3c([nH]c4ccccc34)[C@@](C(=O)OC)(c3cc4c(cc3OC)N(C)[C@H]3[C@@](O)(C(=O)OC)[C@H](OC(C)=O)[C@]5(CC)C=CCN6CC[C@]43[C@@H]65)C2)C1,0,0.05611548008481634,0.19491525423728814,<0.30
scaffold,15,357,Nc1nc(F)nc2c1ncn2[C@@H]1O[C@H](COP(=O)(O)O)[C@@H](O)[C@@H]1O,0,0.8418432179657652,0.4533333333333333,0.30-0.50
scaffold,15,359,COC(=O)[C@H]1[C@H]2C[C@@H]3c4[nH]c5cc(OC)ccc5c4CCN3C[C@H]2C[C@@H](OC(=O)c2cc(OC)c(OC)c(OC)c2)[C@@H]1OC,0,0.27242134300652315,0.21052631578947367,<0.30
scaffold,15,365,COc1ccc(C[C@@H]2c3cc(OC)c(OC)cc3CC[N@+]2(C)CCC(=O)OCCCCCOC(=O)CC[N@@+]2(C)CCc3cc(OC)c(OC)cc3[C@H]2Cc2ccc(OC)c(OC)c2)cc1OC.O=S(=O)([O-])c1ccccc1.O=S(=O)([O-])c1ccccc1,0,0.048173712849179595,0.8095238095238095,>=0.70
scaffold,15,367,CCC(=O)N(c1ccccc1)C1(COC)CCN(CCn2nnn(CC)c2=O)CC1,0,0.06553467355274702,0.6153846153846154,0.50-0.70
scaffold,15,374,OC[C@H]1OC(O)[C@H](O)[C@@H](O)[C@@H]1O,0,0.453502712152739,0.3333333333333333,0.30-0.50
scaffold,15,375,[13CH3]C(O)C(=O)[O-].[Na+],0,0.21434292851656095,0.4,0.30-0.50
scaffold,15,378,[Cl][Cu][Cl],0,0.43854829633655573,0.041666666666666664,<0.30
scaffold,15,382,CC[C@H](C)[C@@H]1NC(=O)[C@H](CCCNC(=N)N)NC(=O)[C@H](CC(=O)O)NC(=O)[C@H](CCSC)NC(=O)[C@H](CCCCN)NC(=O)[C@H](CCCNC(=N)N)NC(=O)CNC(=O)[C@H](Cc2ccccc2)NC(=O)[C@@H](NC(=O)CNC(=O)[C@H](CO)NC(=O)CNC(=O)[C@H](CCC(N)=O)NC(=O)[C@@H](NC(=O)[C@H](CCSC)NC(=O)[C@H](CCCCN)NC(=O)[C@@H]2CCCN2C(=O)[C@@H](N)CO)C(C)C)CSSC[C@@H](C(=O)N[C@@H](CCCCN)C(=O)N[C@H](C(=O)N[C@@H](CC(C)C)C(=O)N[C@@H](CCCNC(=N)N)C(=O)N[C@@H](CCCNC(=N)N)C(=O)N[C@@H](CC2C=NC=N2)C(=O)O)C(C)C)NC(=O)CNC(=O)[C@H](CC(C)C)NC(=O)CNC(=O)[C@H](CO)NC(=O)[C@H](CO)NC(=O)[C@H](CO)NC(=O)[C@H](CO)NC1=O,0,0.00010944617545689822,0.49416342412451364,0.30-0.50
scaffold,15,387,C[NH+](C)CCOC(c1ccccc1)c1ccccc1.Cn1c2nc(Cl)nc-2c([O-])n(C)c1=O,0,0.5705803234022119,0.2571428571428571,<0.30
scaffold,15,394,Cn1c(CCCC(=O)O)nc2cc(N(CCCl)CCCl)ccc21,0,0.6571919864029117,0.21621621621621623,<0.30
scaffold,15,407,O=C(O)CN(CCN(CC(=O)O)CC(=O)O)CCN(CC(=O)O)CC(=O)O,0,0.33369835324967084,0.2459016393442623,<0.30
scaffold,15,415,CNC[C@H](O)[C@@H](O)[C@H](O)[C@H](O)CO.CNC[C@H](O)[C@@H](O)[C@H](O)[C@H](O)CO.O=C([O-])CN(CCN(CC(=O)[O-])CC(=O)O)CCN(CC(=O)[O-])CC(=O)O.[Gd+3],0,0.010536254365431204,0.6229508196721312,0.50-0.70
scaffold,15,424,C[C@@H]1CCN(C(=O)[C@H](CCCN=C(N)N)NS(=O)(=O)c2cccc3c2NC[C@H](C)C3)[C@@H](C(=O)O)C1,0,0.06534127232852269,0.24,<0.30
scaffold,15,426,COCCNC(=O)CN(CCN(CCN(CC(=O)[O-])CC(=O)NCCOC)CC(=O)[O-])CC(=O)[O-].[Gd+3],0,0.013372564994990023,0.273972602739726,<0.30
scaffold,15,442,C/C(=N\O)[C@@H](C)NCC(C)(C)CN[C@H](C)/C(C)=N/O,0,0.06516440874789504,0.2,<0.30
scaffold,15,443,NC(=O)CCC1NC(=O)C(Cc2ccccc2)NC(=O)C(Cc2ccc(O)cc2)NC(=O)C(N)CSSCC(C(=O)N2CCCC2C(=O)NC(CCCN=C(N)N)C(=O)NCC(N)=O)NC(=O)C(CC(N)=O)NC1=O,0,0.00020490204746738435,0.7090909090909091,>=0.70
scaffold,15,449,COc1cccc2c1C(=O)c1c(O)c3c(c(O)c1C2=O)C[C@@](O)(C(C)=O)C[C@@H]3O[C@H]1C[C@H](N)[C@H](O)[C@H](C)O1,0,0.7272720983405903,0.20353982300884957,<0.30
scaffold,16,3,CC(C(=O)O)c1cccc(Oc2ccccc2)c1,1,0.8277740642359042,0.4,0.30-0.50
scaffold,16,7,CNC(=O)c1cc(Oc2ccc(NC(=O)Nc3ccc(Cl)c(C(F)(F)F)c3)cc2)ccn1,1,0.989173796056,0.29411764705882354,<0.30
scaffold,16,9,CS(=O)(=O)Nc1ccc([N+](=O)[O-])cc1Oc1ccccc1,1,0.6789892039088412,0.23214285714285715,<0.30
scaffold,16,11,O=C(O)CCCCCC[NH2+]C1c2ccccc2CCc2ccccc21.[Cl-],1,0.0762894630933768,0.2926829268292683,<0.30
scaffold,16,15,NC(N)=Nc1nc(CSCCN=CNS(=O)(=O)c2ccc(Br)cc2)cs1,1,0.97385018453458,0.21875,<0.30
scaffold,16,18,CC[C@H]1OC(=O)[C@H](C)[C@@H](O[C@H]2C[C@@](C)(OC)[C@@H](O)[C@H](C)O2)[C@H](C)[C@@H](O[C@@H]2O[C@H](C)C[C@H](N(C)C)[C@H]2O)[C@](C)(O)C[C@@H](C)C(=O)[C@H](C)[C@@H](O)[C@]1(C)O,1,0.06716425823859705,0.18181818181818182,<0.30
scaffold,16,25,CC[C@H]1OC(=O)[C@H](C)[C@@H](O[C@H]2C[C@@](C)(OC)[C@@H](O)[C@H](C)O2)[C@H](C)[C@@H](O[C@@H]2O[C@H](C)C[C@H](N(C)C)[C@H]2O)[C@](C)(OC)C[C@@H](C)C(=O)[C@H](C)[C@@H](O)[C@]1(C)O,1,0.07267502980817507,0.18487394957983194,<0.30
scaffold,16,38,OC(Cn1cncn1)(Cn1cncn1)c1ccc(F)cc1F,1,0.7138867936961886,0.5849056603773585,0.50-0.70
scaffold,16,56,CC[C@H]1OC(=O)[C@H](C)C(=O)[C@H](C)[C@@H](O[C@@H]2O[C@H](C)C[C@H](N(C)C)[C@H]2O)[C@@](C)(OC)C[C@@H](C)C(=O)[C@H](C)[C@H]2N(CCCCn3cnc(-c4cccnc4)c3)C(=O)O[C@]12C,1,0.6887985638860915,0.15748031496062992,<0.30
scaffold,16,58,NC(=O)NO,1,0.6010903429317173,0.25925925925925924,<0.30
scaffold,16,59,CN(C)CCCN1c2ccccc2CCc2ccc(Cl)cc21,1,0.7344576556595812,0.38181818181818183,0.30-0.50
scaffold,16,60,COC1=CC(=O)C[C@@H](C)[C@]12Oc1c(Cl)c(OC)cc(OC)c1C2=O,1,0.8037771544823594,0.20253164556962025,<0.30
scaffold,16,65,C#Cc1cccc(Nc2ncnc3cc(OCCOC)c(OCCOC)cc23)c1,1,0.9626149698841594,0.40789473684210525,0.30-0.50
scaffold,16,77,Cc1ccc(NC(=O)c2ccc(CN3CCN(C)CC3)cc2)cc1Nc1nccc(-c2cccnc2)n1,1,0.9638660112497355,0.2708333333333333,<0.30
scaffold,16,79,CCC(CO)NCCNC(CC)CO,1,0.05724445512126743,0.21739130434782608,<0.30
scaffold,16,84,CNCC[C@H](Oc1cccc2ccccc12)c1cccs1,1,0.7707905916783789,0.44,0.30-0.50
scaffold,16,93,CCc1cccc2c3c([nH]c12)C(CC)(CC(=O)O)OCC3,1,0.3894824483950832,0.2153846153846154,<0.30
scaffold,16,107,C[C@]12CC(=CO)C(=O)C[C@@H]1CC[C@@H]1[C@@H]2CC[C@@]2(C)[C@H]1CC[C@]2(C)O,1,0.11455177616134443,0.265625,<0.30
scaffold,16,109,CN(C)N/N=C1\N=CN=C1C(N)=O,1,0.8614106502304645,0.2,<0.30
scaffold,16,110,Cc1ccc(C(=O)c2cc(O)c(O)c([N+](=O)[O-])c2)cc1,1,0.836984390108287,0.2727272727272727,<0.30
scaffold,16,114,C[C@]12COC(=O)C[C@@H]1CC[C@@H]1[C@@H]2CC[C@@]2(C)[C@H]1CC[C@]2(C)O,1,0.19687754689822046,0.2786885245901639,<0.30
scaffold,16,115,CS(=O)(=O)CCNCc1ccc(-c2ccc3ncnc(Nc4ccc(OCc5cccc(F)c5)c(Cl)c4)c3c2)o1,1,0.9986501489337817,0.31683168316831684,0.30-0.50
scaffold,16,128,Nc1c(CC(=O)O)cccc1C(=O)c1ccc(Br)cc1,1,0.9381408862947703,0.32653061224489793,0.30-0.50
scaffold,16,138,CC(C(=O)O)c1ccc2oc(-c3ccc(Cl)cc3)nc2c1,1,0.9838700369147594,0.37037037037037035,0.30-0.50
scaffold,16,141,O=C(COc1ccc(Cl)cc1)N1CCN(Cc2ccc3c(c2)OCO3)CC1,1,0.5542660131555197,0.26666666666666666,<0.30
scaffold,16,144,CC(=O)Oc1ccc(C2(c3ccc(OC(C)=O)cc3)C(=O)N(C(C)=O)c3ccccc32)cc1,1,0.7783911939956751,0.2465753424657534,<0.30
scaffold,16,145,CCOC(Nc1ccc(C(=O)O)cc1)C(=O)c1ccc(-c2ccccc2)cc1,1,0.5941992918516192,0.3333333333333333,0.30-0.50
scaffold,16,147,CCOC(=O)CN[C@@H](C(=O)N1CC[C@H]1C(=O)NCc1ccc(/C(N)=N/O)cc1)C1CCCCC1,1,0.19508387107683936,0.2403846153846154,<0.30
scaffold,16,150,CC(=O)Oc1ccc(C2(c3ccc(OC(C)=O)cc3)C(=O)Nc3ccccc32)cc1,1,0.8447182640539178,0.2391304347826087,<0.30
scaffold,16,153,NC(=O)C1CCN(CCCN2c3ccccc3Sc3ccc(Cl)cc32)CC1,1,0.9246102408240441,0.3548387096774194,0.30-0.50
scaffold,16,155,Cc1cc(Br)c(O)c2ncccc12,1,0.9247333416130538,0.28846153846153844,<0.30
scaffold,16,159,COc1ccc2c(C(=O)c3ccc(Cl)cc3)c(C)n(CC(=O)O)c2c1,1,0.8739412075368641,0.5172413793103449,0.50-0.70
scaffold,16,160,CC(=O)Oc1ccc(C(=C2CCCCC2)c2ccc(OC(C)=O)cc2)cc1,1,0.5135911966358466,0.23529411764705882,<0.30
scaffold,16,161,O=C(c1cc(O)c(O)c(O)c1)c1ccc(O)c(O)c1O,1,0.7462064234805104,0.3142857142857143,0.30-0.50
scaffold,16,166,CN(C)Cc1ccc(CSCCN/C(=C\[N+](=O)[O-])NCc2ccc3c(c2)OCO3)o1,1,0.30701911797603887,0.17045454545454544,<0.30
scaffold,16,170,Cc1cc2c(cc1CC(=O)c1sccc1S(=O)(=O)Nc1onc(C)c1Cl)OCO2,1,0.9223489862845051,0.1891891891891892,<0.30
scaffold,16,179,CO/N=C(\N)c1ccc(-c2ccc(-c3ccc(/C(N)=N/OC)cc3)o2)cc1,1,0.743730579799533,0.2,<0.30
scaffold,16,180,COc1cccc2c1[C@@H]1CN(CCCCn3c(=O)[nH]c4c(sc5ncc(-c6ccccc6)nc54)c3=O)C[C@@H]1CO2,1,0.7171379108468096,0.2,<0.30
scaffold,16,186,CN(C)CCOC(c1ccccc1)c1ccccc1,0,0.717522113232547,0.36363636363636365,0.30-0.50
scaffold,16,187,Cc1ccccc1C(OCCN(C)C)c1ccccc1,0,0.6901112833513037,0.3137254901960784,0.30-0.50
scaffold,16,190,C[C@H]1O[C@@H](O[C@H]2[C@@H](O)C[C@H](O[C@H]3[C@@H](O)C[C@H](O[C@H]4CC[C@@]5(C)[C@H](CC[C@@H]6[C@@H]5C[C@@H](O)[C@]5(C)C(C7=CC(=O)OC7)CC[C@]65O)C4)O[C@@H]3C)O[C@@H]2C)C[C@H](O)[C@@H]1O,0,0.3178085598602974,0.22988505747126436,<0.30
scaffold,16,191,N[C@@H](Cc1cc(I)c(Oc2ccc(O)c(I)c2)c(I)c1)C(=O)O,0,0.6775518391169685,0.25925925925925924,<0.30
scaffold,16,193,CN(C)C(=O)Oc1ccc[n+](C)c1,0,0.4114953349352797,0.2,<0.30
scaffold,16,203,COc1ccc2c(c1)[C@]13CCCC[C@@H]1[C@H](C2)N(C)CC3,0,0.043237020909956216,0.3230769230769231,0.30-0.50
scaffold,16,208,CCC1(c2ccccc2)C(=O)NCNC1=O,0,0.6905685416711567,0.3611111111111111,0.30-0.50
scaffold,16,212,Nc1nc(=O)c2nc(CNc3ccc(C(=O)N[C@@H](CCC(=O)O)C(=O)O)cc3)cnc2[nH]1,0,0.6504034784326441,0.5125,0.50-0.70
scaffold,16,222,CN1[C@@H]2CC[C@H]1CC(OC(=O)C(CO)c1ccccc1)C2,0,0.026730798826293582,0.6808510638297872,0.50-0.70
scaffold,16,224,CN(C)CCC(c1ccc(Br)cc1)c1ccccn1,0,0.8974416491801481,0.2909090909090909,<0.30
scaffold,16,225,COc1cc(NC(C)CCCN)c2ncccc2c1,0,0.7449520226370686,0.25925925925925924,<0.30
scaffold,16,229,Cc1cccc(CN2CCN(C(c3ccccc3)c3ccc(Cl)cc3)CC2)c1,0,0.4382370829452435,0.5,0.50-0.70
scaffold,16,231,CC1C(c2ccccc2)OCCN1C,0,0.23011260343570064,0.2765957446808511,<0.30
scaffold,16,238,CN(C)CC[C@@H](c1ccc(Br)cc1)c1ccccn1,0,0.8974416491801481,0.2909090909090909,<0.30
scaffold,16,254,CN(C)CCC(c1ccc(Cl)cc1)c1ccccn1,0,0.8934718293830531,0.30357142857142855,0.30-0.50
scaffold,16,262,CC1(C)S[C@@H]2[C@H](NC(=O)COc3ccccc3)C(=O)N2[C@H]1C(=O)O,0,0.6684489550524323,0.2625,<0.30
scaffold,16,267,Clc1ccc(C(c2ccccc2Cl)C(Cl)Cl)cc1,0,0.7420580376493403,0.25,<0.30
scaffold,16,270,CC(C)CC(NC(=O)CNC(=O)C(CCC(N)=O)NC(=O)C(CC(C)C)NC(=O)C(CC(C)C)NC(=O)C(CCCNC(=N)N)NC(=O)C(CCC(N)=O)NC(=O)C(CC(C)C)NC(=O)C(CCCNC(=N)N)NC(=O)C(C)NC(=O)C(CO)NC(=O)C(CC(=O)O)NC(=O)C(CCCNC(=N)N)NC(=O)C(CC(C)C)NC(=O)C(CCCNC(=N)N)NC(=O)C(CO)NC(=O)C(CC(C)C)NC(=O)C(CCC(=O)O)NC(=O)C(CO)NC(=O)C(NC(=O)C(Cc1ccccc1)NC(=O)C(NC(=O)CNC(=O)C(CC(=O)O)NC(=O)C(CO)NC(=O)C(N)Cc1ncc[nH]1)C(C)O)C(C)O)C(=O)NC(C(=O)O)C(C)C,0,0.026799973655767174,0.5547945205479452,0.50-0.70
scaffold,16,275,CC(C)C(=O)Oc1ccc(CO)cc1[C@H](CCN(C(C)C)C(C)C)c1ccccc1.O=C(O)/C=C/C(=O)O,0,0.24715558767677326,0.2535211267605634,<0.30
scaffold,16,279,CN(C)CCOC(C)(c1ccccc1)c1ccccn1,0,0.6339690056038549,0.3269230769230769,0.30-0.50
scaffold,16,280,CC(C[N+](C)(C)C)OC(N)=O,0,0.20723975484781593,0.3548387096774194,0.30-0.50
scaffold,16,284,CN1CC[C@]23CCCC[C@H]2[C@H]1Cc1ccc(O)cc13,0,0.012399855108818934,0.3770491803278688,0.30-0.50
scaffold,16,286,CN(C)CCOC(c1ccc(Cl)cc1)c1ccccn1,0,0.9059867070197585,0.2807017543859649,<0.30
scaffold,16,292,OC(CCN1CCCCC1)(c1ccccc1)C1CC2C=CC1C2,0,0.0013227980200582188,0.6086956521739131,0.50-0.70
scaffold,16,293,C[N+]1(C)CCC(OC(=O)C(O)(c2ccccc2)C2CCCC2)C1,0,0.0636220237992851,0.6382978723404256,0.50-0.70
scaffold,16,302,Cc1ccc(O)c([C@@H](CCN(C(C)C)C(C)C)c2ccccc2)c1,0,0.47486737602614487,0.265625,<0.30
scaffold,16,305,CN1[C@@H]2CC[C@@H]1CC(OC(c1ccccc1)c1ccccc1)C2,0,0.2821010260806925,0.32075471698113206,0.30-0.50
scaffold,16,320,Cc1cc2nc3c(=O)[nH]c(=O)nc-3n(C[C@@H](O)[C@@H](O)[C@@H](O)CO)c2cc1C,0,0.4730744114559555,0.2127659574468085,<0.30
scaffold,16,332,CC(=O)Oc1ccc(C(c2ccc(OC(C)=O)cc2)c2ccccn2)cc1,0,0.6732123377717687,0.26229508196721313,<0.30
scaffold,16,339,CN[C@@H]1[C@H](O[C@H]2[C@H](O[C@H]3[C@H](O)[C@@H](O)[C@H](N=C(N)N)[C@@H](O)[C@@H]3N=C(N)N)O[C@@H](C)[C@]2(O)C=O)O[C@@H](CO)[C@H](O)[C@H]1O,0,0.20880794105509895,0.2916666666666667,<0.30
scaffold,16,345,NC(N)=NCCC[C@H](N)C(=O)O,0,0.5066650441274224,0.3142857142857143,0.30-0.50
scaffold,16,346,CC(=O)OCC[N+](C)(C)C,0,0.04018192703960106,0.6521739130434783,0.50-0.70
scaffold,16,347,CC[C@]1(O)C[C@@H]2CN(CCc3c([nH]c4ccccc34)[C@@](C(=O)OC)(c3cc4c(cc3OC)N(C)[C@H]3[C@@](O)(C(=O)OC)[C@H](OC(C)=O)[C@]5(CC)C=CCN6CC[C@]43[C@@H]65)C2)C1,0,0.011543064170596909,0.23529411764705882,<0.30
scaffold,16,349,CN(C)CC[C@@H](c1ccc(Cl)cc1)c1ccccn1,0,0.8934718293830531,0.30357142857142855,0.30-0.50
scaffold,16,351,CCCCCCC(C)(C)c1cc(O)c2c(c1)OC(C)(C)[C@@H]1CCC(=O)C[C@@H]21,0,0.26697592935939884,0.2261904761904762,<0.30
scaffold,16,363,Oc1ccc2c3c1OC1[C@@H](O)CC[C@@]4(O)[C@@H](C2)N(CC2CCC2)CC[C@]314,0,0.1012274994014039,0.4861111111111111,0.30-0.50
scaffold,16,369,OCC(O)C(O)C(O)C(O)CO,0,0.024072753027767138,1.0,>=0.70
scaffold,16,383,CCNC(=NCCCC[C@H](NC(=O)[C@H](CC(C)C)NC(=O)[C@@H](CCCCN=C(NCC)NCC)NC(=O)[C@H](Cc1ccc(O)cc1)NC(=O)[C@H](CO)NC(=O)[C@@H](Cc1cccnc1)NC(=O)[C@@H](Cc1ccc(Cl)cc1)NC(=O)[C@@H](Cc1ccc2ccccc2c1)NC(C)=O)C(=O)N1CCC[C@H]1C(=O)N[C@H](C)C(N)=O)NCC,0,0.21400998834812326,0.40789473684210525,0.30-0.50
scaffold,16,384,CC[C@H](C)[C@H](NC(=O)[C@@H]1CCCN1C(=O)CNC(=O)[C@H](Cc1ccccc1)NC(=O)[C@H](CC(N)=O)NC(=O)[C@H](CC(N)=O)NC(=O)[C@H](CO)NC(=O)[C@H](CO)NC(=O)[C@H](Cc1cnc[nH]1)NC(=O)[C@@H](NC(=O)[C@H](CC(C)C)NC(=O)[C@H](Cc1ccccc1)NC(=O)[C@H](CC(N)=O)NC(=O)[C@H](C)NC(=O)[C@H](CC(C)C)NC(=O)[C@H](CCCNC(=N)N)NC(=O)[C@H](CCC(N)=O)NC(=O)[C@@H](NC(=O)[C@H](C)NC(=O)[C@H](CS)NC(=O)[C@@H](NC(=O)[C@H](C)NC(=O)[C@@H](NC(=O)[C@H](CC(N)=O)NC(=O)[C@H](CS)NC(=O)[C@@H](N)CCCCN)[C@@H](C)O)[C@@H](C)O)[C@@H](C)O)C(C)C)C(=O)N[C@@H](CC(C)C)C(=O)N1CCC[C@H]1C(=O)N1CCC[C@H]1C(=O)N[C@H](C(=O)N[C@@H](CC(N)=O)C(=O)N[C@H](C(=O)NCC(=O)N[C@@H](CO)C(=O)N[C@@H](CC(N)=O)C(=O)N[C@H](C(=O)N[C@@H](Cc1ccc(O)cc1)C(N)=O)[C@@H](C)O)C(C)C)[C@@H](C)O,0,0.00023666188781021945,0.7423312883435583,>=0.70
scaffold,16,387,C[NH+](C)CCOC(c1ccccc1)c1ccccc1.Cn1c2nc(Cl)nc-2c([O-])n(C)c1=O,0,0.8237382624404767,0.2328767123287671,<0.30
scaffold,16,388,CCN1CC(CCN2CCOCC2)C(c2ccccc2)(c2ccccc2)C1=O,0,0.3503359371808331,0.32075471698113206,0.30-0.50
scaffold,16,391,CCCC(=O)OCOC(=O)C1=C(C)NC(C)=C(C(=O)OC)C1c1cccc(Cl)c1Cl,0,0.9072664506908446,0.22388059701492538,<0.30
scaffold,16,397,CC[C@H](C)[C@@H]1NC(=O)[C@H](Cc2ccccc2)NC(=O)[C@H](CCC(=O)O)NC(=O)[C@H](CCC(=O)O)NC(=O)[C@@H]2CSSC[C@@H]3NC(=O)[C@H](CCC(=O)O)NC(=O)[C@H](CCC(=O)O)NC(=O)[C@H](CC(C)C)NC(=O)[C@H](CO)NC(=O)[C@H](CCC(=O)O)NC(=O)[C@H](Cc4ccccc4)NC(=O)[C@H](CCCNC(=N)N)NC(=O)[C@H](CC(N)=O)NC(=O)[C@H](CCC(N)=O)NC(=O)[C@H](CC(N)=O)NC(=O)CNC(=O)[C@H](CCC(=O)O)NC(=O)[C@H](CSSC[C@H](NC(=O)[C@@H]4CCCN4C(=O)CNC(=O)[C@H](CC(=O)O)NC(=O)[C@H](CC(=O)O)NC(=O)[C@H](C)NC(=O)[C@H](CCCCN)NC(=O)[C@H](Cc4ccccc4)NC(=O)[C@H](C)NC(=O)[C@@H](NC(=O)[C@H](Cc4ccccc4)NC(=O)[C@H](CO)NC(=O)[C@H](Cc4cnc[nH]4)NC(=O)[C@H](CCSC)NC(=O)[C@H](C)NC(=O)[C@@H](N)CCC(=O)O)CSSC[C@@H](C(=O)N[C@H](C(=O)N[C@@H](CCCNC(=N)N)C(=O)N[C@@H](CC(=O)O)C(=O)O)[C@H](C)O)NC(=O)[C@H](CCSC)NC(=O)[C@H](CCCCN)NC(=O)[C@H](CCCCN)NC3=O)C(=O)N[C@@H](CCCNC(=N)N)C(=O)N[C@@H](C)C(=O)N[C@@H](C)C(=O)N[C@@H](Cc3cnc[nH]3)C(=O)N3CCC[C@H]3C(=O)N[C@@H](CCCNC(=N)N)C(=O)N[C@@H](Cc3c[nH]c4ccccc34)C(=O)N[C@@H](Cc3ccccc3)C(=O)N[C@@H](Cc3ccccc3)C(=O)N[C@@H](CC(N)=O)C(=O)N[C@@H]([C@@H](C)CC)C(=O)N[C@@H](Cc3ccccc3)C(=O)N[C@@H]([C@H](C)O)C(=O)N[C@@H](CCCNC(=N)N)C(=O)N[C@@H](CCC(N)=O)C(=O)N2)NC(=O)CNC(=O)CNC(=O)[C@H](Cc2ccc(O)cc2)NC1=O,0,1.7920025051947077e-05,0.49416342412451364,0.30-0.50
scaffold,16,406,CSCC[C@H](NC(=O)[C@H](Cc1c[nH]c2ccccc12)NC(=O)CCNC(=O)OCC(C)C)C(=O)N[C@@H](CC(=O)O)C(=O)N[C@@H](Cc1ccccc1)C(N)=O,0,0.046893322094116105,0.6354166666666666,0.50-0.70
scaffold,16,407,O=C(O)CN(CCN(CC(=O)O)CC(=O)O)CCN(CC(=O)O)CC(=O)O,0,0.21345778455634443,0.39473684210526316,0.30-0.50
scaffold,16,412,CCCCCCCC/C=C/CCCCCCCC(=O)O.NCCO,0,0.15160578795551402,0.4838709677419355,0.30-0.50
scaffold,16,438,CSCC[C@H](N)C(=O)O,0,0.3875217572872002,0.32142857142857145,0.30-0.50
scaffold,16,443,NC(=O)CCC1NC(=O)C(Cc2ccccc2)NC(=O)C(Cc2ccc(O)cc2)NC(=O)C(N)CSSCC(C(=O)N2CCCC2C(=O)NC(CCCN=C(N)N)C(=O)NCC(N)=O)NC(=O)C(CC(N)=O)NC1=O,0,0.0011644217286390318,0.7090909090909091,>=0.70
scaffold,16,450,CC1/C=C/C=C/CC/C=C/C=C/C=C/C=C/C(OC2O[C@H](C)[C@@H](O)[C@H](N)[C@@H]2O)CC(O)C(C(=O)O)C(O)CC(=O)CC(O)C(O)CCC(O)CC(O)CC(O)CC(=O)OC(C)C(C)C1O,0,0.9566081230455815,0.18947368421052632,<0.30
scaffold,17,3,CC(C(=O)O)c1cccc(Oc2ccccc2)c1,1,0.4277428343429199,0.3269230769230769,0.30-0.50
scaffold,17,9,CS(=O)(=O)Nc1ccc([N+](=O)[O-])cc1Oc1ccccc1,1,0.8404759704292797,0.23214285714285715,<0.30
scaffold,17,10,Cc1c(C)c2c(c(C)c1O)CCC(C)(COc1ccc(CC3SC(=O)NC3=O)cc1)O2,1,0.05596547987109088,0.38028169014084506,0.30-0.50
scaffold,17,11,O=C(O)CCCCCC[NH2+]C1c2ccccc2CCc2ccccc21.[Cl-],1,0.04390718406084012,0.2926829268292683,<0.30
scaffold,17,12,NC1[C@H]2CN(c3nc4c(cc3F)c(=O)c(C(=O)O)cn4-c3ccc(F)cc3F)C[C@@H]12,1,0.9134612459561191,0.3,0.30-0.50
scaffold,17,23,CC(C)c1nc(CN(C)C(=O)N[C@H](C(=O)N[C@@H](Cc2ccccc2)C[C@H](O)[C@H](Cc2ccccc2)NC(=O)OCc2cncs2)C(C)C)cs1,1,0.24924290774117772,0.26,<0.30
scaffold,17,30,CC(=O)Nc1ccc(O)cc1,1,0.5827451122599938,0.2727272727272727,<0.30
scaffold,17,38,OC(Cn1cncn1)(Cn1cncn1)c1ccc(F)cc1F,1,0.8341278741485583,0.5849056603773585,0.50-0.70
scaffold,17,43,O=C(O)c1cn(C2CC2)c2cc(N3CCNCC3)c(F)cc2c1=O,1,0.5450671384289274,0.38571428571428573,0.30-0.50
scaffold,17,45,C[C@](N)(Cc1ccc(O)c(O)c1)C(=O)O,1,0.44179584954720563,0.3125,0.30-0.50
scaffold,17,47,Nc1ccc(C(=O)O)c(O)c1,1,0.9299240603497838,0.325,0.30-0.50
scaffold,17,48,Cc1c2oc3c(C)ccc(C(=O)NC4C(=O)NC(C(C)C)C(=O)N5CCCC5C(=O)N(C)CC(=O)N(C)C(C(C)C)C(=O)OC4C)c3nc-2c(C(=O)NC2C(=O)NC(C(C)C)C(=O)N3CCCC3C(=O)N(C)CC(=O)N(C)C(C(C)C)C(=O)OC2C)c(N)c1=O,1,0.8166039133603178,0.23308270676691728,<0.30
scaffold,17,49,CN1CCN(C2=c3ccccc3=Nc3ccc(Cl)cc3N2)CC1,1,0.7901534978224388,0.2698412698412698,<0.30
scaffold,17,57,C[C@](O)(CS(=O)(=O)c1ccc(F)cc1)C(=O)Nc1ccc(C#N)c(C(F)(F)F)c1,1,0.6371727928420755,0.24691358024691357,<0.30
scaffold,17,70,Cc1ccc(C)c(OCCCC(C)(C)C(=O)O)c1,1,0.2568302316008597,0.22950819672131148,<0.30
scaffold,17,82,CC(C)CN(C[C@@H](O)[C@H](Cc1ccccc1)NC(=O)O[C@H]1CO[C@H]2OCC[C@H]21)S(=O)(=O)c1ccc(N)cc1,1,0.23173291853169717,0.22916666666666666,<0.30
scaffold,17,84,CNCC[C@H](Oc1cccc2ccccc12)c1cccs1,1,0.9090118801856972,0.44,0.30-0.50
scaffold,17,85,c1ccc2[nH]c(-c3cscn3)nc2c1,1,0.816514314999161,0.20833333333333334,<0.30
scaffold,17,87,CCCCc1oc2ccc(NS(C)(=O)=O)cc2c1C(=O)c1ccc(OCCCN(CCCC)CCCC)cc1,1,0.9381430990335041,0.37681159420289856,0.30-0.50
scaffold,17,93,CCc1cccc2c3c([nH]c12)C(CC)(CC(=O)O)OCC3,1,0.16881952485857438,0.22033898305084745,<0.30
scaffold,17,96,COc1cc(C)c(/C=C/C(C)=C/C=C/C(C)=C\C(=O)O)c(C)c1C,1,0.9748375276927214,0.42857142857142855,0.30-0.50
scaffold,17,101,CCCCc1oc2ccccc2c1C(=O)c1cc(I)c(OCCN(CC)CC)c(I)c1,1,0.8879223660919404,0.2247191011235955,<0.30
scaffold,17,102,CC(C)C(=O)Nc1ccc([N+](=O)[O-])c(C(F)(F)F)c1,1,0.7635024168886294,0.4,0.30-0.50
scaffold,17,106,O=C1CN(N=Cc2ccc(-c3ccc([N+](=O)[O-])cc3)o2)C(=O)N1,1,0.929589804503246,0.673469387755102,0.50-0.70
scaffold,17,112,Cc1cccc(C)c1OCC(C)N,1,0.6169832871688752,0.24444444444444444,<0.30
scaffold,17,125,NC(=O)OCC(COC(N)=O)c1ccccc1,1,0.35099559654416024,0.3125,0.30-0.50
scaffold,17,129,C1CCC(C(CC2CCCCN2)C2CCCCC2)CC1,1,0.060078033167849126,0.16666666666666666,<0.30
scaffold,17,130,CCc1oc2ccccc2c1C(=O)c1cc(Br)c(O)c(Br)c1,1,0.9608807057746931,0.28846153846153844,<0.30
scaffold,17,132,C[C@H](N)C(=O)N[C@@H](C)C(=O)NC1[C@H]2CN(c3nc4c(cc3F)c(=O)c(C(=O)O)cn4-c3ccc(F)cc3F)C[C@@H]12,1,0.9101552256249339,0.26881720430107525,<0.30
scaffold,17,135,CC(C(=O)O)c1ccc(N2CC=CC2)c(Cl)c1,1,0.14680926681820172,0.37037037037037035,0.30-0.50
scaffold,17,139,CC(C)Cc1ccc(CC(=O)O)cc1,1,0.4582137170577502,0.27906976744186046,<0.30
scaffold,17,143,NC(=O)NS(=O)(=O)c1ccc(N)cc1,1,0.9669348549287043,0.4473684210526316,0.30-0.50
scaffold,17,149,CC(=O)Oc1cc(C(C)C)c(OCCN(C)C)cc1C,1,0.7882621021242298,0.25862068965517243,<0.30
scaffold,17,154,CC(COc1ccccc1)NN,1,0.7080611627462509,0.4878048780487805,0.30-0.50
scaffold,17,156,O=C(O)COc1nn(Cc2ccccc2)c2ccccc12,1,0.6629509192019627,0.27586206896551724,<0.30
scaffold,17,157,CCc1oc2ccccc2c1C(=O)c1ccc(O)cc1,1,0.8448606819205148,0.25,<0.30
scaffold,17,158,CCc1oc2ccccc2c1C(=O)c1cc(I)c(O)c(I)c1,1,0.9228262958960913,0.24489795918367346,<0.30
scaffold,17,160,CC(=O)Oc1ccc(C(=C2CCCCC2)c2ccc(OC(C)=O)cc2)cc1,1,0.8195372333068787,0.3617021276595745,0.30-0.50
scaffold,17,162,CCCCCCCCNC(C)C(O)c1ccc(SC(C)C)cc1,1,0.5642783155156492,0.3090909090909091,0.30-0.50
scaffold,17,163,CN(C)CC=C(c1ccc(Br)cc1)c1cccnc1,1,0.8092542844686411,0.35714285714285715,0.30-0.50
scaffold,17,164,CC(NN)c1ccccc1,1,0.8595960937332827,0.3076923076923077,0.30-0.50
scaffold,17,165,O=C(CCNNC(=O)c1ccncc1)NCc1ccccc1,1,0.5470446223410789,0.40476190476190477,0.30-0.50
scaffold,17,170,Cc1cc2c(cc1CC(=O)c1sccc1S(=O)(=O)Nc1onc(C)c1Cl)OCO2,1,0.9832495639723465,0.21176470588235294,<0.30
scaffold,17,171,CC(N)C(=O)OC(C)(C)Cc1ccc(Cl)cc1,1,0.27941619767091797,0.25,<0.30
scaffold,17,172,C=CCOc1ccc(CC(=O)O)cc1Cl,1,0.5943512504493051,0.27450980392156865,<0.30
scaffold,17,178,CCCCN1C(=O)[C@@H]([C@H](O)C2CCCCC2)NC(=O)C12CCN(Cc1ccc(Oc3ccc(C(=O)O)cc3)cc1)CC2,1,0.4391258921665747,0.2403846153846154,<0.30
scaffold,17,182,CCCC(CCC)C(=O)O.CCCC(CCC)C(=O)[O-].[Na+],1,0.501920779919931,0.7272727272727273,>=0.70
scaffold,17,185,CCN(CC)CC#CCOC(=O)C(O)(c1ccccc1)C1CCCCC1,0,0.034857340068754475,0.46551724137931033,0.30-0.50
scaffold,17,186,CN(C)CCOC(c1ccccc1)c1ccccc1,0,0.23035602230528687,0.5365853658536586,0.50-0.70
scaffold,17,187,Cc1ccccc1C(OCCN(C)C)c1ccccc1,0,0.13486285205602566,0.4583333333333333,0.30-0.50
scaffold,17,190,C[C@H]1O[C@@H](O[C@H]2[C@@H](O)C[C@H](O[C@H]3[C@@H](O)C[C@H](O[C@H]4CC[C@@]5(C)[C@H](CC[C@@H]6[C@@H]5C[C@@H](O)[C@]5(C)C(C7=CC(=O)OC7)CC[C@]65O)C4)O[C@@H]3C)O[C@@H]2C)C[C@H](O)[C@@H]1O,0,0.37129069059159936,0.22988505747126436,<0.30
scaffold,17,191,N[C@@H](Cc1cc(I)c(Oc2ccc(O)c(I)c2)c(I)c1)C(=O)O,0,0.38619034706103483,0.22448979591836735,<0.30
scaffold,17,200,O=[N+]([O-])O[C@H]1CO[C@H]2[C@@H]1OC[C@H]2O[N+](=O)[O-],0,0.14320018602542706,0.13513513513513514,<0.30
scaffold,17,201,CCOC(=O)C1(c2ccccc2)CCN(CCC(C#N)(c2ccccc2)c2ccccc2)CC1,0,0.002438392397555684,0.6078431372549019,0.50-0.70
scaffold,17,204,CN(C)C(=O)C(CCN1CCC(O)(c2ccc(Cl)cc2)CC1)(c1ccccc1)c1ccccc1,0,0.026518132147626904,0.3064516129032258,0.30-0.50
scaffold,17,206,CN[C@@H](C)[C@@H](O)c1ccccc1,0,0.6478062597274734,0.4146341463414634,0.30-0.50
scaffold,17,207,CC(C)NCC(O)c1ccc(O)c(O)c1,0,0.6399951444169452,0.43137254901960786,0.30-0.50
scaffold,17,213,Cc1ncc(C[n+]2csc(CCO)c2C)c(N)n1,0,0.8428422933085028,0.23076923076923078,<0.30
scaffold,17,216,[Cl-].[NH4+],0,0.3292956001685133,0.08333333333333333,<0.30
scaffold,17,219,C[N+](C)(C)CC(=O)[O-],0,0.15911140138811283,0.4583333333333333,0.30-0.50
scaffold,17,222,CN1[C@@H]2CC[C@H]1CC(OC(=O)C(CO)c1ccccc1)C2,0,0.030802590204253882,0.6,0.50-0.70
scaffold,17,227,CN[C@@H](C)Cc1ccccc1,0,0.5186232648187026,0.30952380952380953,0.30-0.50
scaffold,17,228,CNC1(C)C2CCC(C2)C1(C)C,0,0.3376391510029816,0.16,<0.30
scaffold,17,232,C[C@](N)(Cc1ccc(O)cc1)C(=O)O,0,0.2010566691910436,0.25,<0.30
scaffold,17,233,CN1CC[C@]23c4c5ccc(O)c4O[C@H]2[C@@H](O)C=C[C@H]3[C@H]1C5,0,0.08270954342928434,0.40298507462686567,0.30-0.50
scaffold,17,235,COc1ccccc1OCC(O)CO,0,0.5419574020266026,0.4339622641509434,0.30-0.50
scaffold,17,237,COc1ccc(OC)c(C(O)CNC(=O)CN)c1,0,0.5004987508887822,0.24615384615384617,<0.30
scaffold,17,240,CC(=CCC1=C(C)C(=O)c2ccccc2C1=O)CCCC(C)CCCC(C)CCCC(C)C,0,0.3041615191226837,0.23529411764705882,<0.30
scaffold,17,242,O=C(CCCCCCC(=O)Nc1ccccc1)NO,0,0.4827830677636021,0.38095238095238093,0.30-0.50
scaffold,17,245,NS(=O)(=O)c1cc(Cl)c(Cl)c(S(N)(=O)=O)c1,0,0.8360436199133238,0.15942028985507245,<0.30
scaffold,17,250,NC(N)=NCCN1CCCCCCC1,0,0.03237142360795259,0.3142857142857143,0.30-0.50
scaffold,17,251,C[C@H](N)Cc1ccccc1,0,0.29969231558590276,0.2926829268292683,<0.30
scaffold,17,252,O=C(NC(CO)C(O)c1ccc([N+](=O)[O-])cc1)C(Cl)Cl,0,0.27050373954791407,0.24074074074074073,<0.30
scaffold,17,253,CC(C)NCC(O)c1cc(O)cc(O)c1,0,0.5371790732448607,0.32075471698113206,0.30-0.50
scaffold,17,255,OCC(S)CS,0,0.21841506104355646,0.2631578947368421,<0.30
scaffold,17,259,C#CCN(C)[C@H](C)Cc1ccccc1,0,0.19270631687412146,0.2916666666666667,<0.30
scaffold,17,260,COc1cc2nc(N3CCN(C(=O)C4CCCO4)CC3)nc(N)c2cc1OC,0,0.2941995283656759,0.21739130434782608,<0.30
scaffold,17,262,CC1(C)S[C@@H]2[C@H](NC(=O)COc3ccccc3)C(=O)N2[C@H]1C(=O)O,0,0.7148460640838049,0.2625,<0.30
scaffold,17,264,CCC(c1cccc(O)c1)C(C)CN(C)C,0,0.3633147746849416,0.2631578947368421,<0.30
scaffold,17,265,CC(Cc1ccccc1)N(C)Cc1ccccc1,0,0.27387755606760694,0.38095238095238093,0.30-0.50
scaffold,17,267,Clc1ccc(C(c2ccccc2Cl)C(Cl)Cl)cc1,0,0.7072434937855825,0.2765957446808511,<0.30
scaffold,17,268,CC(C)=CCN1CC[C@@]2(C)c3cc(O)ccc3C[C@@H]1[C@@H]2C,0,0.032656526295995705,0.3770491803278688,0.30-0.50
scaffold,17,269,CO[Si](C)(C)O[Si](C)(C)C.O=[Si]=O,0,0.58546225678613,0.10909090909090909,<0.30
scaffold,17,274,O=C(OC1CC2CC[C@@H](C1)[N+]21CCCC1)C(O)(c1ccccc1)c1ccccc1.[Cl-],0,0.011289114291749305,0.5833333333333334,0.50-0.70
scaffold,17,275,CC(C)C(=O)Oc1ccc(CO)cc1[C@H](CCN(C(C)C)C(C)C)c1ccccc1.O=C(O)/C=C/C(=O)O,0,0.08817339242640468,0.24,<0.30
scaffold,17,281,CC(=O)OCC(=O)[C@@]1(O)CC[C@H]2[C@@H]3CCC4=CC(=O)CC[C@]4(C)[C@H]3C(=O)C[C@@]21C,0,0.18818771916101878,0.5294117647058824,0.50-0.70
scaffold,17,285,CC(C)[N+](C)(CCOC(=O)C1c2ccccc2Oc2ccccc21)C(C)C,0,0.11832670272269279,0.28888888888888886,<0.30
scaffold,17,290,C=Cc1ccccc1S(=O)(=O)[O-].[Ca+2],0,0.863787965389314,0.17857142857142858,<0.30
scaffold,17,291,CCN(CC)C(C)C(=O)c1ccccc1,0,0.6392091570614415,0.3333333333333333,0.30-0.50
scaffold,17,301,O=P(O)(O)C(Sc1ccc(Cl)cc1)P(=O)(O)O,0,0.7722883648728749,0.21739130434782608,<0.30
scaffold,17,302,Cc1ccc(O)c([C@@H](CCN(C(C)C)C(C)C)c2ccccc2)c1,0,0.1609020781264996,0.26785714285714285,<0.30
scaffold,17,304,CC(C)(C)NCC(O)c1ccc(O)c(CO)c1,0,0.28249294556771815,0.3220338983050847,0.30-0.50
scaffold,17,305,CN1[C@@H]2CC[C@@H]1CC(OC(c1ccccc1)c1ccccc1)C2,0,0.1622021488399799,0.26785714285714285,<0.30
scaffold,17,308,CC(=O)Oc1ccccc1C(=O)Nc1ncc([N+](=O)[O-])s1,0,0.9616681069043507,0.2153846153846154,<0.30
scaffold,17,313,CCCCC(F)(F)[C@@]1(O)CC[C@@H]2[C@H](CCCCCCC(=O)O)C(=O)C[C@H]2O1,0,0.03548875130475042,0.25,<0.30
scaffold,17,316,COc1ccc2c3c1O[C@H]1[C@@H](O)C=C[C@H]4[C@@H](C2)N(C)CC[C@@]341,0,0.10699537308291762,0.42857142857142855,0.30-0.50
scaffold,17,320,Cc1cc2nc3c(=O)[nH]c(=O)nc-3n(C[C@@H](O)[C@@H](O)[C@@H](O)CO)c2cc1C,0,0.43183076859161906,0.2127659574468085,<0.30
scaffold,17,323,O=[N+]([O-])OCC(CO[N+](=O)[O-])O[N+](=O)[O-],0,0.34732061991044977,0.13636363636363635,<0.30
scaffold,17,325,CN[C@@H](C)[C@H](O)c1ccccc1,0,0.6478062597274734,0.4146341463414634,0.30-0.50
scaffold,17,326,CN1CCCN=C1/C=C/c1cccs1,0,0.5834679482821264,0.21818181818181817,<0.30
scaffold,17,328,CC[C@@]1(O)C(=O)OCc2c1cc1n(c2=O)Cc2cc3c(CN(C)C)c(O)ccc3nc2-1,0,0.794624377014051,0.19387755102040816,<0.30
scaffold,17,329,CN1C2CC(OC(=O)C(CO)c3ccccc3)CC1C1OC12,0,0.017132184757359,0.6938775510204082,0.50-0.70
scaffold,17,332,CC(=O)Oc1ccc(C(c2ccc(OC(C)=O)cc2)c2ccccn2)cc1,0,0.41075981584329374,0.36,0.30-0.50
scaffold,17,336,CC[N+](C)(C)c1cccc(O)c1,0,0.43040005501206763,0.2549019607843137,<0.30
scaffold,17,337,NCCc1ccc(O)c(O)c1,0,0.16179983884379442,0.41025641025641024,0.30-0.50
scaffold,17,340,Nc1ncnc2c1ncn2[C@@H]1O[C@H](CO)[C@@H](O)[C@H]1O,0,0.9426771342736056,0.46153846153846156,0.30-0.50
scaffold,17,343,CCN(CC)CC(=O)Nc1c(C)cccc1C,0,0.7071110980987844,0.3617021276595745,0.30-0.50
scaffold,17,357,Nc1nc(F)nc2c1ncn2[C@@H]1O[C@H](COP(=O)(O)O)[C@@H](O)[C@@H]1O,0,0.9735935423564681,0.3384615384615385,0.30-0.50
scaffold,17,362,Oc1ccc2c(c1)[C@@]13CCCC[C@@]1(O)[C@@H](C2)N(CC1CCC1)CC3,0,0.03162367978491166,0.4626865671641791,0.30-0.50
scaffold,17,365,COc1ccc(C[C@@H]2c3cc(OC)c(OC)cc3CC[N@+]2(C)CCC(=O)OCCCCCOC(=O)CC[N@@+]2(C)CCc3cc(OC)c(OC)cc3[C@H]2Cc2ccc(OC)c(OC)c2)cc1OC.O=S(=O)([O-])c1ccccc1.O=S(=O)([O-])c1ccccc1,0,0.05206636919782913,0.8095238095238095,>=0.70
scaffold,17,366,O=C(CCCN1CC=C(n2c(=O)[nH]c3ccccc32)CC1)c1ccc(F)cc1,0,0.0702334418699326,0.3972602739726027,0.30-0.50
scaffold,17,368,CC(C)(CO)C(O)C(=O)NCCCO,0,0.05249583366504015,0.22857142857142856,<0.30
scaffold,17,369,OCC(O)C(O)C(O)C(O)CO,0,0.08537950385060465,1.0,>=0.70
scaffold,17,370,Nc1ccc(C(=O)NCC(=O)O)cc1,0,0.8161296248935556,0.37209302325581395,0.30-0.50
scaffold,17,373,CNC(=O)c1c(I)c(NC(C)=O)c(I)c(C(=O)O)c1I,0,0.33205024164539837,0.3333333333333333,0.30-0.50
scaffold,17,379,O=C(NCC(O)CO)c1c(I)c(C(=O)NCC(O)CO)c(I)c(N(CCO)C(=O)CO)c1I,0,0.06409704099753612,0.18461538461538463,<0.30
scaffold,17,392,CNC(=O)c1cnn(-c2nc(N)c3ncn([C@@H]4O[C@H](CO)[C@@H](O)[C@H]4O)c3n2)c1,0,0.977147638362975,0.37142857142857144,0.30-0.50
scaffold,17,399,NC[C@H](O)c1ccc(O)c(O)c1,0,0.3159173935799094,0.3076923076923077,0.30-0.50
scaffold,17,400,CNC[C@H](O)c1ccc(O)c(O)c1,0,0.5435932579750796,0.36538461538461536,0.30-0.50
scaffold,17,402,CC(=O)Nc1c(I)c(NC(C)=O)c(I)c(C(=O)O)c1I,0,0.4377316495779574,0.38461538461538464,0.30-0.50
scaffold,17,406,CSCC[C@H](NC(=O)[C@H](Cc1c[nH]c2ccccc12)NC(=O)CCNC(=O)OCC(C)C)C(=O)N[C@@H](CC(=O)O)C(=O)N[C@@H](Cc1ccccc1)C(N)=O,0,0.01177444416965557,0.6354166666666666,0.50-0.70
scaffold,17,416,Oc1ccc(C2CNCCc3c2cc(O)c(O)c3Cl)cc1,0,0.04184425127822469,0.1864406779661017,<0.30
scaffold,17,419,C=CC[N+]1([C@H]2C[C@H]3[C@@H]4CC[C@H]5C[C@H](O)[C@@H](N6CCOCC6)C[C@]5(C)[C@H]4CC[C@]3(C)[C@H]2OC(C)=O)CCCC1,0,0.015893473340400498,0.573170731707317,0.50-0.70
scaffold,17,421,CCCCCCCN(CC)CCCC(O)c1ccc(NS(C)(=O)=O)cc1,0,0.47231773673454946,0.3220338983050847,0.30-0.50
scaffold,17,423,CC[C@H](C)[C@H](NC(=O)[C@H](CCC(=O)O)NC(=O)[C@H](CCC(=O)O)NC(=O)[C@H](Cc1ccccc1)NC(=O)[C@H](CC(=O)O)NC(=O)CNC(=O)[C@H](CC(N)=O)NC(=O)CNC(=O)CNC(=O)CNC(=O)CNC(=O)[C@@H]1CCCN1C(=O)[C@H](CCCNC(=N)N)NC(=O)[C@@H]1CCCN1C(=O)[C@H](N)Cc1ccccc1)C(=O)N1CCC[C@H]1C(=O)N[C@@H](CCC(=O)O)C(=O)N[C@@H](CCC(=O)O)C(=O)N[C@@H](Cc1ccc(O)cc1)C(=O)N[C@@H](CC(C)C)C(=O)O,0,0.0017084306957337785,0.5454545454545454,0.50-0.70
scaffold,17,424,C[C@@H]1CCN(C(=O)[C@H](CCCN=C(N)N)NS(=O)(=O)c2cccc3c2NC[C@H](C)C3)[C@@H](C(=O)O)C1,0,0.0891704368859658,0.2734375,<0.30
scaffold,17,430,CNC[C@H](O)[C@@H](O)[C@H](O)[C@H](O)CO.CNC[C@H](O)[C@@H](O)[C@H](O)[C@H](O)CO.O=C([O-])CN(CCN(CC(=O)[O-])CC(=O)O)CCN(CC(=O)O)C(COCc1ccccc1)C(=O)[O-].[Gd+3],0,0.09858445108837595,0.6229508196721312,0.50-0.70
scaffold,17,434,COC(=O)CCc1ccc(OCC(O)CNC(C)C)cc1,0,0.35649363330248335,0.39285714285714285,0.30-0.50
scaffold,17,442,C/C(=N\O)[C@@H](C)NCC(C)(C)CN[C@H](C)/C(C)=N/O,0,0.12180995605887737,0.17647058823529413,<0.30
scaffold,17,446,NCCc1ccc(O)cc1,0,0.10958282616271262,0.3333333333333333,0.30-0.50
scaffold,18,27,C[C@H]1COc2c(N3CCN(C)CC3)c(F)cc3c(=O)c(C(=O)O)cn1c23,1,0.8736823167254261,0.38571428571428573,0.30-0.50
scaffold,18,28,C[C@]12CC[C@H]3[C@@H](CCC4=CC(=O)CC[C@@]43C)[C@@H]1CC[C@@H]2O,1,0.6182300419322974,0.34285714285714286,0.30-0.50
scaffold,18,32,O=c1ncnc2[nH][nH]cc1-2,1,0.8199494288148963,0.16363636363636364,<0.30
scaffold,18,35,CN(C)c1ccc(O)c2c1C[C@H]1C[C@H]3[C@H](N(C)C)C(=O)/C(=C(\N)O)C(=O)[C@@]3(O)C(=O)C1=C2O,1,0.5100326388954775,0.19540229885057472,<0.30
scaffold,18,40,O=C(O)C1=C/C(=N/Nc2ccc(S(=O)(=O)Nc3ccccn3)cc2)C=CC1=O,1,0.967948920525568,0.24615384615384617,<0.30
scaffold,18,48,Cc1c2oc3c(C)ccc(C(=O)NC4C(=O)NC(C(C)C)C(=O)N5CCCC5C(=O)N(C)CC(=O)N(C)C(C(C)C)C(=O)OC4C)c3nc-2c(C(=O)NC2C(=O)NC(C(C)C)C(=O)N3CCCC3C(=O)N(C)CC(=O)N(C)C(C(C)C)C(=O)OC2C)c(N)c1=O,1,0.923039184609388,0.23308270676691728,<0.30
scaffold,18,49,CN1CCN(C2=c3ccccc3=Nc3ccc(Cl)cc3N2)CC1,1,0.8588340899430559,0.2375,<0.30
scaffold,18,55,CCCSc1ccc2nc(NC(=O)OC)[nH]c2c1,1,0.7472762908232549,0.19402985074626866,<0.30
scaffold,18,59,CN(C)CCCN1c2ccccc2CCc2ccc(Cl)cc21,1,0.8400823929834063,0.38181818181818183,0.30-0.50
scaffold,18,62,O=C(O)c1cc(-c2ccc(F)cc2F)ccc1O,1,0.908257968162447,0.325,0.30-0.50
scaffold,18,68,CCCN(CCOc1c(Cl)cc(Cl)cc1Cl)C(=O)n1ccnc1.O=S(=O)([O-])C(I)I.[Na+],1,0.9702888816353403,0.22772277227722773,<0.30
scaffold,18,72,Nc1nnc(-c2cccc(Cl)c2Cl)c(N)n1,1,0.41739465523998204,0.18461538461538463,<0.30
scaffold,18,77,Cc1ccc(NC(=O)c2ccc(CN3CCN(C)CC3)cc2)cc1Nc1nccc(-c2cccnc2)n1,1,0.9941121668909577,0.25773195876288657,<0.30
scaffold,18,87,CCCCc1oc2ccc(NS(C)(=O)=O)cc2c1C(=O)c1ccc(OCCCN(CCCC)CCCC)cc1,1,0.967175425791375,0.33783783783783783,0.30-0.50
scaffold,18,89,C[C@H]1O[C@H](O[C@H]2[C@H](O)[C@@H](O)[C@@H](O[C@H]3[C@H](O)[C@@H](O)[C@H](O)O[C@@H]3CO)O[C@@H]2CO)[C@H](O)[C@@H](O)[C@@H]1N[C@H]1C=C(CO)[C@H](O)[C@H](O)[C@H]1O,1,0.4824945886800899,0.3333333333333333,0.30-0.50
scaffold,18,90,C[C@@H](c1ncncc1F)[C@](O)(Cn1cncn1)c1ccc(F)cc1F,1,0.7291426756404823,0.5849056603773585,0.50-0.70
scaffold,18,92,C[C@]12CC[C@H]3[C@@H](CCC4=CC(=O)CC[C@@H]43)[C@@H]1CC[C@@H]2O,1,0.43765243714689317,0.36231884057971014,0.30-0.50
scaffold,18,101,CCCCc1oc2ccccc2c1C(=O)c1cc(I)c(OCCN(CC)CC)c(I)c1,1,0.8923970582735533,0.2222222222222222,<0.30
scaffold,18,104,Cc1cn([C@H]2C[C@H](N=[N+]=[N-])[C@@H](CO)O2)c(=O)[nH]c1=O,1,0.7413266605066645,0.4727272727272727,0.30-0.50
scaffold,18,109,CN(C)N/N=C1\N=CN=C1C(N)=O,1,0.8964169909465566,0.2,<0.30
scaffold,18,113,COc1ccccc1Oc1c(NS(=O)(=O)c2ccc(C(C)(C)C)cc2)nc(-c2ncccn2)nc1OCCO,1,0.922770504269751,0.2463768115942029,<0.30
scaffold,18,114,C[C@]12COC(=O)C[C@@H]1CC[C@@H]1[C@@H]2CC[C@@]2(C)[C@H]1CC[C@]2(C)O,1,0.6642931011816977,0.5882352941176471,0.50-0.70
scaffold,18,117,Cc1ccnc2c1NC(=O)c1cccnc1N2C1CC1,1,0.8006678304819298,0.21739130434782608,<0.30
scaffold,18,130,CCc1oc2ccccc2c1C(=O)c1cc(Br)c(O)c(Br)c1,1,0.9631323243640559,0.24,<0.30
scaffold,18,134,CCCN(CCC)C(=O)Cc1c(-c2ccc(Cl)cc2)nc2ccc(Cl)cn12,1,0.9833525124531646,0.288135593220339,<0.30
scaffold,18,136,NC1=NC(=O)C(c2ccccc2)O1,1,0.8034472299664183,0.23255813953488372,<0.30
scaffold,18,137,CN1Cc2c(N)cccc2C(c2ccccc2)C1,1,0.3543736263298171,0.2765957446808511,<0.30
scaffold,18,155,Cc1cc(Br)c(O)c2ncccc12,1,0.8890711243209901,0.23255813953488372,<0.30
scaffold,18,157,CCc1oc2ccccc2c1C(=O)c1ccc(O)cc1,1,0.7713797326246885,0.2558139534883721,<0.30
scaffold,18,158,CCc1oc2ccccc2c1C(=O)c1cc(I)c(O)c(I)c1,1,0.8946362409290026,0.24489795918367346,<0.30
scaffold,18,167,CN1CCCC(CN2c3ccccc3Sc3ccccc32)C1,1,0.5272023287274181,0.3548387096774194,0.30-0.50
scaffold,18,170,Cc1cc2c(cc1CC(=O)c1sccc1S(=O)(=O)Nc1onc(C)c1Cl)OCO2,1,0.9594823584152682,0.21176470588235294,<0.30
scaffold,18,173,O=c1[nH]c(=O)n([C@@H]2O[C@H](CO)[C@@H](O)[C@@H]2F)cc1I,1,0.5759513274769741,0.3888888888888889,0.30-0.50
scaffold,18,174,Cc1nc(C)c2c(n1)N(Cc1ccc(-c3ccccc3-c3nn[nH]n3)cc1)C(=O)CC2,1,0.6884495149525459,0.1839080459770115,<0.30
scaffold,18,183,Cc1nnc(C(C)C)n1C1C[C@H]2CC[C@@H](C1)N2CC[C@H](NC(=O)C1CCC(F)(F)CC1)c1ccccc1,1,0.2028528664963516,0.25,<0.30
scaffold,18,184,CC(COc1ccccc1)N(CCCl)Cc1ccccc1,0,0.4284462119970578,0.40476190476190477,0.30-0.50
scaffold,18,188,CN1CCC[C@@H]1CCO[C@](C)(c1ccccc1)c1ccc(Cl)cc1,0,0.009994300753577661,0.3157894736842105,0.30-0.50
scaffold,18,189,Cn1c(=O)c2[nH]cnc2n(C)c1=O,0,0.5041884730957616,0.8387096774193549,>=0.70
scaffold,18,192,Cn1c(=O)c2c(ncn2C)n(C)c1=O,0,0.41879979008429963,0.4,0.30-0.50
scaffold,18,205,CC(COc1ccccc1)NC(C)C(O)c1ccc(O)cc1,0,0.16594982199146338,0.4878048780487805,0.30-0.50
scaffold,18,209,C[C@]12CCC(=O)C=C1CC[C@H]1[C@@H]3CC[C@](O)(C(=O)CO)[C@@]3(C)C[C@H](O)[C@@]12F,0,0.8597010284779789,0.21428571428571427,<0.30
scaffold,18,212,Nc1nc(=O)c2nc(CNc3ccc(C(=O)N[C@@H](CCC(=O)O)C(=O)O)cc3)cnc2[nH]1,0,0.5829312709494254,0.5125,0.50-0.70
scaffold,18,213,Cc1ncc(C[n+]2csc(CCO)c2C)c(N)n1,0,0.6657773136952081,0.23076923076923078,<0.30
scaffold,18,221,CCC[C@H]1O[C@@H]2C[C@H]3[C@@H]4CCC5=CC(=O)C=C[C@]5(C)[C@H]4[C@@H](O)C[C@]3(C)[C@]2(C(=O)CO)O1,0,0.9305212221523521,0.23809523809523808,<0.30
scaffold,18,222,CN1[C@@H]2CC[C@H]1CC(OC(=O)C(CO)c1ccccc1)C2,0,0.02921085538079093,0.6,0.50-0.70
scaffold,18,225,COc1cc(NC(C)CCCN)c2ncccc2c1,0,0.5732283131081084,0.25925925925925924,<0.30
scaffold,18,226,CCOC(=O)C1(c2ccccc2)CCN(C)CC1,0,0.5644995376276224,0.6078431372549019,0.50-0.70
scaffold,18,234,CN(CCOc1ccc(NS(C)(=O)=O)cc1)CCc1ccc(NS(C)(=O)=O)cc1,0,0.7683102331577509,0.3220338983050847,0.30-0.50
scaffold,18,240,CC(=CCC1=C(C)C(=O)c2ccccc2C1=O)CCCC(C)CCCC(C)CCCC(C)C,0,0.20616170420950597,0.23529411764705882,<0.30
scaffold,18,244,CN1C[C@H](C(=O)N[C@]2(C)O[C@@]3(O)[C@@H]4CCCN4C(=O)[C@H](Cc4ccccc4)N3C2=O)C[C@@H]2c3cccc4[nH]cc(c34)C[C@H]21,0,0.03022611239808825,0.32456140350877194,0.30-0.50
scaffold,18,247,C[N+](C)(C)C[C@H](O)CC(=O)[O-],0,0.013665453380552547,0.4583333333333333,0.30-0.50
scaffold,18,256,C[C@]12CCC(=O)C=C1CC[C@@H]1[C@@H]2[C@@H](O)C[C@@]2(C)[C@H]1CC[C@]2(O)C(=O)CO,0,0.8446193536184741,0.2948717948717949,<0.30
scaffold,18,263,CC#C[C@]1(O)CC[C@H]2[C@@H]3CCC4=CC(=O)CCC4=C3[C@@H](c3ccc(N(C)C)cc3)C[C@@]21C,0,0.8340758013331095,0.2087912087912088,<0.30
scaffold,18,277,CCN(C(C)=O)c1cccc(-c2ccnc3c(C#N)cnn23)c1,0,0.7673282933021911,0.22972972972972974,<0.30
scaffold,18,281,CC(=O)OCC(=O)[C@@]1(O)CC[C@H]2[C@@H]3CCC4=CC(=O)CC[C@]4(C)[C@H]3C(=O)C[C@@]21C,0,0.8694618802020022,0.2962962962962963,<0.30
scaffold,18,283,Cn1c(=O)c2c(ncn2CC(O)CO)n(C)c1=O,0,0.06569601520245136,0.34,0.30-0.50
scaffold,18,295,OC[C@H]1O[C@@H](O[C@@H]2[C@@H](CO)O[C@](O)(CO)[C@H]2O)[C@H](O)[C@@H](O)[C@H]1O,0,0.16813617473517822,0.43137254901960786,0.30-0.50
scaffold,18,298,CC(=O)[O-].CC(=O)[O-].[Ca+2],0,0.35812255822800987,0.4166666666666667,0.30-0.50
scaffold,18,300,OCCN1C[C@H](O)[C@@H](O)[C@H](O)[C@H]1CO,0,0.11285522221680627,0.20588235294117646,<0.30
scaffold,18,306,CCCCN1C[C@H](O)[C@@H](O)[C@H](O)[C@H]1CO,0,0.23952566694651387,0.18421052631578946,<0.30
scaffold,18,308,CC(=O)Oc1ccccc1C(=O)Nc1ncc([N+](=O)[O-])s1,0,0.9832431461457618,0.26229508196721313,<0.30
scaffold,18,317,CCC(C)CCCCC(=O)NC(CCNCS(=O)(=O)[O-])C(=O)NC(C(=O)NC(CCNCS(=O)(=O)[O-])C(=O)NC1CCNC(=O)C(C(C)O)NC(=O)C(CCNCS(=O)(=O)[O-])NC(=O)C(CCNCS(=O)(=O)[O-])NC(=O)C(CC(C)C)NC(=O)C(CC(C)C)NC(=O)C(CCNCS(=O)(=O)[O-])NC1=O)C(C)O.[Na+].[Na+].[Na+].[Na+].[Na+],0,0.012916184770962463,0.7019230769230769,>=0.70
scaffold,18,319,Clc1ccc2c(c1)C(c1ccccc1)=NCc1nncn1-2,0,0.6832260546566793,0.3709677419354839,0.30-0.50
scaffold,18,320,Cc1cc2nc3c(=O)[nH]c(=O)nc-3n(C[C@@H](O)[C@@H](O)[C@@H](O)CO)c2cc1C,0,0.42537322391785487,0.2127659574468085,<0.30
scaffold,18,321,C#C[C@]1(O)CC[C@H]2[C@@H]3CCC4=CC(=O)CC[C@@H]4[C@H]3CC[C@@]21CC,0,0.6304268545472812,0.30666666666666664,0.30-0.50
scaffold,18,326,CN1CCCN=C1/C=C/c1cccs1,0,0.6528870731238154,0.21739130434782608,<0.30
scaffold,18,329,CN1C2CC(OC(=O)C(CO)c3ccccc3)CC1C1OC12,0,0.023238196555573624,0.6938775510204082,0.50-0.70
scaffold,18,331,CC(C)(N)CO.Cn1c(=O)c2[nH]c(Br)nc2n(C)c1=O,0,0.5067970508364681,0.3877551020408163,0.30-0.50
scaffold,18,347,CC[C@]1(O)C[C@@H]2CN(CCc3c([nH]c4ccccc34)[C@@](C(=O)OC)(c3cc4c(cc3OC)N(C)[C@H]3[C@@](O)(C(=O)OC)[C@H](OC(C)=O)[C@]5(CC)C=CCN6CC[C@]43[C@@H]65)C2)C1,0,0.26084991984828376,0.23529411764705882,<0.30
scaffold,18,350,CNCCCC1c2ccccc2C=Cc2ccccc21,0,0.7848260925279723,0.29545454545454547,<0.30
scaffold,18,352,CN(C)CCc1c[nH]c2ccc(CS(=O)(=O)N3CCCC3)cc12,0,0.03902556663372336,0.5084745762711864,0.50-0.70
scaffold,18,358,CCOC(=O)N1CCC(=C2c3ccc(Cl)cc3CCc3cccnc32)CC1,0,0.9529070102513826,0.2345679012345679,<0.30
scaffold,18,360,OC(CCN1CCCCC1)(c1ccccc1)C1CCCCC1,0,0.001759407330838349,1.0,>=0.70
scaffold,18,367,CCC(=O)N(c1ccccc1)C1(COC)CCN(CCn2nnn(CC)c2=O)CC1,0,0.08883632713527116,0.6153846153846154,0.50-0.70
scaffold,18,377,CSCC[C@H](NC(=O)[C@H](Cc1ccc(OS(=O)(=O)O)cc1)NC(=O)[C@@H](N)CC(=O)O)C(=O)NCC(=O)N[C@@H](Cc1c[nH]c2ccccc12)C(=O)N[C@@H](CCSC)C(=O)N[C@@H](CC(=O)O)C(=O)N[C@@H](Cc1ccccc1)C(N)=O,0,0.09238390521918073,0.6354166666666666,0.50-0.70
scaffold,18,394,Cn1c(CCCC(=O)O)nc2cc(N(CCCl)CCCl)ccc21,0,0.8471903673468809,0.21621621621621623,<0.30
scaffold,18,405,CC(=O)O[C@H]1C[C@@H]2CC[C@@H]3[C@H](CC[C@@]4(C)[C@H]3C[C@H]([N+]3(C)CCCCC3)[C@@H]4OC(C)=O)[C@@]2(C)C[C@@H]1[N+]1(C)CCCCC1.[Br-].[Br-],0,0.04969078217918221,0.7936507936507936,>=0.70
scaffold,18,407,O=C(O)CN(CCN(CC(=O)O)CC(=O)O)CCN(CC(=O)O)CC(=O)O,0,0.29576183281173796,0.3055555555555556,0.30-0.50
scaffold,18,415,CNC[C@H](O)[C@@H](O)[C@H](O)[C@H](O)CO.CNC[C@H](O)[C@@H](O)[C@H](O)[C@H](O)CO.O=C([O-])CN(CCN(CC(=O)[O-])CC(=O)O)CCN(CC(=O)[O-])CC(=O)O.[Gd+3],0,0.022081536175462723,0.6229508196721312,0.50-0.70
scaffold,18,418,CC(O)CN1CCN(CC(=O)[O-])CCN(CC(=O)[O-])CCN(CC(=O)[O-])CC1.[Gd+3],0,0.022601889991473903,0.3,0.30-0.50
scaffold,18,428,NCCCNCCSP(=O)(O)O,0,0.05933064425829614,0.32142857142857145,0.30-0.50
scaffold,18,431,Cc1nc2c([nH]1)CCN(C(=O)c1ccc(NC(=O)c3ccccc3-c3ccccc3)cc1)c1ccccc1-2,0,0.959835830961353,0.313953488372093,0.30-0.50
scaffold,18,433,O=C(CNC(=O)c1ccccc1)CC(Cc1ccccc1)C(=O)O,0,0.20478891598291118,0.37209302325581395,0.30-0.50
scaffold,18,435,CCOC(=O)c1cncn1C(C)c1ccccc1,0,0.5973927403467002,0.3333333333333333,0.30-0.50
scaffold,18,438,CSCC[C@H](N)C(=O)O,0,0.15472736084194152,0.40625,0.30-0.50
scaffold,18,440,CN1CCc2cccc3c2[C@H]1Cc1ccc(O)c(O)c1-3,0,0.03386488102933939,0.27941176470588236,<0.30
scaffold,18,441,C#CC1(OC(C)=O)CCC2C3CCC4=CC(=O)CCC4C3CCC21C,0,0.934454253321289,0.2948717948717949,<0.30
scaffold,19,7,CNC(=O)c1cc(Oc2ccc(NC(=O)Nc3ccc(Cl)c(C(F)(F)F)c3)cc2)ccn1,1,0.9543498181920445,0.2608695652173913,<0.30
scaffold,19,15,NC(N)=Nc1nc(CSCCN=CNS(=O)(=O)c2ccc(Br)cc2)cs1,1,0.9857914272224855,0.21505376344086022,<0.30
scaffold,19,16,Cc1cc(C#N)cc(C)c1Oc1nc(Nc2ccc(C#N)cc2)nc(N)c1Br,1,0.9768580158984413,0.18823529411764706,<0.30
scaffold,19,17,CCCCCOc1ccc(-c2cc(-c3ccc(C(=O)NC4CC(O)C(O)NC(=O)C5C(O)C(C)CN5C(=O)C(C(O)CC(N)=O)NC(=O)C(C(O)C(O)c5ccc(O)c(OS(=O)(=O)O)c5)NC(=O)C5CC(O)CN5C(=O)C(C(C)O)NC4=O)cc3)no2)cc1,1,0.8154671658594275,0.19863013698630136,<0.30
scaffold,19,18,CC[C@H]1OC(=O)[C@H](C)[C@@H](O[C@H]2C[C@@](C)(OC)[C@@H](O)[C@H](C)O2)[C@H](C)[C@@H](O[C@@H]2O[C@H](C)C[C@H](N(C)C)[C@H]2O)[C@](C)(O)C[C@@H](C)C(=O)[C@H](C)[C@@H](O)[C@]1(C)O,1,0.0421061080847923,0.18181818181818182,<0.30
scaffold,19,20,CC(c1cc2ccccc2s1)N(O)C(N)=O,1,0.87960128917497,0.26666666666666666,<0.30
scaffold,19,23,CC(C)c1nc(CN(C)C(=O)N[C@H](C(=O)N[C@@H](Cc2ccccc2)C[C@H](O)[C@H](Cc2ccccc2)NC(=O)OCc2cncs2)C(C)C)cs1,1,0.2782130450513282,0.26,<0.30
scaffold,19,25,CC[C@H]1OC(=O)[C@H](C)[C@@H](O[C@H]2C[C@@](C)(OC)[C@@H](O)[C@H](C)O2)[C@H](C)[C@@H](O[C@@H]2O[C@H](C)C[C@H](N(C)C)[C@H]2O)[C@](C)(OC)C[C@@H](C)C(=O)[C@H](C)[C@@H](O)[C@]1(C)O,1,0.047374025626699116,0.18487394957983194,<0.30
scaffold,19,30,CC(=O)Nc1ccc(O)cc1,1,0.5151253416663226,0.2727272727272727,<0.30
scaffold,19,34,CC(CCc1ccccc1)NCC(O)c1ccc(O)c(C(N)=O)c1,1,0.10800260392677251,0.2857142857142857,<0.30
scaffold,19,35,CN(C)c1ccc(O)c2c1C[C@H]1C[C@H]3[C@H](N(C)C)C(=O)/C(=C(\N)O)C(=O)[C@@]3(O)C(=O)C1=C2O,1,0.47602830398020596,0.19540229885057472,<0.30
scaffold,19,40,O=C(O)C1=C/C(=N/Nc2ccc(S(=O)(=O)Nc3ccccn3)cc2)C=CC1=O,1,0.9517067064939372,0.23863636363636365,<0.30
scaffold,19,45,C[C@](N)(Cc1ccc(O)c(O)c1)C(=O)O,1,0.37078218919667333,0.25925925925925924,<0.30
scaffold,19,47,Nc1ccc(C(=O)O)c(O)c1,1,0.8610782413778122,0.325,0.30-0.50
scaffold,19,49,CN1CCN(C2=c3ccccc3=Nc3ccc(Cl)cc3N2)CC1,1,0.8367354654845865,0.2698412698412698,<0.30
scaffold,19,56,CC[C@H]1OC(=O)[C@H](C)C(=O)[C@H](C)[C@@H](O[C@@H]2O[C@H](C)C[C@H](N(C)C)[C@H]2O)[C@@](C)(OC)C[C@@H](C)C(=O)[C@H](C)[C@H]2N(CCCCn3cnc(-c4cccnc4)c3)C(=O)O[C@]12C,1,0.7012147740998435,0.16326530612244897,<0.30
scaffold,19,57,C[C@](O)(CS(=O)(=O)c1ccc(F)cc1)C(=O)Nc1ccc(C#N)c(C(F)(F)F)c1,1,0.7609039128344928,0.2112676056338028,<0.30
scaffold,19,61,Cn1cc[nH]c1=S,1,0.8053957768218075,0.22580645161290322,<0.30
scaffold,19,64,N[C@@H]1CCCC[C@H]1N.O=C([O-])C(=O)[O-].[Pt+2],1,0.06489547511356887,0.23809523809523808,<0.30
scaffold,19,70,Cc1ccc(C)c(OCCCC(C)(C)C(=O)O)c1,1,0.361679770582423,0.22950819672131148,<0.30
scaffold,19,73,CC(C)c1c(C(=O)Nc2ccccc2)c(-c2ccccc2)c(-c2ccc(F)cc2)n1CC[C@@H](O)C[C@@H](O)CC(=O)O,1,0.2185190047928619,0.21794871794871795,<0.30
scaffold,19,75,CC1(C)NC(=O)N(c2ccc([N+](=O)[O-])c(C(F)(F)F)c2)C1=O,1,0.92081629241208,0.24561403508771928,<0.30
scaffold,19,77,Cc1ccc(NC(=O)c2ccc(CN3CCN(C)CC3)cc2)cc1Nc1nccc(-c2cccnc2)n1,1,0.8647453546729326,0.2708333333333333,<0.30
scaffold,19,86,Cc1ccccc1C(=O)Nc1ccc(C(=O)N2CCCC(O)c3cc(Cl)ccc32)c(C)c1,1,0.6391519454654069,0.313953488372093,0.30-0.50
scaffold,19,89,C[C@H]1O[C@H](O[C@H]2[C@H](O)[C@@H](O)[C@@H](O[C@H]3[C@H](O)[C@@H](O)[C@H](O)O[C@@H]3CO)O[C@@H]2CO)[C@H](O)[C@@H](O)[C@@H]1N[C@H]1C=C(CO)[C@H](O)[C@H](O)[C@H]1O,1,0.16566224752732756,0.3125,0.30-0.50
scaffold,19,96,COc1cc(C)c(/C=C/C(C)=C/C=C/C(C)=C\C(=O)O)c(C)c1C,1,0.9688148386276978,0.42857142857142855,0.30-0.50
scaffold,19,102,CC(C)C(=O)Nc1ccc([N+](=O)[O-])c(C(F)(F)F)c1,1,0.4626078759125349,0.25862068965517243,<0.30
scaffold,19,108,C#C[C@]1(O)CC[C@H]2[C@@H]3CCC4=Cc5oncc5C[C@]4(C)[C@H]3CC[C@@]21C,1,0.3182744512317656,0.3235294117647059,0.30-0.50
scaffold,19,110,Cc1ccc(C(=O)c2cc(O)c(O)c([N+](=O)[O-])c2)cc1,1,0.7258928734466341,0.22807017543859648,<0.30
scaffold,19,112,Cc1cccc(C)c1OCC(C)N,1,0.6825512990512476,0.24444444444444444,<0.30
scaffold,19,125,NC(=O)OCC(COC(N)=O)c1ccccc1,1,0.3212091572100187,0.3170731707317073,0.30-0.50
scaffold,19,128,Nc1c(CC(=O)O)cccc1C(=O)c1ccc(Br)cc1,1,0.9566739764809972,0.32653061224489793,0.30-0.50
scaffold,19,131,O=C(O)COc1ccc(C(=O)c2cccs2)c(Cl)c1Cl,1,0.9340726327299442,0.27586206896551724,<0.30
scaffold,19,133,O=C(OCC(O)CO)c1ccccc1Nc1ccnc2cc(Cl)ccc12,1,0.5205341760748944,0.25,<0.30
scaffold,19,136,NC1=NC(=O)C(c2ccccc2)O1,1,0.9283675607055467,0.23255813953488372,<0.30
scaffold,19,139,CC(C)Cc1ccc(CC(=O)O)cc1,1,0.6027728268901367,0.3055555555555556,0.30-0.50
scaffold,19,142,Nc1ccc(S(=O)(=O)Nc2nccs2)cc1,1,0.9798514245379327,0.21621621621621623,<0.30
scaffold,19,143,NC(=O)NS(=O)(=O)c1ccc(N)cc1,1,0.9688148041592891,0.25925925925925924,<0.30
scaffold,19,147,CCOC(=O)CN[C@@H](C(=O)N1CC[C@H]1C(=O)NCc1ccc(/C(N)=N/O)cc1)C1CCCCC1,1,0.23054110389362803,0.225,<0.30
scaffold,19,149,CC(=O)Oc1cc(C(C)C)c(OCCN(C)C)cc1C,1,0.5627514576728752,0.2962962962962963,<0.30
scaffold,19,154,CC(COc1ccccc1)NN,1,0.49893323671681855,0.4878048780487805,0.30-0.50
scaffold,19,161,O=C(c1cc(O)c(O)c(O)c1)c1ccc(O)c(O)c1O,1,0.7090295949404936,0.27906976744186046,<0.30
scaffold,19,162,CCCCCCCCNC(C)C(O)c1ccc(SC(C)C)cc1,1,0.8356578754990492,0.3090909090909091,0.30-0.50
scaffold,19,164,CC(NN)c1ccccc1,1,0.6739644375718091,0.3076923076923077,0.30-0.50
scaffold,19,171,CC(N)C(=O)OC(C)(C)Cc1ccc(Cl)cc1,1,0.28803412651844373,0.25,<0.30
scaffold,19,172,C=CCOc1ccc(CC(=O)O)cc1Cl,1,0.7623107871206563,0.27450980392156865,<0.30
scaffold,19,175,CC(=O)N[C@@H]1[C@@H](O[C@@H]2O[C@@H](C(=O)[O-])[C@@H](O)[C@H](O)[C@H]2O)[C@@H](OS(=O)(=O)[O-])[C@@H](CO)O[C@H]1O,1,0.015463539339005935,0.2923076923076923,<0.30
scaffold,19,176,CCO[C@@H]1OC(=O)C[C@@H]1NC(=O)[C@@H]1CCCN2C(=O)CC[C@H](NC(=O)c3nccc4ccccc34)C(=O)N12,1,0.5982064501994728,0.2159090909090909,<0.30
scaffold,19,178,CCCCN1C(=O)[C@@H]([C@H](O)C2CCCCC2)NC(=O)C12CCN(Cc1ccc(Oc3ccc(C(=O)O)cc3)cc1)CC2,1,0.728207350991474,0.23711340206185566,<0.30
scaffold,19,181,Cc1ccc(-n2[nH]c(C)c(N/N=C3\C=CC=C(c4cccc(C(=O)O)c4)C3=O)c2=O)cc1C.NCCO.NCCO,1,0.8139879406774732,0.2,<0.30
scaffold,19,190,C[C@H]1O[C@@H](O[C@H]2[C@@H](O)C[C@H](O[C@H]3[C@@H](O)C[C@H](O[C@H]4CC[C@@]5(C)[C@H](CC[C@@H]6[C@@H]5C[C@@H](O)[C@]5(C)C(C7=CC(=O)OC7)CC[C@]65O)C4)O[C@@H]3C)O[C@@H]2C)C[C@H](O)[C@@H]1O,0,0.30037708194189205,0.22988505747126436,<0.30
scaffold,19,193,CN(C)C(=O)Oc1ccc[n+](C)c1,0,0.6426593053942103,0.23404255319148937,<0.30
scaffold,19,202,O=c1[nH]c2ccccc2n1C1CCN(CCCC(c2ccc(F)cc2)c2ccc(F)cc2)CC1,0,0.1683328001918506,0.3972602739726027,0.30-0.50
scaffold,19,206,CN[C@@H](C)[C@@H](O)c1ccccc1,0,0.4500175483912427,0.4146341463414634,0.30-0.50
scaffold,19,207,CC(C)NCC(O)c1ccc(O)c(O)c1,0,0.22354394286022752,0.28,<0.30
scaffold,19,210,CC(C)(C(=O)O)c1ccc(C(O)CCCN2CCC(C(O)(c3ccccc3)c3ccccc3)CC2)cc1,0,0.004218888366700385,0.3442622950819672,0.30-0.50
scaffold,19,212,Nc1nc(=O)c2nc(CNc3ccc(C(=O)N[C@@H](CCC(=O)O)C(=O)O)cc3)cnc2[nH]1,0,0.5432030077438903,0.5125,0.50-0.70
scaffold,19,215,NC[C@@H]1O[C@H](O[C@H]2[C@@H](O)[C@H](O[C@@H]3[C@@H](O)[C@H](N)C[C@H](N)[C@H]3O[C@H]3O[C@H](CO)[C@@H](O)[C@H](O)[C@H]3N)O[C@@H]2CO)[C@H](N)[C@@H](O)[C@@H]1O,0,0.009673211849253942,0.6530612244897959,0.50-0.70
scaffold,19,219,C[N+](C)(C)CC(=O)[O-],0,0.17530600369692104,0.4583333333333333,0.30-0.50
scaffold,19,221,CCC[C@H]1O[C@@H]2C[C@H]3[C@@H]4CCC5=CC(=O)C=C[C@]5(C)[C@H]4[C@@H](O)C[C@]3(C)[C@]2(C(=O)CO)O1,0,0.6127941214822734,0.3950617283950617,0.30-0.50
scaffold,19,223,CC(C)NCC(O)COc1cccc2[nH]ccc12,0,0.1967611535844433,0.3620689655172414,0.30-0.50
scaffold,19,224,CN(C)CCC(c1ccc(Br)cc1)c1ccccn1,0,0.3746802384936186,0.3333333333333333,0.30-0.50
scaffold,19,227,CN[C@@H](C)Cc1ccccc1,0,0.355392616334191,0.45161290322580644,0.30-0.50
scaffold,19,232,C[C@](N)(Cc1ccc(O)cc1)C(=O)O,0,0.26543142757666977,0.25,<0.30
scaffold,19,235,COc1ccccc1OCC(O)CO,0,0.36099097383954465,0.4339622641509434,0.30-0.50
scaffold,19,237,COc1ccc(OC)c(C(O)CNC(=O)CN)c1,0,0.20497658856257,0.24615384615384617,<0.30
scaffold,19,238,CN(C)CC[C@@H](c1ccc(Br)cc1)c1ccccn1,0,0.3746802384936186,0.3333333333333333,0.30-0.50
scaffold,19,242,O=C(CCCCCCC(=O)Nc1ccccc1)NO,0,0.7256422557698262,0.38095238095238093,0.30-0.50
scaffold,19,245,NS(=O)(=O)c1cc(Cl)c(Cl)c(S(N)(=O)=O)c1,0,0.7261729341076902,0.15942028985507245,<0.30
scaffold,19,246,NCC1CCC(C(=O)O)CC1,0,0.10815305838425338,0.25,<0.30
scaffold,19,251,C[C@H](N)Cc1ccccc1,0,0.2515855678055894,0.4827586206896552,0.30-0.50
scaffold,19,252,O=C(NC(CO)C(O)c1ccc([N+](=O)[O-])cc1)C(Cl)Cl,0,0.22360965019790321,0.24074074074074073,<0.30
scaffold,19,253,CC(C)NCC(O)c1cc(O)cc(O)c1,0,0.24650553439145328,0.2708333333333333,<0.30
scaffold,19,254,CN(C)CCC(c1ccc(Cl)cc1)c1ccccn1,0,0.3928619219451211,0.3333333333333333,0.30-0.50
scaffold,19,259,C#CCN(C)[C@H](C)Cc1ccccc1,0,0.1075700930766243,0.625,0.50-0.70
scaffold,19,264,CCC(c1cccc(O)c1)C(C)CN(C)C,0,0.6262227943322837,0.26666666666666666,<0.30
scaffold,19,268,CC(C)=CCN1CC[C@@]2(C)c3cc(O)ccc3C[C@@H]1[C@@H]2C,0,0.017542124592425584,0.3770491803278688,0.30-0.50
scaffold,19,276,NCC1OC(OC2C(CO)OC(OC3C(O)C(N)CC(N)C3OC3OC(CN)C(O)C(O)C3N)C2O)C(N)C(O)C1O,0,0.010861373860265186,0.6326530612244898,0.50-0.70
scaffold,19,277,CCN(C(C)=O)c1cccc(-c2ccnc3c(C#N)cnn23)c1,0,0.6533632231581434,0.22972972972972974,<0.30
scaffold,19,279,CN(C)CCOC(C)(c1ccccc1)c1ccccn1,0,0.17302856698400565,0.37209302325581395,0.30-0.50
scaffold,19,281,CC(=O)OCC(=O)[C@@]1(O)CC[C@H]2[C@@H]3CCC4=CC(=O)CC[C@]4(C)[C@H]3C(=O)C[C@@]21C,0,0.16270861829396555,0.5294117647058824,0.50-0.70
scaffold,19,285,CC(C)[N+](C)(CCOC(=O)C1c2ccccc2Oc2ccccc21)C(C)C,0,0.2906150183623702,0.28888888888888886,<0.30
scaffold,19,286,CN(C)CCOC(c1ccc(Cl)cc1)c1ccccn1,0,0.18150675565660632,0.5365853658536586,0.50-0.70
scaffold,19,287,CN1C(=O)CC(C)(c2ccccc2)C1=O,0,0.5737265216703062,0.32075471698113206,0.30-0.50
scaffold,19,288,C[N+]1(C)CCCC(OC(=O)C(O)(c2ccccc2)c2ccccc2)C1,0,0.05507659615383351,0.5833333333333334,0.50-0.70
scaffold,19,290,C=Cc1ccccc1S(=O)(=O)[O-].[Ca+2],0,0.7235220266067982,0.17857142857142858,<0.30
scaffold,19,291,CCN(CC)C(C)C(=O)c1ccccc1,0,0.6547658479476591,0.3333333333333333,0.30-0.50
scaffold,19,293,C[N+]1(C)CCC(OC(=O)C(O)(c2ccccc2)C2CCCC2)C1,0,0.04940513159154869,0.46551724137931033,0.30-0.50
scaffold,19,301,O=P(O)(O)C(Sc1ccc(Cl)cc1)P(=O)(O)O,0,0.7723735112646716,0.225,<0.30
scaffold,19,304,CC(C)(C)NCC(O)c1ccc(O)c(CO)c1,0,0.07579583860733387,0.2807017543859649,<0.30
scaffold,19,307,C=CCN1C[C@H](C(=O)N(CCCN(C)C)C(=O)NCC)C[C@@H]2c3cccc4[nH]cc(c34)C[C@H]21,0,0.1087882250470927,0.32456140350877194,0.30-0.50
scaffold,19,312,CCC(=O)NCC[C@@H]1CCc2ccc3c(c21)CCO3,0,0.8450887666345088,0.24675324675324675,<0.30
scaffold,19,313,CCCCC(F)(F)[C@@]1(O)CC[C@@H]2[C@H](CCCCCCC(=O)O)C(=O)C[C@H]2O1,0,0.25611502279333676,0.25,<0.30
scaffold,19,314,Cc1nc2n(c(=O)c1CCN1CCC(c3noc4cc(F)ccc34)CC1)CCCC2O,0,0.4814560346248985,0.1958762886597938,<0.30
scaffold,19,318,CCC(C)CCCCC(=O)NC(CCN)C(=O)NC(C(=O)NC(CCN)C(=O)NC1CCNC(=O)C(C(C)O)NC(=O)C(CCN)NC(=O)C(CCN)NC(=O)C(CC(C)C)NC(=O)C(Cc2ccccc2)NC(=O)C(CCN)NC1=O)C(C)O.O=S(=O)(O)O,0,0.0566501184471614,0.7019230769230769,>=0.70
scaffold,19,324,CC[N+](CC)(CCNC(=O)C(=O)NCC[N+](CC)(CC)Cc1ccccc1Cl)Cc1ccccc1Cl,0,0.949475881993551,0.32653061224489793,0.30-0.50
scaffold,19,325,CN[C@@H](C)[C@H](O)c1ccccc1,0,0.4500175483912427,0.4146341463414634,0.30-0.50
scaffold,19,326,CN1CCCN=C1/C=C/c1cccs1,0,0.6747532047207061,0.21818181818181817,<0.30
scaffold,19,336,CC[N+](C)(C)c1cccc(O)c1,0,0.7179990686508214,0.2549019607843137,<0.30
scaffold,19,337,NCCc1ccc(O)c(O)c1,0,0.17111804826191318,0.23076923076923078,<0.30
scaffold,19,341,CC(CCc1ccc(O)cc1)NCCc1ccc(O)c(O)c1,0,0.14912024290895853,0.2727272727272727,<0.30
scaffold,19,342,CCOC(=O)c1ncn2c1CN(C)C(=O)c1cc(F)ccc1-2,0,0.7762349155542952,0.2608695652173913,<0.30
scaffold,19,343,CCN(CC)CC(=O)Nc1c(C)cccc1C,0,0.7859171585628832,0.3617021276595745,0.30-0.50
scaffold,19,346,CC(=O)OCC[N+](C)(C)C,0,0.05228928990570703,0.6521739130434783,0.50-0.70
scaffold,19,349,CN(C)CC[C@@H](c1ccc(Cl)cc1)c1ccccn1,0,0.3928619219451211,0.3333333333333333,0.30-0.50
scaffold,19,367,CCC(=O)N(c1ccccc1)C1(COC)CCN(CCn2nnn(CC)c2=O)CC1,0,0.07471417500436965,0.6153846153846154,0.50-0.70
scaffold,19,370,Nc1ccc(C(=O)NCC(=O)O)cc1,0,0.8738472803290871,0.37209302325581395,0.30-0.50
scaffold,19,373,CNC(=O)c1c(I)c(NC(C)=O)c(I)c(C(=O)O)c1I,0,0.19483927388361236,0.3333333333333333,0.30-0.50
scaffold,19,379,O=C(NCC(O)CO)c1c(I)c(C(=O)NCC(O)CO)c(I)c(N(CCO)C(=O)CO)c1I,0,0.06416879567702918,0.18461538461538463,<0.30
scaffold,19,382,CC[C@H](C)[C@@H]1NC(=O)[C@H](CCCNC(=N)N)NC(=O)[C@H](CC(=O)O)NC(=O)[C@H](CCSC)NC(=O)[C@H](CCCCN)NC(=O)[C@H](CCCNC(=N)N)NC(=O)CNC(=O)[C@H](Cc2ccccc2)NC(=O)[C@@H](NC(=O)CNC(=O)[C@H](CO)NC(=O)CNC(=O)[C@H](CCC(N)=O)NC(=O)[C@@H](NC(=O)[C@H](CCSC)NC(=O)[C@H](CCCCN)NC(=O)[C@@H]2CCCN2C(=O)[C@@H](N)CO)C(C)C)CSSC[C@@H](C(=O)N[C@@H](CCCCN)C(=O)N[C@H](C(=O)N[C@@H](CC(C)C)C(=O)N[C@@H](CCCNC(=N)N)C(=O)N[C@@H](CCCNC(=N)N)C(=O)N[C@@H](CC2C=NC=N2)C(=O)O)C(C)C)NC(=O)CNC(=O)[C@H](CC(C)C)NC(=O)CNC(=O)[C@H](CO)NC(=O)[C@H](CO)NC(=O)[C@H](CO)NC(=O)[C@H](CO)NC1=O,0,0.0002820672877366934,0.49416342412451364,0.30-0.50
scaffold,19,386,CC[C@H](C)[C@H](NC(=O)[C@H](Cc1ccccc1)NC(=O)[C@H](CC(C)C)NC(=O)[C@H](CCCNC(=N)N)NC(=O)[C@@H](NC(=O)[C@H](C)NC(=O)[C@H](CCC(=O)O)NC(=O)[C@H](CCC(=O)O)NC(=O)[C@H](CCC(=O)O)NC(=O)[C@H](CCSC)NC(=O)[C@H](CCC(N)=O)NC(=O)[C@H](CCCCN)NC(=O)[C@H](CO)NC(=O)[C@H](CC(C)C)NC(=O)[C@H](CC(=O)O)NC(=O)[C@H](CO)NC(=O)[C@@H](NC(=O)[C@H](Cc1ccccc1)NC(=O)[C@@H](NC(=O)CNC(=O)[C@H](CCC(=O)O)NC(=O)CNC(=O)[C@@H](N)Cc1cnc[nH]1)[C@@H](C)O)[C@@H](C)O)C(C)C)C(=O)N[C@@H](CCC(=O)O)C(=O)N[C@@H](Cc1c[nH]c2ccccc12)C(=O)N[C@@H](CC(C)C)C(=O)N[C@@H](CCCCN)C(=O)N[C@@H](CC(N)=O)C(=O)NCC(=O)NCC(=O)N1CCC[C@H]1C(=O)N[C@@H](CO)C(=O)N[C@@H](CO)C(=O)NCC(=O)N[C@@H](C)C(=O)N1CCC[C@H]1C(=O)N1CCC[C@H]1C(=O)N1CCC[C@H]1C(=O)N[C@@H](CO)C(N)=O,0,0.00021079691334801066,0.7514792899408284,>=0.70
scaffold,19,387,C[NH+](C)CCOC(c1ccccc1)c1ccccc1.Cn1c2nc(Cl)nc-2c([O-])n(C)c1=O,0,0.32775815472397907,0.3157894736842105,0.30-0.50
scaffold,19,389,C[N+]1(CC2CC2)CC[C@]23c4c5ccc(O)c4O[C@H]2C(=O)CC[C@@]3(O)[C@H]1C5.[Br-],0,0.06589688117197466,0.5757575757575758,0.50-0.70
scaffold,19,399,NC[C@H](O)c1ccc(O)c(O)c1,0,0.10216723669607543,0.22916666666666666,<0.30
scaffold,19,400,CNC[C@H](O)c1ccc(O)c(O)c1,0,0.17020001718697908,0.24,<0.30
scaffold,19,402,CC(=O)Nc1c(I)c(NC(C)=O)c(I)c(C(=O)O)c1I,0,0.39627109240622893,0.38461538461538464,0.30-0.50
scaffold,19,408,O=C1OC2(c3ccc(O)cc3Oc3cc(O)ccc32)c2ccccc21,0,0.7318343241772235,0.19642857142857142,<0.30
scaffold,19,409,CCCCC[C@](C)(O)/C=C/[C@@H]1[C@@H](C/C=C/CCCC(=O)O)[C@@H](O)C[C@H]1O,0,0.04495856628679156,0.3508771929824561,0.30-0.50
scaffold,19,418,CC(O)CN1CCN(CC(=O)[O-])CCN(CC(=O)[O-])CCN(CC(=O)[O-])CC1.[Gd+3],0,0.009624982022660983,0.3,0.30-0.50
scaffold,19,421,CCCCCCCN(CC)CCCC(O)c1ccc(NS(C)(=O)=O)cc1,0,0.5220477808105974,0.33783783783783783,0.30-0.50
scaffold,19,424,C[C@@H]1CCN(C(=O)[C@H](CCCN=C(N)N)NS(=O)(=O)c2cccc3c2NC[C@H](C)C3)[C@@H](C(=O)O)C1,0,0.09823944032532461,0.2734375,<0.30
scaffold,19,427,FC(F)(F)C(F)(F)C(F)(F)F,0,0.3153946328887374,0.08695652173913043,<0.30
scaffold,19,428,NCCCNCCSP(=O)(O)O,0,0.10277712591358366,0.32142857142857145,0.30-0.50
scaffold,19,430,CNC[C@H](O)[C@@H](O)[C@H](O)[C@H](O)CO.CNC[C@H](O)[C@@H](O)[C@H](O)[C@H](O)CO.O=C([O-])CN(CCN(CC(=O)[O-])CC(=O)O)CCN(CC(=O)O)C(COCc1ccccc1)C(=O)[O-].[Gd+3],0,0.06397268144434665,0.6229508196721312,0.50-0.70
scaffold,19,432,CC1(C)SC(C(NC(=O)Cc2ccccc2)C(=O)NCCCCCC(=O)O)NC1C(=O)O,0,0.45996798584935805,0.2625,<0.30
scaffold,19,434,COC(=O)CCc1ccc(OCC(O)CNC(C)C)cc1,0,0.21668567896051663,0.29310344827586204,<0.30
scaffold,19,446,NCCc1ccc(O)cc1,0,0.18213043609056076,0.25,<0.30
scaffold,20,0,Cc1nnc(C(=O)NC(C)(C)C2=N/C(=C(\O)NCc3ccc(F)cc3)C(=O)C(=O)N2C)o1,1,0.9072634796082959,0.2125,<0.30
scaffold,20,4,CC(=O)Nc1nnc(S(N)(=O)=O)s1,1,0.7131092226575192,0.2631578947368421,<0.30
scaffold,20,6,C=C(c1ccc(C(=O)O)cc1)c1cc2c(cc1C)C(C)(C)CCC2(C)C,1,0.9457484344687077,0.23529411764705882,<0.30
scaffold,20,12,NC1[C@H]2CN(c3nc4c(cc3F)c(=O)c(C(=O)O)cn4-c3ccc(F)cc3F)C[C@@H]12,1,0.976696401418375,0.3561643835616438,0.30-0.50
scaffold,20,28,C[C@]12CC[C@H]3[C@@H](CCC4=CC(=O)CC[C@@]43C)[C@@H]1CC[C@@H]2O,1,0.7165316508982609,0.34285714285714286,0.30-0.50
scaffold,20,29,S=c1nc[nH]c2nc[nH]c12,1,0.7956887992153846,0.3142857142857143,0.30-0.50
scaffold,20,34,CC(CCc1ccccc1)NCC(O)c1ccc(O)c(C(N)=O)c1,1,0.022498735695233255,0.43137254901960786,0.30-0.50
scaffold,20,35,CN(C)c1ccc(O)c2c1C[C@H]1C[C@H]3[C@H](N(C)C)C(=O)/C(=C(\N)O)C(=O)[C@@]3(O)C(=O)C1=C2O,1,0.6416250804030152,0.19540229885057472,<0.30
scaffold,20,38,OC(Cn1cncn1)(Cn1cncn1)c1ccc(F)cc1F,1,0.8632830174866424,0.5849056603773585,0.50-0.70
scaffold,20,46,CS(=O)(=O)OCCCCOS(C)(=O)=O,1,0.041836565284195874,0.18181818181818182,<0.30
scaffold,20,59,CN(C)CCCN1c2ccccc2CCc2ccc(Cl)cc21,1,0.577292578255861,0.38181818181818183,0.30-0.50
scaffold,20,67,NC(=O)CC(N)C(=O)[O-],1,0.27617465320870144,0.2916666666666667,<0.30
scaffold,20,72,Nc1nnc(-c2cccc(Cl)c2Cl)c(N)n1,1,0.2877151832942337,0.18461538461538463,<0.30
scaffold,20,76,CN(CC=CC#CC(C)(C)C)Cc1cccc2ccccc12,1,0.2874135706674725,0.20588235294117646,<0.30
scaffold,20,77,Cc1ccc(NC(=O)c2ccc(CN3CCN(C)CC3)cc2)cc1Nc1nccc(-c2cccnc2)n1,1,0.9773390029288929,0.2708333333333333,<0.30
scaffold,20,78,CC(C)C[C@@H](NC(=O)[C@@H](Cc1ccccc1)NC(=O)c1cnccn1)B(O)O,1,0.16057623709859736,0.26785714285714285,<0.30
scaffold,20,92,C[C@]12CC[C@H]3[C@@H](CCC4=CC(=O)CC[C@@H]43)[C@@H]1CC[C@@H]2O,1,0.4747902788427128,0.36231884057971014,0.30-0.50
scaffold,20,98,CCc1nn(CCCN2CCN(c3cccc(Cl)c3)CC2)c(=O)n1CCOc1ccccc1,1,0.23140081946533317,0.2597402597402597,<0.30
scaffold,20,99,CCCC(CCC)C(=O)O,1,0.1003022287536615,0.27586206896551724,<0.30
scaffold,20,103,Cc1cn([C@H]2C=C[C@@H](CO)O2)c(=O)[nH]c1=O,1,0.920882545303883,0.4727272727272727,0.30-0.50
scaffold,20,105,CN(Cc1cnc2nc(N)nc(N)c2n1)c1ccc(C(=O)N[C@@H](CCC(=O)O)C(=O)O)cc1,1,0.04352856409598173,0.4805194805194805,0.30-0.50
scaffold,20,109,CN(C)N/N=C1\N=CN=C1C(N)=O,1,0.8067411235213289,0.2,<0.30
scaffold,20,122,CN1C(=O)CCS(=O)(=O)C1c1ccc(Cl)cc1,1,0.6559249219666405,0.21666666666666667,<0.30
scaffold,20,124,OCC1OC(n2cnc3c2NC=NC[C@H]3O)CC1O,1,0.44286470236872866,0.27692307692307694,<0.30
scaffold,20,132,C[C@H](N)C(=O)N[C@@H](C)C(=O)NC1[C@H]2CN(c3nc4c(cc3F)c(=O)c(C(=O)O)cn4-c3ccc(F)cc3F)C[C@@H]12,1,0.9566107369456891,0.2988505747126437,<0.30
scaffold,20,133,O=C(OCC(O)CO)c1ccccc1Nc1ccnc2cc(Cl)ccc12,1,0.64918447194138,0.2786885245901639,<0.30
scaffold,20,135,CC(C(=O)O)c1ccc(N2CC=CC2)c(Cl)c1,1,0.24341109855335885,0.4,0.30-0.50
scaffold,20,137,CN1Cc2c(N)cccc2C(c2ccccc2)C1,1,0.369783306380246,0.2765957446808511,<0.30
scaffold,20,147,CCOC(=O)CN[C@@H](C(=O)N1CC[C@H]1C(=O)NCc1ccc(/C(N)=N/O)cc1)C1CCCCC1,1,0.21043280652036633,0.2403846153846154,<0.30
scaffold,20,148,COc1ccc2c(C(=S)N(C)CC(=O)O)cccc2c1C(F)(F)F,1,0.6218342563663638,0.2222222222222222,<0.30
scaffold,20,156,O=C(O)COc1nn(Cc2ccccc2)c2ccccc12,1,0.5164155845892618,0.27586206896551724,<0.30
scaffold,20,163,CN(C)CC=C(c1ccc(Br)cc1)c1cccnc1,1,0.4500012869955067,0.35714285714285715,0.30-0.50
scaffold,20,167,CN1CCCC(CN2c3ccccc3Sc3ccccc32)C1,1,0.34803881152506905,0.3548387096774194,0.30-0.50
scaffold,20,170,Cc1cc2c(cc1CC(=O)c1sccc1S(=O)(=O)Nc1onc(C)c1Cl)OCO2,1,0.9732577878730245,0.21176470588235294,<0.30
scaffold,20,175,CC(=O)N[C@@H]1[C@@H](O[C@@H]2O[C@@H](C(=O)[O-])[C@@H](O)[C@H](O)[C@H]2O)[C@@H](OS(=O)(=O)[O-])[C@@H](CO)O[C@H]1O,1,0.26587961347676925,0.3333333333333333,0.30-0.50
scaffold,20,179,CO/N=C(\N)c1ccc(-c2ccc(-c3ccc(/C(N)=N/OC)cc3)o2)cc1,1,0.8754039827706976,0.2,<0.30
scaffold,20,182,CCCC(CCC)C(=O)O.CCCC(CCC)C(=O)[O-].[Na+],1,0.05375033302634352,0.34615384615384615,0.30-0.50
scaffold,20,190,C[C@H]1O[C@@H](O[C@H]2[C@@H](O)C[C@H](O[C@H]3[C@@H](O)C[C@H](O[C@H]4CC[C@@]5(C)[C@H](CC[C@@H]6[C@@H]5C[C@@H](O)[C@]5(C)C(C7=CC(=O)OC7)CC[C@]65O)C4)O[C@@H]3C)O[C@@H]2C)C[C@H](O)[C@@H]1O,0,0.5073071900434019,0.20512820512820512,<0.30
scaffold,20,193,CN(C)C(=O)Oc1ccc[n+](C)c1,0,0.44732968828841385,0.23404255319148937,<0.30
scaffold,20,196,O=C1OC([C@@H](O)CO)C(O)=C1O,0,0.053626414940067486,0.2,<0.30
scaffold,20,199,C=C1CC[C@H](O)C/C1=C/C=C1\CCC[C@]2(C)[C@@H]([C@H](C)/C=C/[C@H](C)C(C)C)CC[C@@H]12,0,0.5528292364286842,0.16304347826086957,<0.30
scaffold,20,202,O=c1[nH]c2ccccc2n1C1CCN(CCCC(c2ccc(F)cc2)c2ccc(F)cc2)CC1,0,0.15630441223087257,0.3472222222222222,0.30-0.50
scaffold,20,209,C[C@]12CCC(=O)C=C1CC[C@H]1[C@@H]3CC[C@](O)(C(=O)CO)[C@@]3(C)C[C@H](O)[C@@]12F,0,0.835409531365783,0.25,<0.30
scaffold,20,219,C[N+](C)(C)CC(=O)[O-],0,0.099765465245109,0.3076923076923077,0.30-0.50
scaffold,20,221,CCC[C@H]1O[C@@H]2C[C@H]3[C@@H]4CCC5=CC(=O)C=C[C@]5(C)[C@H]4[C@@H](O)C[C@]3(C)[C@]2(C(=O)CO)O1,0,0.9067672366924677,0.23809523809523808,<0.30
scaffold,20,223,CC(C)NCC(O)COc1cccc2[nH]ccc12,0,0.14444016581671715,0.39285714285714285,0.30-0.50
scaffold,20,247,C[N+](C)(C)C[C@H](O)CC(=O)[O-],0,0.00998557516239005,0.3548387096774194,0.30-0.50
scaffold,20,248,Cl.Cl.NCCNCCNCCN,0,0.11316268047910215,0.32142857142857145,0.30-0.50
scaffold,20,256,C[C@]12CCC(=O)C=C1CC[C@@H]1[C@@H]2[C@@H](O)C[C@@]2(C)[C@H]1CC[C@]2(O)C(=O)CO,0,0.8372452656982583,0.2948717948717949,<0.30
scaffold,20,281,CC(=O)OCC(=O)[C@@]1(O)CC[C@H]2[C@@H]3CCC4=CC(=O)CC[C@]4(C)[C@H]3C(=O)C[C@@]21C,0,0.8348957226767133,0.2962962962962963,<0.30
scaffold,20,282,CCN(CC)CCOC(=O)C1(C2CCCCC2)CCCCC1,0,0.031361850471896484,0.2903225806451613,<0.30
scaffold,20,285,CC(C)[N+](C)(CCOC(=O)C1c2ccccc2Oc2ccccc21)C(C)C,0,0.37762947281359893,0.28888888888888886,<0.30
scaffold,20,296,C=C1C(=CC=C2CCC[C@]3(C)[C@@H]([C@H](C)CCCC(C)(C)O)CC[C@@H]23)C[C@@H](O)C[C@@H]1O,0,0.13087620251959625,0.17204301075268819,<0.30
scaffold,20,297,CC(N)C12CC3CC(CC(C3)C1)C2,0,0.09281161212230088,0.24,<0.30
scaffold,20,298,CC(=O)[O-].CC(=O)[O-].[Ca+2],0,0.24487914795001534,0.4166666666666667,0.30-0.50
scaffold,20,307,C=CCN1C[C@H](C(=O)N(CCCN(C)C)C(=O)NCC)C[C@@H]2c3cccc4[nH]cc(c34)C[C@H]21,0,0.012264623411224349,0.32456140350877194,0.30-0.50
scaffold,20,314,Cc1nc2n(c(=O)c1CCN1CCC(c3noc4cc(F)ccc34)CC1)CCCC2O,0,0.5298681532891122,0.20430107526881722,<0.30
scaffold,20,317,CCC(C)CCCCC(=O)NC(CCNCS(=O)(=O)[O-])C(=O)NC(C(=O)NC(CCNCS(=O)(=O)[O-])C(=O)NC1CCNC(=O)C(C(C)O)NC(=O)C(CCNCS(=O)(=O)[O-])NC(=O)C(CCNCS(=O)(=O)[O-])NC(=O)C(CC(C)C)NC(=O)C(CC(C)C)NC(=O)C(CCNCS(=O)(=O)[O-])NC1=O)C(C)O.[Na+].[Na+].[Na+].[Na+].[Na+],0,0.034924234255039495,0.7019230769230769,>=0.70
scaffold,20,321,C#C[C@]1(O)CC[C@H]2[C@@H]3CCC4=CC(=O)CC[C@@H]4[C@H]3CC[C@@]21CC,0,0.4035752818928217,0.30666666666666664,0.30-0.50
scaffold,20,322,C[N+]1(C)C2CC(OC(=O)C(CO)c3ccccc3)CC1C1OC12,0,0.026372102746192252,0.6938775510204082,0.50-0.70
scaffold,20,332,CC(=O)Oc1ccc(C(c2ccc(OC(C)=O)cc2)c2ccccn2)cc1,0,0.5059388970121824,0.36,0.30-0.50
scaffold,20,338,CNC(=O)Oc1ccc2c(c1)[C@]1(C)CCN(C)[C@@H]1N2C,0,0.17476918774132044,0.3230769230769231,0.30-0.50
scaffold,20,341,CC(CCc1ccc(O)cc1)NCCc1ccc(O)c(O)c1,0,0.255848153916502,0.41025641025641024,0.30-0.50
scaffold,20,347,CC[C@]1(O)C[C@@H]2CN(CCc3c([nH]c4ccccc34)[C@@](C(=O)OC)(c3cc4c(cc3OC)N(C)[C@H]3[C@@](O)(C(=O)OC)[C@H](OC(C)=O)[C@]5(CC)C=CCN6CC[C@]43[C@@H]65)C2)C1,0,0.08508099467961168,0.23529411764705882,<0.30
scaffold,20,352,CN(C)CCc1c[nH]c2ccc(CS(=O)(=O)N3CCCC3)cc12,0,0.026697870437833785,0.5084745762711864,0.50-0.70
scaffold,20,361,Cc1cccc(C)c1NC(=O)C1CCCCN1C,0,0.06617873098323634,0.3617021276595745,0.30-0.50
scaffold,20,366,O=C(CCCN1CC=C(n2c(=O)[nH]c3ccccc32)CC1)c1ccc(F)cc1,0,0.4021916035222163,0.20238095238095238,<0.30
scaffold,20,371,CC[C@H](C)[C@H](NC(=O)[C@@H](NC(=O)[C@H](CCC(=O)O)NC(=O)[C@H](CC(C)C)NC(=O)[C@H](CCSC)NC(=O)[C@H](CCCCN)NC(=O)[C@H](CCCNC(=N)N)NC(=O)[C@H](CC(N)=O)NC(=O)[C@H](CO)NC(=O)[C@H](Cc1cnc[nH]1)NC(=O)[C@H](C)NC(=O)[C@H](CCC(N)=O)NC(=O)[C@H](CCC(N)=O)NC(=O)[C@H](C)NC(=O)[C@H](CC(C)C)NC(=O)[C@H](CCC(N)=O)NC(=O)[C@H](CCC(=O)O)NC(=O)[C@H](C)NC(=O)[C@H](CCCNC(=N)N)NC(=O)[C@H](C)NC(=O)[C@H](CCSC)NC(=O)[C@H](CCC(=O)O)NC(=O)[C@H](CC(C)C)NC(=O)[C@@H](NC(=O)[C@H](CCC(=O)O)NC(=O)[C@H](CCCNC(=N)N)NC(=O)[C@H](CC(C)C)NC(=O)[C@H](CC(C)C)NC(=O)[C@H](Cc1cnc[nH]1)NC(=O)[C@H](Cc1ccccc1)NC(=O)[C@@H](NC(=O)[C@H](CC(C)C)NC(=O)[C@H](CC(=O)O)NC(=O)[C@H](CC(C)C)NC(=O)[C@H](CO)NC(=O)[C@@H](NC(=O)[C@@H]1CCCN1C(=O)[C@@H]1CCCN1C(=O)[C@H](CCC(=O)O)NC(=O)[C@H](CCC(=O)O)NC(=O)[C@@H](N)CO)[C@@H](C)CC)[C@@H](C)O)C(C)C)[C@@H](C)CC)C(=O)O,0,0.0003266967947049466,0.7411764705882353,>=0.70
scaffold,20,377,CSCC[C@H](NC(=O)[C@H](Cc1ccc(OS(=O)(=O)O)cc1)NC(=O)[C@@H](N)CC(=O)O)C(=O)NCC(=O)N[C@@H](Cc1c[nH]c2ccccc12)C(=O)N[C@@H](CCSC)C(=O)N[C@@H](CC(=O)O)C(=O)N[C@@H](Cc1ccccc1)C(N)=O,0,0.0516804330564433,0.6354166666666666,0.50-0.70
scaffold,20,380,CC[C@H](C)[C@H](NC(=O)[C@H](CC(=O)O)NC(=O)[C@H](CC(C)C)NC(=O)[C@H](CC(C)C)NC(=O)[C@H](CCCCN)NC(=O)[C@H](CCCNC(=N)N)NC(=O)[C@H](CC(N)=O)NC(=O)[C@H](CO)NC(=O)[C@H](Cc1cnc[nH]1)NC(=O)[C@H](C)NC(=O)[C@H](CCC(N)=O)NC(=O)[C@H](CCC(N)=O)NC(=O)[C@H](C)NC(=O)[C@H](CC(C)C)NC(=O)[C@H](CCC(N)=O)NC(=O)[C@H](CC(=O)O)NC(=O)[C@H](C)NC(=O)[C@H](CCCCN)NC(=O)[C@@H](NC(=O)[C@H](CCSC)NC(=O)[C@H](CCC(=O)O)NC(=O)[C@H](CC(C)C)NC(=O)[C@@H](NC(=O)[C@H](CCC(=O)O)NC(=O)[C@H](CCCNC(=N)N)NC(=O)[C@H](CC(C)C)NC(=O)[C@H](CC(C)C)NC(=O)[C@H](Cc1cnc[nH]1)NC(=O)[C@H](Cc1ccccc1)NC(=O)[C@@H](NC(=O)[C@H](CC(C)C)NC(=O)[C@H](CC(=O)O)NC(=O)[C@H](CC(C)C)NC(=O)[C@H](CO)NC(=O)[C@@H](NC(=O)[C@@H]1CCCN1C(=O)[C@@H]1CCCN1C(=O)[C@H](CCC(=O)O)NC(=O)[C@H](CCC(N)=O)NC(=O)[C@@H](N)CO)[C@@H](C)CC)[C@@H](C)O)C(C)C)[C@@H](C)O)C(=O)N[C@@H](C)C(N)=O,0,0.0004958495156023411,0.7514792899408284,>=0.70
scaffold,20,385,O.O=C([O-])CN(CCN(CC(=O)[O-])C[C@H](COP(=O)([O-])OC1CCC(c2ccccc2)(c2ccccc2)CC1)N(CC(=O)[O-])CC(=O)[O-])CC(=O)[O-].[Gd+3].[Na+].[Na+].[Na+],0,0.009454630966594066,0.2765957446808511,<0.30
scaffold,20,398,NCCc1cnc[nH]1.O=P(O)(O)O.O=P(O)(O)O,0,0.10496618883749954,0.2537313432835821,<0.30
scaffold,20,411,COc1ccc(CC2c3cc(OC)c(OC)cc3CC[N+]2(C)CCC(=O)OCCCCCOC(=O)CC[N+]2(C)CCc3cc(OC)c(OC)cc3C2Cc2ccc(OC)c(OC)c2)cc1OC,0,0.06539198195699206,0.8095238095238095,>=0.70
scaffold,20,416,Oc1ccc(C2CNCCc3c2cc(O)c(O)c3Cl)cc1,0,0.20100340884545242,0.19148936170212766,<0.30
scaffold,20,426,COCCNC(=O)CN(CCN(CCN(CC(=O)[O-])CC(=O)NCCOC)CC(=O)[O-])CC(=O)[O-].[Gd+3],0,0.005475012771653223,0.37254901960784315,0.30-0.50
scaffold,20,436,COc1ccc(N(C)C)cc1CN[C@H]1CCCN[C@H]1c1ccccc1,0,0.5107913327502053,0.1917808219178082,<0.30
scaffold,20,438,CSCC[C@H](N)C(=O)O,0,0.07355222132746943,0.40625,0.30-0.50
scaffold,20,441,C#CC1(OC(C)=O)CCC2C3CCC4=CC(=O)CCC4C3CCC21C,0,0.9160995176788793,0.2948717948717949,<0.30
scaffold,20,442,C/C(=N\O)[C@@H](C)NCC(C)(C)CN[C@H](C)/C(C)=N/O,0,0.08316913346305926,0.2,<0.30
scaffold,20,449,COc1cccc2c1C(=O)c1c(O)c3c(c(O)c1C2=O)C[C@@](O)(C(C)=O)C[C@@H]3O[C@H]1C[C@H](N)[C@H](O)[C@H](C)O1,0,0.8571255182125703,0.20202020202020202,<0.30
scaffold,21,2,C/C=C/C[C@@H](C)[C@@H](O)C1C(=O)NC(CC)C(=O)N(C)CC(=O)N(C)C(CC(C)C)C(=O)NC(C(C)C)C(=O)N(C)C(CC(C)C)C(=O)NC(C)C(=O)NC(C)C(=O)N(C)C(CC(C)C)C(=O)N(C)C(CC(C)C)C(=O)N(C)C(C(C)C)C(=O)N1C,1,0.16242664518617847,0.23308270676691728,<0.30
scaffold,21,5,CNCCC=C1c2ccccc2CCc2ccccc21,1,0.3505545138979932,0.29545454545454547,<0.30
scaffold,21,24,COc1ccc([C@@H]2Sc3ccccc3N(CCN(C)C)C(=O)[C@@H]2OC(C)=O)cc1,1,0.6317344605220333,0.2465753424657534,<0.30
scaffold,21,34,CC(CCc1ccccc1)NCC(O)c1ccc(O)c(C(N)=O)c1,1,0.03720103749567498,0.43137254901960786,0.30-0.50
scaffold,21,49,CN1CCN(C2=c3ccccc3=Nc3ccc(Cl)cc3N2)CC1,1,0.7983951187439756,0.2375,<0.30
scaffold,21,55,CCCSc1ccc2nc(NC(=O)OC)[nH]c2c1,1,0.5987257809237256,0.19402985074626866,<0.30
scaffold,21,59,CN(C)CCCN1c2ccccc2CCc2ccc(Cl)cc21,1,0.49026274169895845,0.38181818181818183,0.30-0.50
scaffold,21,60,COC1=CC(=O)C[C@@H](C)[C@]12Oc1c(Cl)c(OC)cc(OC)c1C2=O,1,0.9335915512553007,0.20253164556962025,<0.30
scaffold,21,61,Cn1cc[nH]c1=S,1,0.7118577936152145,0.22580645161290322,<0.30
scaffold,21,67,NC(=O)CC(N)C(=O)[O-],1,0.17819258505460928,0.2727272727272727,<0.30
scaffold,21,68,CCCN(CCOc1c(Cl)cc(Cl)cc1Cl)C(=O)n1ccnc1.O=S(=O)([O-])C(I)I.[Na+],1,0.9609468008255677,0.2345679012345679,<0.30
scaffold,21,76,CN(CC=CC#CC(C)(C)C)Cc1cccc2ccccc12,1,0.24459946203173777,0.19696969696969696,<0.30
scaffold,21,97,CC(=O)N1CCN(c2ccc(OC[C@@H]3CO[C@@](Cn4ccnc4)(c4ccc(Cl)cc4Cl)O3)cc2)CC1,1,0.9724711896506714,0.5531914893617021,0.50-0.70
scaffold,21,99,CCCC(CCC)C(=O)O,1,0.16521108329303472,0.32142857142857145,0.30-0.50
scaffold,21,106,O=C1CN(N=Cc2ccc(-c3ccc([N+](=O)[O-])cc3)o2)C(=O)N1,1,0.9166768257803757,0.673469387755102,0.50-0.70
scaffold,21,122,CN1C(=O)CCS(=O)(=O)C1c1ccc(Cl)cc1,1,0.6464562503041895,0.20408163265306123,<0.30
scaffold,21,147,CCOC(=O)CN[C@@H](C(=O)N1CC[C@H]1C(=O)NCc1ccc(/C(N)=N/O)cc1)C1CCCCC1,1,0.3906240136128776,0.2403846153846154,<0.30
scaffold,21,148,COc1ccc2c(C(=S)N(C)CC(=O)O)cccc2c1C(F)(F)F,1,0.8097304247693171,0.2222222222222222,<0.30
scaffold,21,152,CC(C)Nc1ncccn1,1,0.5009672280811475,0.2571428571428571,<0.30
scaffold,21,153,NC(=O)C1CCN(CCCN2c3ccccc3Sc3ccc(Cl)cc32)CC1,1,0.9112557822149393,0.3548387096774194,0.30-0.50
scaffold,21,169,Cc1nc([N+](=O)[O-])cn1-c1ccc([N+](=O)[O-])cc1,1,0.8491260148342619,0.24561403508771928,<0.30
scaffold,21,170,Cc1cc2c(cc1CC(=O)c1sccc1S(=O)(=O)Nc1onc(C)c1Cl)OCO2,1,0.9778603031912065,0.21176470588235294,<0.30
scaffold,21,182,CCCC(CCC)C(=O)O.CCCC(CCC)C(=O)[O-].[Na+],1,0.0699599288744522,0.30434782608695654,0.30-0.50
scaffold,21,184,CC(COc1ccccc1)N(CCCl)Cc1ccccc1,0,0.4837644833068706,0.40476190476190477,0.30-0.50
scaffold,21,186,CN(C)CCOC(c1ccccc1)c1ccccc1,0,0.34579978529237687,0.5365853658536586,0.50-0.70
scaffold,21,187,Cc1ccccc1C(OCCN(C)C)c1ccccc1,0,0.37101042386174765,0.4583333333333333,0.30-0.50
scaffold,21,188,CN1CCC[C@@H]1CCO[C@](C)(c1ccccc1)c1ccc(Cl)cc1,0,0.017767050510429004,0.3157894736842105,0.30-0.50
scaffold,21,194,CC(=O)N[C@@H](CS)C(=O)O,0,0.14225629721463423,0.23529411764705882,<0.30
scaffold,21,202,O=c1[nH]c2ccccc2n1C1CCN(CCCC(c2ccc(F)cc2)c2ccc(F)cc2)CC1,0,0.10775408768181452,0.3972602739726027,0.30-0.50
scaffold,21,203,COc1ccc2c(c1)[C@]13CCCC[C@@H]1[C@H](C2)N(C)CC3,0,0.05040280977053695,0.3188405797101449,0.30-0.50
scaffold,21,208,CCC1(c2ccccc2)C(=O)NCNC1=O,0,0.6099923940086889,0.3611111111111111,0.30-0.50
scaffold,21,214,OC[C@@H](O)[C@H](O)[C@@H](O)[C@@H](O)CO,0,0.03498463608440455,1.0,>=0.70
scaffold,21,217,CC[C@@H](CO)NC(=O)[C@@H]1C=C2c3cccc4c3c(cn4C)C[C@H]2N(C)C1,0,0.41337351320139404,0.2236842105263158,<0.30
scaffold,21,218,CC[C@@H](CO)NC(=O)[C@@H]1C=C2c3cccc4[nH]cc(c34)C[C@H]2N(C)C1,0,0.07547767117303378,0.2857142857142857,<0.30
scaffold,21,244,CN1C[C@H](C(=O)N[C@]2(C)O[C@@]3(O)[C@@H]4CCCN4C(=O)[C@H](Cc4ccccc4)N3C2=O)C[C@@H]2c3cccc4[nH]cc(c34)C[C@H]21,0,0.04041088211181839,0.32456140350877194,0.30-0.50
scaffold,21,247,C[N+](C)(C)C[C@H](O)CC(=O)[O-],0,0.007633414058858817,0.4583333333333333,0.30-0.50
scaffold,21,255,OCC(S)CS,0,0.11742864327434212,0.2631578947368421,<0.30
scaffold,21,262,CC1(C)S[C@@H]2[C@H](NC(=O)COc3ccccc3)C(=O)N2[C@H]1C(=O)O,0,0.5602093280214143,0.2625,<0.30
scaffold,21,267,Clc1ccc(C(c2ccccc2Cl)C(Cl)Cl)cc1,0,0.5769497645498028,0.2765957446808511,<0.30
scaffold,21,269,CO[Si](C)(C)O[Si](C)(C)C.O=[Si]=O,0,0.5749514587999572,0.1282051282051282,<0.30
scaffold,21,275,CC(C)C(=O)Oc1ccc(CO)cc1[C@H](CCN(C(C)C)C(C)C)c1ccccc1.O=C(O)/C=C/C(=O)O,0,0.18556645179377967,0.2535211267605634,<0.30
scaffold,21,278,Cn1c(=O)c2[nH]cnc2n(C)c1=O.Cn1c(=O)c2[nH]cnc2n(C)c1=O.NCCN,0,0.0476975808117381,0.8387096774193549,>=0.70
scaffold,21,284,CN1CC[C@]23CCCC[C@H]2[C@H]1Cc1ccc(O)cc13,0,0.011408842787256035,0.3770491803278688,0.30-0.50
scaffold,21,293,C[N+]1(C)CCC(OC(=O)C(O)(c2ccccc2)C2CCCC2)C1,0,0.081108235601324,0.6382978723404256,0.50-0.70
scaffold,21,294,CC(C)(C(=O)c1cccnc1)c1cccnc1,0,0.8568462133113148,0.5151515151515151,0.50-0.70
scaffold,21,300,OCCN1C[C@H](O)[C@@H](O)[C@H](O)[C@H]1CO,0,0.11167805312632366,0.20588235294117646,<0.30
scaffold,21,302,Cc1ccc(O)c([C@@H](CCN(C(C)C)C(C)C)c2ccccc2)c1,0,0.19273156857615892,0.26785714285714285,<0.30
scaffold,21,305,CN1[C@@H]2CC[C@@H]1CC(OC(c1ccccc1)c1ccccc1)C2,0,0.21107353015374203,0.5227272727272727,0.50-0.70
scaffold,21,306,CCCCN1C[C@H](O)[C@@H](O)[C@H](O)[C@H]1CO,0,0.24339450212410538,0.18421052631578946,<0.30
scaffold,21,310,C[C@@H](NCCCc1cccc(C(F)(F)F)c1)c1cccc2ccccc12,0,0.5291176826818675,0.24,<0.30
scaffold,21,313,CCCCC(F)(F)[C@@]1(O)CC[C@@H]2[C@H](CCCCCCC(=O)O)C(=O)C[C@H]2O1,0,0.26597730621377436,0.25,<0.30
scaffold,21,320,Cc1cc2nc3c(=O)[nH]c(=O)nc-3n(C[C@@H](O)[C@@H](O)[C@@H](O)CO)c2cc1C,0,0.6353869893041472,0.2127659574468085,<0.30
scaffold,21,334,CCCC(C)(COC(N)=O)COC(N)=O,0,0.1511346343247333,0.696969696969697,0.50-0.70
scaffold,21,338,CNC(=O)Oc1ccc2c(c1)[C@]1(C)CCN(C)[C@@H]1N2C,0,0.17183059028989436,0.2289156626506024,<0.30
scaffold,21,341,CC(CCc1ccc(O)cc1)NCCc1ccc(O)c(O)c1,0,0.23958088701899546,0.41025641025641024,0.30-0.50
scaffold,21,351,CCCCCCC(C)(C)c1cc(O)c2c(c1)OC(C)(C)[C@@H]1CCC(=O)C[C@@H]21,0,0.5180940516429327,0.19736842105263158,<0.30
scaffold,21,352,CN(C)CCc1c[nH]c2ccc(CS(=O)(=O)N3CCCC3)cc12,0,0.03360702606979537,0.5084745762711864,0.50-0.70
scaffold,21,355,CCCCCN(C)CCC(O)(P(=O)(O)O)P(=O)(O)O,0,0.05129892075329605,0.28125,<0.30
scaffold,21,359,COC(=O)[C@H]1[C@H]2C[C@@H]3c4[nH]c5cc(OC)ccc5c4CCN3C[C@H]2C[C@@H](OC(=O)c2cc(OC)c(OC)c(OC)c2)[C@@H]1OC,0,0.5337640900527194,0.23529411764705882,<0.30
scaffold,21,368,CC(C)(CO)C(O)C(=O)NCCCO,0,0.038940911427552065,0.22857142857142856,<0.30
scaffold,21,371,CC[C@H](C)[C@H](NC(=O)[C@@H](NC(=O)[C@H](CCC(=O)O)NC(=O)[C@H](CC(C)C)NC(=O)[C@H](CCSC)NC(=O)[C@H](CCCCN)NC(=O)[C@H](CCCNC(=N)N)NC(=O)[C@H](CC(N)=O)NC(=O)[C@H](CO)NC(=O)[C@H](Cc1cnc[nH]1)NC(=O)[C@H](C)NC(=O)[C@H](CCC(N)=O)NC(=O)[C@H](CCC(N)=O)NC(=O)[C@H](C)NC(=O)[C@H](CC(C)C)NC(=O)[C@H](CCC(N)=O)NC(=O)[C@H](CCC(=O)O)NC(=O)[C@H](C)NC(=O)[C@H](CCCNC(=N)N)NC(=O)[C@H](C)NC(=O)[C@H](CCSC)NC(=O)[C@H](CCC(=O)O)NC(=O)[C@H](CC(C)C)NC(=O)[C@@H](NC(=O)[C@H](CCC(=O)O)NC(=O)[C@H](CCCNC(=N)N)NC(=O)[C@H](CC(C)C)NC(=O)[C@H](CC(C)C)NC(=O)[C@H](Cc1cnc[nH]1)NC(=O)[C@H](Cc1ccccc1)NC(=O)[C@@H](NC(=O)[C@H](CC(C)C)NC(=O)[C@H](CC(=O)O)NC(=O)[C@H](CC(C)C)NC(=O)[C@H](CO)NC(=O)[C@@H](NC(=O)[C@@H]1CCCN1C(=O)[C@@H]1CCCN1C(=O)[C@H](CCC(=O)O)NC(=O)[C@H](CCC(=O)O)NC(=O)[C@@H](N)CO)[C@@H](C)CC)[C@@H](C)O)C(C)C)[C@@H](C)CC)C(=O)O,0,0.0007938800289997678,0.7411764705882353,>=0.70
scaffold,21,375,[13CH3]C(O)C(=O)[O-].[Na+],0,0.09338615573645159,0.4,0.30-0.50
scaffold,21,376,NC(=O)[C@@H]1CCCN1C(=O)[C@H](Cc1cnc[nH]1)NC(=O)[C@@H]1CCC(=O)N1,0,0.24983419875961765,0.2627118644067797,<0.30
scaffold,21,380,CC[C@H](C)[C@H](NC(=O)[C@H](CC(=O)O)NC(=O)[C@H](CC(C)C)NC(=O)[C@H](CC(C)C)NC(=O)[C@H](CCCCN)NC(=O)[C@H](CCCNC(=N)N)NC(=O)[C@H](CC(N)=O)NC(=O)[C@H](CO)NC(=O)[C@H](Cc1cnc[nH]1)NC(=O)[C@H](C)NC(=O)[C@H](CCC(N)=O)NC(=O)[C@H](CCC(N)=O)NC(=O)[C@H](C)NC(=O)[C@H](CC(C)C)NC(=O)[C@H](CCC(N)=O)NC(=O)[C@H](CC(=O)O)NC(=O)[C@H](C)NC(=O)[C@H](CCCCN)NC(=O)[C@@H](NC(=O)[C@H](CCSC)NC(=O)[C@H](CCC(=O)O)NC(=O)[C@H](CC(C)C)NC(=O)[C@@H](NC(=O)[C@H](CCC(=O)O)NC(=O)[C@H](CCCNC(=N)N)NC(=O)[C@H](CC(C)C)NC(=O)[C@H](CC(C)C)NC(=O)[C@H](Cc1cnc[nH]1)NC(=O)[C@H](Cc1ccccc1)NC(=O)[C@@H](NC(=O)[C@H](CC(C)C)NC(=O)[C@H](CC(=O)O)NC(=O)[C@H](CC(C)C)NC(=O)[C@H](CO)NC(=O)[C@@H](NC(=O)[C@@H]1CCCN1C(=O)[C@@H]1CCCN1C(=O)[C@H](CCC(=O)O)NC(=O)[C@H](CCC(N)=O)NC(=O)[C@@H](N)CO)[C@@H](C)CC)[C@@H](C)O)C(C)C)[C@@H](C)O)C(=O)N[C@@H](C)C(N)=O,0,0.0013615892721316378,0.7514792899408284,>=0.70
scaffold,21,381,O=S([O-])([O-])=S.[Na+].[Na+],0,0.36000483325567306,0.21428571428571427,<0.30
scaffold,21,383,CCNC(=NCCCC[C@H](NC(=O)[C@H](CC(C)C)NC(=O)[C@@H](CCCCN=C(NCC)NCC)NC(=O)[C@H](Cc1ccc(O)cc1)NC(=O)[C@H](CO)NC(=O)[C@@H](Cc1cccnc1)NC(=O)[C@@H](Cc1ccc(Cl)cc1)NC(=O)[C@@H](Cc1ccc2ccccc2c1)NC(C)=O)C(=O)N1CCC[C@H]1C(=O)N[C@H](C)C(N)=O)NCC,0,0.7185557501072058,0.40789473684210525,0.30-0.50
scaffold,21,387,C[NH+](C)CCOC(c1ccccc1)c1ccccc1.Cn1c2nc(Cl)nc-2c([O-])n(C)c1=O,0,0.6465269665709682,0.2571428571428571,<0.30
scaffold,21,391,CCCC(=O)OCOC(=O)C1=C(C)NC(C)=C(C(=O)OC)C1c1cccc(Cl)c1Cl,0,0.9130684957965997,0.22388059701492538,<0.30
scaffold,21,394,Cn1c(CCCC(=O)O)nc2cc(N(CCCl)CCCl)ccc21,0,0.7787256386624033,0.21621621621621623,<0.30
scaffold,21,396,C=CCOCC1CN2CCO[Si](C)(O1)OC(COCC=C)C2,0,0.17606757699449269,0.1875,<0.30
scaffold,21,401,C[N+](C)(C)CCOC(=O)CCC(=O)OCC[N+](C)(C)C,0,0.025352939443331626,0.6521739130434783,0.50-0.70
scaffold,21,407,O=C(O)CN(CCN(CC(=O)O)CC(=O)O)CCN(CC(=O)O)CC(=O)O,0,0.19359746980685513,0.39473684210526316,0.30-0.50
scaffold,21,422,NC(=O)C1CSSCCC(=O)NC(CCCCN=C(N)N)C(=O)NCC(=O)NC(CC(=O)O)C(=O)NC(Cc2c[nH]c3ccccc23)C(=O)N2CCCC2C(=O)N1,0,0.09223725744683584,0.32751091703056767,0.30-0.50
scaffold,21,426,COCCNC(=O)CN(CCN(CCN(CC(=O)[O-])CC(=O)NCCOC)CC(=O)[O-])CC(=O)[O-].[Gd+3],0,0.008186929593029229,0.37254901960784315,0.30-0.50
scaffold,21,433,O=C(CNC(=O)c1ccccc1)CC(Cc1ccccc1)C(=O)O,0,0.05299224001475721,0.37209302325581395,0.30-0.50
scaffold,21,435,CCOC(=O)c1cncn1C(C)c1ccccc1,0,0.6113988372567476,0.3333333333333333,0.30-0.50
scaffold,21,440,CN1CCc2cccc3c2[C@H]1Cc1ccc(O)c(O)c1-3,0,0.025689385581033838,0.27941176470588236,<0.30
scaffold,21,443,NC(=O)CCC1NC(=O)C(Cc2ccccc2)NC(=O)C(Cc2ccc(O)cc2)NC(=O)C(N)CSSCC(C(=O)N2CCCC2C(=O)NC(CCCN=C(N)N)C(=O)NCC(N)=O)NC(=O)C(CC(N)=O)NC1=O,0,0.0011519290020929847,0.7090909090909091,>=0.70
scaffold,21,445,c1cc(CN2CCCNCCNCCCNCC2)ccc1CN1CCCNCCNCCCNCC1,0,0.11647894666395844,0.2413793103448276,<0.30
scaffold,21,450,CC1/C=C/C=C/CC/C=C/C=C/C=C/C=C/C(OC2O[C@H](C)[C@@H](O)[C@H](N)[C@@H]2O)CC(O)C(C(=O)O)C(O)CC(=O)CC(O)C(O)CCC(O)CC(O)CC(O)CC(=O)OC(C)C(C)C1O,0,0.9627047483703284,0.19327731092436976,<0.30
scaffold,21,451,[C-]#N.[C-]#N.[C-]#N.[C-]#N.[C-]#N.[Fe+4].[N-]=O,0,0.5212865066575308,0.07692307692307693,<0.30
scaffold,22,2,C/C=C/C[C@@H](C)[C@@H](O)C1C(=O)NC(CC)C(=O)N(C)CC(=O)N(C)C(CC(C)C)C(=O)NC(C(C)C)C(=O)N(C)C(CC(C)C)C(=O)NC(C)C(=O)NC(C)C(=O)N(C)C(CC(C)C)C(=O)N(C)C(CC(C)C)C(=O)N(C)C(C(C)C)C(=O)N1C,1,0.16814260518193475,0.23308270676691728,<0.30
scaffold,22,10,Cc1c(C)c2c(c(C)c1O)CCC(C)(COc1ccc(CC3SC(=O)NC3=O)cc1)O2,1,0.2039808307813258,0.38028169014084506,0.30-0.50
scaffold,22,14,CCC1(c2ccccc2)C(=O)NC(=O)NC1=O.CCCCOCC(CN1C(=O)N(CC(COCCCC)OC(N)=O)C(=O)C(CC)(c2ccccc2)C1=O)OC(N)=O.CCCCOCC(CN1C(=O)NC(=O)C(CC)(c2ccccc2)C1=O)OC(N)=O,1,0.5424322373677251,0.3181818181818182,0.30-0.50
scaffold,22,15,NC(N)=Nc1nc(CSCCN=CNS(=O)(=O)c2ccc(Br)cc2)cs1,1,0.9270656170085824,0.21875,<0.30
scaffold,22,19,COc1cc(C(=O)NS(=O)(=O)c2ccccc2C)ccc1Cc1cn(C)c2ccc(NC(=O)OC3CCCC3)cc12,1,0.6848721207400619,0.25742574257425743,<0.30
scaffold,22,29,S=c1nc[nH]c2nc[nH]c12,1,0.706917576960168,0.275,<0.30
scaffold,22,35,CN(C)c1ccc(O)c2c1C[C@H]1C[C@H]3[C@H](N(C)C)C(=O)/C(=C(\N)O)C(=O)[C@@]3(O)C(=O)C1=C2O,1,0.7560086976510595,0.19540229885057472,<0.30
scaffold,22,36,O=C1CN(/N=C\c2ccc([N+](=O)[O-])o2)C(=O)N1,1,0.8744198671611759,0.673469387755102,0.50-0.70
scaffold,22,37,CC/C(=C(\c1ccccc1)c1ccc(OCCN(C)C)cc1)c1ccccc1,1,0.23353973810519102,0.36363636363636365,0.30-0.50
scaffold,22,39,O=C(O)c1cccnc1,1,0.886787503274529,0.5151515151515151,0.50-0.70
scaffold,22,40,O=C(O)C1=C/C(=N/Nc2ccc(S(=O)(=O)Nc3ccccn3)cc2)C=CC1=O,1,0.8115539131102936,0.24615384615384617,<0.30
scaffold,22,50,CCCCCCCCCCC[C@@H](C[C@@H]1OC(=O)[C@H]1CCCCCC)OC(=O)[C@H](CC(C)C)NC=O,1,0.2668526643610861,0.2235294117647059,<0.30
scaffold,22,52,Cn1cnc([N+](=O)[O-])c1Sc1ncnc2nc[nH]c12,1,0.8359941109304762,0.23728813559322035,<0.30
scaffold,22,53,CC1=C(CC(=O)O)c2cc(F)ccc2C1=Cc1ccc(S(C)=O)cc1,1,0.8888916903413262,0.25,<0.30
scaffold,22,54,Nc1nc(NC2CC2)c2ncn(C3C=C[C@H](CO)C3)c2n1,1,0.41148905257306445,0.26865671641791045,<0.30
scaffold,22,68,CCCN(CCOc1c(Cl)cc(Cl)cc1Cl)C(=O)n1ccnc1.O=S(=O)([O-])C(I)I.[Na+],1,0.9321691795012981,0.2345679012345679,<0.30
scaffold,22,73,CC(C)c1c(C(=O)Nc2ccccc2)c(-c2ccccc2)c(-c2ccc(F)cc2)n1CC[C@@H](O)C[C@@H](O)CC(=O)O,1,0.06399897769167517,0.21739130434782608,<0.30
scaffold,22,76,CN(CC=CC#CC(C)(C)C)Cc1cccc2ccccc12,1,0.23756402394088982,0.20588235294117646,<0.30
scaffold,22,89,C[C@H]1O[C@H](O[C@H]2[C@H](O)[C@@H](O)[C@@H](O[C@H]3[C@H](O)[C@@H](O)[C@H](O)O[C@@H]3CO)O[C@@H]2CO)[C@H](O)[C@@H](O)[C@@H]1N[C@H]1C=C(CO)[C@H](O)[C@H](O)[C@H]1O,1,0.3695749351308723,0.3333333333333333,0.30-0.50
scaffold,22,100,NNC(=O)c1ccncc1,1,0.9004515550253898,0.40476190476190477,0.30-0.50
scaffold,22,111,Cc1oncc1C(=O)Nc1ccc(C(F)(F)F)cc1,1,0.7073745855732697,0.2727272727272727,<0.30
scaffold,22,116,CCCc1cc(=O)[nH]c(=S)[nH]1,1,0.8676200692969346,0.18181818181818182,<0.30
scaffold,22,127,CC(C)NNC(=O)c1ccncc1,1,0.7762859401685943,0.391304347826087,0.30-0.50
scaffold,22,136,NC1=NC(=O)C(c2ccccc2)O1,1,0.9352386175654377,0.23255813953488372,<0.30
scaffold,22,145,CCOC(Nc1ccc(C(=O)O)cc1)C(=O)c1ccc(-c2ccccc2)cc1,1,0.5241375716499935,0.3333333333333333,0.30-0.50
scaffold,22,148,COc1ccc2c(C(=S)N(C)CC(=O)O)cccc2c1C(F)(F)F,1,0.7507673034270915,0.2222222222222222,<0.30
scaffold,22,166,CN(C)Cc1ccc(CSCCN/C(=C\[N+](=O)[O-])NCc2ccc3c(c2)OCO3)o1,1,0.8314148075152243,0.25,<0.30
scaffold,22,170,Cc1cc2c(cc1CC(=O)c1sccc1S(=O)(=O)Nc1onc(C)c1Cl)OCO2,1,0.9932164186585718,0.21176470588235294,<0.30
scaffold,22,176,CCO[C@@H]1OC(=O)C[C@@H]1NC(=O)[C@@H]1CCCN2C(=O)CC[C@H](NC(=O)c3nccc4ccccc34)C(=O)N12,1,0.6188156718374691,0.2159090909090909,<0.30
scaffold,22,179,CO/N=C(\N)c1ccc(-c2ccc(-c3ccc(/C(N)=N/OC)cc3)o2)cc1,1,0.9059625496738213,0.2,<0.30
scaffold,22,189,Cn1c(=O)c2[nH]cnc2n(C)c1=O,0,0.387365367833509,0.8387096774193549,>=0.70
scaffold,22,192,Cn1c(=O)c2c(ncn2C)n(C)c1=O,0,0.3094228819673044,0.4,0.30-0.50
scaffold,22,193,CN(C)C(=O)Oc1ccc[n+](C)c1,0,0.5578567204997856,0.23404255319148937,<0.30
scaffold,22,194,CC(=O)N[C@@H](CS)C(=O)O,0,0.20580402597926942,0.27586206896551724,<0.30
scaffold,22,196,O=C1OC([C@@H](O)CO)C(O)=C1O,0,0.07249775289586886,0.2,<0.30
scaffold,22,197,Nc1nc(=O)c2c([nH]1)NCC(CNc1ccc(C(=O)N[C@H](CCC(=O)O)C(=O)O)cc1)N2C=O,0,0.17941576824760266,0.5125,0.50-0.70
scaffold,22,199,C=C1CC[C@H](O)C/C1=C/C=C1\CCC[C@]2(C)[C@@H]([C@H](C)/C=C/[C@H](C)C(C)C)CC[C@@H]12,0,0.7246956791717607,0.16304347826086957,<0.30
scaffold,22,217,CC[C@@H](CO)NC(=O)[C@@H]1C=C2c3cccc4c3c(cn4C)C[C@H]2N(C)C1,0,0.46265173799904624,0.23684210526315788,<0.30
scaffold,22,218,CC[C@@H](CO)NC(=O)[C@@H]1C=C2c3cccc4[nH]cc(c34)C[C@H]2N(C)C1,0,0.1525066509925068,0.23076923076923078,<0.30
scaffold,22,220,Cc1ncc(CO)c(CO)c1O,0,0.43798942853403977,0.2391304347826087,<0.30
scaffold,22,222,CN1[C@@H]2CC[C@H]1CC(OC(=O)C(CO)c1ccccc1)C2,0,0.019604825937309417,0.6808510638297872,0.50-0.70
scaffold,22,239,C/C1=C2/[N-]C([C@H](CC(N)=O)[C@@]2(C)CCC(=O)NCC(C)OP(=O)(O)OC2C(O)[C@@H](n3cnc4cc(C)c(C)cc43)O[C@H]2CO)[C@]2(C)N=C(/C(C)=C3N=C(/C=C4N=C1[C@@H](CCC(N)=O)C\4(C)C)[C@@H](CCC(N)=O)[C@]\3(C)CC(N)=O)[C@@H](CCC(N)=O)[C@]2(C)CC(N)=O.[C-]#N.[Co+3],0,0.14436589568696628,0.19607843137254902,<0.30
scaffold,22,244,CN1C[C@H](C(=O)N[C@]2(C)O[C@@]3(O)[C@@H]4CCCN4C(=O)[C@H](Cc4ccccc4)N3C2=O)C[C@@H]2c3cccc4[nH]cc(c34)C[C@H]21,0,0.07394231052014905,0.20909090909090908,<0.30
scaffold,22,257,N=c1nc(N2CCCCC2)cc(N)n1O,0,0.42048505870793756,0.23809523809523808,<0.30
scaffold,22,258,CC(O)(P(=O)(O)O)P(=O)(O)O,0,0.13373378300611177,0.28125,<0.30
scaffold,22,270,CC(C)CC(NC(=O)CNC(=O)C(CCC(N)=O)NC(=O)C(CC(C)C)NC(=O)C(CC(C)C)NC(=O)C(CCCNC(=N)N)NC(=O)C(CCC(N)=O)NC(=O)C(CC(C)C)NC(=O)C(CCCNC(=N)N)NC(=O)C(C)NC(=O)C(CO)NC(=O)C(CC(=O)O)NC(=O)C(CCCNC(=N)N)NC(=O)C(CC(C)C)NC(=O)C(CCCNC(=N)N)NC(=O)C(CO)NC(=O)C(CC(C)C)NC(=O)C(CCC(=O)O)NC(=O)C(CO)NC(=O)C(NC(=O)C(Cc1ccccc1)NC(=O)C(NC(=O)CNC(=O)C(CC(=O)O)NC(=O)C(CO)NC(=O)C(N)Cc1ncc[nH]1)C(C)O)C(C)O)C(=O)NC(C(=O)O)C(C)C,0,0.026079880374302807,0.5547945205479452,0.50-0.70
scaffold,22,272,O=C([O-])CCCO.[Na+],0,0.1628628793334481,0.3333333333333333,0.30-0.50
scaffold,22,273,O.O=C([O-])[O-].O=C([O-])[O-].O=C([O-])[O-].[La+3].[La+3],0,0.6364788219177298,0.45454545454545453,0.30-0.50
scaffold,22,277,CCN(C(C)=O)c1cccc(-c2ccnc3c(C#N)cnn23)c1,0,0.633889576347033,0.22972972972972974,<0.30
scaffold,22,282,CCN(CC)CCOC(=O)C1(C2CCCCC2)CCCCC1,0,0.03566067274569898,0.2903225806451613,<0.30
scaffold,22,283,Cn1c(=O)c2c(ncn2CC(O)CO)n(C)c1=O,0,0.040868760740005415,0.34,0.30-0.50
scaffold,22,285,CC(C)[N+](C)(CCOC(=O)C1c2ccccc2Oc2ccccc21)C(C)C,0,0.37293097761984634,0.28888888888888886,<0.30
scaffold,22,288,C[N+]1(C)CCCC(OC(=O)C(O)(c2ccccc2)c2ccccc2)C1,0,0.0442171932104564,0.6382978723404256,0.50-0.70
scaffold,22,292,OC(CCN1CCCCC1)(c1ccccc1)C1CC2C=CC1C2,0,0.0013034886789479157,0.6086956521739131,0.50-0.70
scaffold,22,295,OC[C@H]1O[C@@H](O[C@@H]2[C@@H](CO)O[C@](O)(CO)[C@H]2O)[C@H](O)[C@@H](O)[C@H]1O,0,0.14639246388422883,0.43137254901960786,0.30-0.50
scaffold,22,296,C=C1C(=CC=C2CCC[C@]3(C)[C@@H]([C@H](C)CCCC(C)(C)O)CC[C@@H]23)C[C@@H](O)C[C@@H]1O,0,0.30104546727360393,0.16666666666666666,<0.30
scaffold,22,297,CC(N)C12CC3CC(CC(C3)C1)C2,0,0.08257000209790206,0.24,<0.30
scaffold,22,298,CC(=O)[O-].CC(=O)[O-].[Ca+2],0,0.5103224101031973,0.4166666666666667,0.30-0.50
scaffold,22,307,C=CCN1C[C@H](C(=O)N(CCCN(C)C)C(=O)NCC)C[C@@H]2c3cccc4[nH]cc(c34)C[C@H]21,0,0.05649475988429029,0.20588235294117646,<0.30
scaffold,22,326,CN1CCCN=C1/C=C/c1cccs1,0,0.6291370943640593,0.21818181818181817,<0.30
scaffold,22,331,CC(C)(N)CO.Cn1c(=O)c2[nH]c(Br)nc2n(C)c1=O,0,0.20260467940437807,0.3877551020408163,0.30-0.50
scaffold,22,342,CCOC(=O)c1ncn2c1CN(C)C(=O)c1cc(F)ccc1-2,0,0.7576375555267426,0.2608695652173913,<0.30
scaffold,22,350,CNCCCC1c2ccccc2C=Cc2ccccc21,0,0.8213005556638504,0.29545454545454547,<0.30
scaffold,22,351,CCCCCCC(C)(C)c1cc(O)c2c(c1)OC(C)(C)[C@@H]1CCC(=O)C[C@@H]21,0,0.427204072450264,0.2261904761904762,<0.30
scaffold,22,353,CN[C@@H]1CCc2[nH]c3ccc(C(N)=O)cc3c2C1,0,0.908141255155345,0.20689655172413793,<0.30
scaffold,22,359,COC(=O)[C@H]1[C@H]2C[C@@H]3c4[nH]c5cc(OC)ccc5c4CCN3C[C@H]2C[C@@H](OC(=O)c2cc(OC)c(OC)c(OC)c2)[C@@H]1OC,0,0.6366952099604211,0.23529411764705882,<0.30
scaffold,22,363,Oc1ccc2c3c1OC1[C@@H](O)CC[C@@]4(O)[C@@H](C2)N(CC2CCC2)CC[C@]314,0,0.044207570430723646,0.4861111111111111,0.30-0.50
scaffold,22,365,COc1ccc(C[C@@H]2c3cc(OC)c(OC)cc3CC[N@+]2(C)CCC(=O)OCCCCCOC(=O)CC[N@@+]2(C)CCc3cc(OC)c(OC)cc3[C@H]2Cc2ccc(OC)c(OC)c2)cc1OC.O=S(=O)([O-])c1ccccc1.O=S(=O)([O-])c1ccccc1,0,0.039382955401265116,0.8095238095238095,>=0.70
scaffold,22,397,CC[C@H](C)[C@@H]1NC(=O)[C@H](Cc2ccccc2)NC(=O)[C@H](CCC(=O)O)NC(=O)[C@H](CCC(=O)O)NC(=O)[C@@H]2CSSC[C@@H]3NC(=O)[C@H](CCC(=O)O)NC(=O)[C@H](CCC(=O)O)NC(=O)[C@H](CC(C)C)NC(=O)[C@H](CO)NC(=O)[C@H](CCC(=O)O)NC(=O)[C@H](Cc4ccccc4)NC(=O)[C@H](CCCNC(=N)N)NC(=O)[C@H](CC(N)=O)NC(=O)[C@H](CCC(N)=O)NC(=O)[C@H](CC(N)=O)NC(=O)CNC(=O)[C@H](CCC(=O)O)NC(=O)[C@H](CSSC[C@H](NC(=O)[C@@H]4CCCN4C(=O)CNC(=O)[C@H](CC(=O)O)NC(=O)[C@H](CC(=O)O)NC(=O)[C@H](C)NC(=O)[C@H](CCCCN)NC(=O)[C@H](Cc4ccccc4)NC(=O)[C@H](C)NC(=O)[C@@H](NC(=O)[C@H](Cc4ccccc4)NC(=O)[C@H](CO)NC(=O)[C@H](Cc4cnc[nH]4)NC(=O)[C@H](CCSC)NC(=O)[C@H](C)NC(=O)[C@@H](N)CCC(=O)O)CSSC[C@@H](C(=O)N[C@H](C(=O)N[C@@H](CCCNC(=N)N)C(=O)N[C@@H](CC(=O)O)C(=O)O)[C@H](C)O)NC(=O)[C@H](CCSC)NC(=O)[C@H](CCCCN)NC(=O)[C@H](CCCCN)NC3=O)C(=O)N[C@@H](CCCNC(=N)N)C(=O)N[C@@H](C)C(=O)N[C@@H](C)C(=O)N[C@@H](Cc3cnc[nH]3)C(=O)N3CCC[C@H]3C(=O)N[C@@H](CCCNC(=N)N)C(=O)N[C@@H](Cc3c[nH]c4ccccc34)C(=O)N[C@@H](Cc3ccccc3)C(=O)N[C@@H](Cc3ccccc3)C(=O)N[C@@H](CC(N)=O)C(=O)N[C@@H]([C@@H](C)CC)C(=O)N[C@@H](Cc3ccccc3)C(=O)N[C@@H]([C@H](C)O)C(=O)N[C@@H](CCCNC(=N)N)C(=O)N[C@@H](CCC(N)=O)C(=O)N2)NC(=O)CNC(=O)CNC(=O)[C@H](Cc2ccc(O)cc2)NC1=O,0,9.165689989575056e-06,0.49416342412451364,0.30-0.50
scaffold,22,406,CSCC[C@H](NC(=O)[C@H](Cc1c[nH]c2ccccc12)NC(=O)CCNC(=O)OCC(C)C)C(=O)N[C@@H](CC(=O)O)C(=O)N[C@@H](Cc1ccccc1)C(N)=O,0,0.15345920041518238,0.6354166666666666,0.50-0.70
scaffold,22,408,O=C1OC2(c3ccc(O)cc3Oc3cc(O)ccc32)c2ccccc21,0,0.5471119193812936,0.19642857142857142,<0.30
scaffold,22,410,CC(=O)O[C@H]1C[C@@H]2CC[C@@H]3[C@H](CC[C@@]4(C)[C@H]3C[C@H]([N+]3(C)CCCCC3)[C@@H]4OC(C)=O)[C@@]2(C)C[C@@H]1N1CCCCC1.[Br-],0,0.014695865443004393,0.7936507936507936,>=0.70
scaffold,22,416,Oc1ccc(C2CNCCc3c2cc(O)c(O)c3Cl)cc1,0,0.49068878109492436,0.19148936170212766,<0.30
scaffold,22,418,CC(O)CN1CCN(CC(=O)[O-])CCN(CC(=O)[O-])CCN(CC(=O)[O-])CC1.[Gd+3],0,0.0331770591239138,0.3,0.30-0.50
scaffold,22,420,CC1=C(CCC(=O)O)c2cc3nc(cc4[nH]c(cc5[nH]c(cc1n2)c(C)c5C(C)O)c(C)c4C(C)OC(C)c1c(C)c2cc4nc(cc5nc(cc6[nH]c(cc1[nH]2)c(C)c6C(C)O)C(C)=C5CCC(=O)O)C(CCC(=O)O)=C4C)C(C)=C3CCC(=O)O,0,0.15848461091225144,0.22033898305084745,<0.30
scaffold,22,422,NC(=O)C1CSSCCC(=O)NC(CCCCN=C(N)N)C(=O)NCC(=O)NC(CC(=O)O)C(=O)NC(Cc2c[nH]c3ccccc23)C(=O)N2CCCC2C(=O)N1,0,0.1367976065637132,0.34057971014492755,0.30-0.50
scaffold,22,428,NCCCNCCSP(=O)(O)O,0,0.05556967516142711,0.32142857142857145,0.30-0.50
scaffold,22,436,COc1ccc(N(C)C)cc1CN[C@H]1CCCN[C@H]1c1ccccc1,0,0.36889790917176873,0.1917808219178082,<0.30
scaffold,22,442,C/C(=N\O)[C@@H](C)NCC(C)(C)CN[C@H](C)/C(C)=N/O,0,0.10525539408917936,0.2,<0.30
scaffold,22,447,Nc1nc(=O)c2c([nH]1)NCC(CNc1ccc(C(=O)NC(CCC(=O)O)C(=O)O)cc1)N2C=O,0,0.17941576824760266,0.5125,0.50-0.70
scaffold,22,448,CN1c2c([nH]c(N)nc2=O)NC[C@@H]1CNc1ccc(C(=O)N[C@@H](CCC(=O)[O-])C(=O)[O-])cc1.[Ca+2],0,0.16352995952259267,0.39080459770114945,0.30-0.50
scaffold,23,17,CCCCCOc1ccc(-c2cc(-c3ccc(C(=O)NC4CC(O)C(O)NC(=O)C5C(O)C(C)CN5C(=O)C(C(O)CC(N)=O)NC(=O)C(C(O)C(O)c5ccc(O)c(OS(=O)(=O)O)c5)NC(=O)C5CC(O)CN5C(=O)C(C(C)O)NC4=O)cc3)no2)cc1,1,0.8495703422951023,0.20454545454545456,<0.30
scaffold,23,19,COc1cc(C(=O)NS(=O)(=O)c2ccccc2C)ccc1Cc1cn(C)c2ccc(NC(=O)OC3CCCC3)cc12,1,0.28123500965874604,0.25742574257425743,<0.30
scaffold,23,22,CNCC[C@@H](Oc1ccccc1C)c1ccccc1,1,0.7541184483597239,0.44,0.30-0.50
scaffold,23,26,CO[C@H]1/C=C/O[C@@]2(C)Oc3c(C)c(O)c4c(c3C2=O)C(=O)/C(=C/NN2CCN(C)CC2)C(=C4O)NC(=O)/C(C)=C\C=C\[C@H](C)[C@H](O)[C@@H](C)[C@@H](O)[C@@H](C)[C@H](OC(C)=O)[C@@H]1C,1,0.36101042919917886,0.16535433070866143,<0.30
scaffold,23,27,C[C@H]1COc2c(N3CCN(C)CC3)c(F)cc3c(=O)c(C(=O)O)cn1c23,1,0.7629639304373081,0.3,0.30-0.50
scaffold,23,32,O=c1ncnc2[nH][nH]cc1-2,1,0.7975578403044521,0.16666666666666666,<0.30
scaffold,23,33,NC(=O)N1c2ccccc2C=Cc2ccccc21,1,0.7526323428351006,0.26666666666666666,<0.30
scaffold,23,43,O=C(O)c1cn(C2CC2)c2cc(N3CCNCC3)c(F)cc2c1=O,1,0.7045300944890646,0.3561643835616438,0.30-0.50
scaffold,23,46,CS(=O)(=O)OCCCCOS(C)(=O)=O,1,0.06133775045592499,0.18181818181818182,<0.30
scaffold,23,48,Cc1c2oc3c(C)ccc(C(=O)NC4C(=O)NC(C(C)C)C(=O)N5CCCC5C(=O)N(C)CC(=O)N(C)C(C(C)C)C(=O)OC4C)c3nc-2c(C(=O)NC2C(=O)NC(C(C)C)C(=O)N3CCCC3C(=O)N(C)CC(=O)N(C)C(C(C)C)C(=O)OC2C)c(N)c1=O,1,0.9477711414683978,0.23308270676691728,<0.30
scaffold,23,49,CN1CCN(C2=c3ccccc3=Nc3ccc(Cl)cc3N2)CC1,1,0.901034916987951,0.2698412698412698,<0.30
scaffold,23,54,Nc1nc(NC2CC2)c2ncn(C3C=C[C@H](CO)C3)c2n1,1,0.07762371251696605,0.26865671641791045,<0.30
scaffold,23,55,CCCSc1ccc2nc(NC(=O)OC)[nH]c2c1,1,0.7815789839765155,0.19402985074626866,<0.30
scaffold,23,57,C[C@](O)(CS(=O)(=O)c1ccc(F)cc1)C(=O)Nc1ccc(C#N)c(C(F)(F)F)c1,1,0.828027634516277,0.3384615384615385,0.30-0.50
scaffold,23,60,COC1=CC(=O)C[C@@H](C)[C@]12Oc1c(Cl)c(OC)cc(OC)c1C2=O,1,0.7754909747176982,0.20253164556962025,<0.30
scaffold,23,63,CC1=C(/C=C/C(C)=C/C=C/C(C)=C\C(=O)O)C(C)(C)CCC1,1,0.7404742088908057,0.42857142857142855,0.30-0.50
scaffold,23,67,NC(=O)CC(N)C(=O)[O-],1,0.21680376168745447,0.2916666666666667,<0.30
scaffold,23,68,CCCN(CCOc1c(Cl)cc(Cl)cc1Cl)C(=O)n1ccnc1.O=S(=O)([O-])C(I)I.[Na+],1,0.9119463532771604,0.2345679012345679,<0.30
scaffold,23,69,Nc1ccn([C@@H]2O[C@H](CO)[C@@H](O)C2(F)F)c(=O)n1,1,0.5452067818389487,0.27419354838709675,<0.30
scaffold,23,80,Clc1ccc2nsnc2c1NC1=NCCN1,1,0.8388078650171429,0.203125,<0.30
scaffold,23,87,CCCCc1oc2ccc(NS(C)(=O)=O)cc2c1C(=O)c1ccc(OCCCN(CCCC)CCCC)cc1,1,0.8139338269640941,0.37681159420289856,0.30-0.50
scaffold,23,97,CC(=O)N1CCN(c2ccc(OC[C@@H]3CO[C@@](Cn4ccnc4)(c4ccc(Cl)cc4Cl)O3)cc2)CC1,1,0.947109477390875,0.5531914893617021,0.50-0.70
scaffold,23,101,CCCCc1oc2ccccc2c1C(=O)c1cc(I)c(OCCN(CC)CC)c(I)c1,1,0.9099577459107867,0.2222222222222222,<0.30
scaffold,23,107,C[C@]12CC(=CO)C(=O)C[C@@H]1CC[C@@H]1[C@@H]2CC[C@@]2(C)[C@H]1CC[C@]2(C)O,1,0.47281467236916175,0.5882352941176471,0.50-0.70
scaffold,23,108,C#C[C@]1(O)CC[C@H]2[C@@H]3CCC4=Cc5oncc5C[C@]4(C)[C@H]3CC[C@@]21C,1,0.1468187426673857,0.3235294117647059,0.30-0.50
scaffold,23,113,COc1ccccc1Oc1c(NS(=O)(=O)c2ccc(C(C)(C)C)cc2)nc(-c2ncccn2)nc1OCCO,1,0.883206362142056,0.2463768115942029,<0.30
scaffold,23,119,CCN(CC)CCNC(=O)c1c(C)[nH]c(/C=C2\C(=O)Nc3ccc(F)cc32)c1C,1,0.35861549208683635,0.24691358024691357,<0.30
scaffold,23,122,CN1C(=O)CCS(=O)(=O)C1c1ccc(Cl)cc1,1,0.6854358240043695,0.21666666666666667,<0.30
scaffold,23,126,Nc1ccn([C@@H]2O[C@H](CO)[C@@H](O)[C@@H]2O)c(=O)n1,1,0.20162509516007088,0.46153846153846156,0.30-0.50
scaffold,23,130,CCc1oc2ccccc2c1C(=O)c1cc(Br)c(O)c(Br)c1,1,0.9674320760216134,0.24,<0.30
scaffold,23,141,O=C(COc1ccc(Cl)cc1)N1CCN(Cc2ccc3c(c2)OCO3)CC1,1,0.6042060836523884,0.29850746268656714,<0.30
scaffold,23,155,Cc1cc(Br)c(O)c2ncccc12,1,0.9761654273753536,0.23255813953488372,<0.30
scaffold,23,157,CCc1oc2ccccc2c1C(=O)c1ccc(O)cc1,1,0.8070039874463971,0.2558139534883721,<0.30
scaffold,23,158,CCc1oc2ccccc2c1C(=O)c1cc(I)c(O)c(I)c1,1,0.942049566009738,0.24489795918367346,<0.30
scaffold,23,186,CN(C)CCOC(c1ccccc1)c1ccccc1,0,0.6059872211051642,0.36363636363636365,0.30-0.50
scaffold,23,187,Cc1ccccc1C(OCCN(C)C)c1ccccc1,0,0.5238737109910109,0.3137254901960784,0.30-0.50
scaffold,23,193,CN(C)C(=O)Oc1ccc[n+](C)c1,0,0.7538805191147134,0.23404255319148937,<0.30
scaffold,23,196,O=C1OC([C@@H](O)CO)C(O)=C1O,0,0.06342845391054737,0.2,<0.30
scaffold,23,198,O=C(c1ccc(OCCN2CCCCC2)cc1)c1c(-c2ccc(O)cc2)sc2cc(O)ccc12,0,0.33798782224565677,0.25333333333333335,<0.30
scaffold,23,211,NC[C@H]1O[C@H](O[C@H]2[C@H](O)[C@@H](O[C@H]3O[C@H](CO)[C@@H](O)[C@H](N)[C@H]3O)[C@H](N)C[C@@H]2N)[C@H](O)[C@@H](O)[C@@H]1O,0,0.07357411348124919,0.6530612244897959,0.50-0.70
scaffold,23,219,C[N+](C)(C)CC(=O)[O-],0,0.10744714370205266,0.4583333333333333,0.30-0.50
scaffold,23,224,CN(C)CCC(c1ccc(Br)cc1)c1ccccn1,0,0.761418566311394,0.3333333333333333,0.30-0.50
scaffold,23,225,COc1cc(NC(C)CCCN)c2ncccc2c1,0,0.73615209135538,0.25925925925925924,<0.30
scaffold,23,228,CNC1(C)C2CCC(C2)C1(C)C,0,0.12611859177455098,0.16,<0.30
scaffold,23,238,CN(C)CC[C@@H](c1ccc(Br)cc1)c1ccccn1,0,0.761418566311394,0.3333333333333333,0.30-0.50
scaffold,23,244,CN1C[C@H](C(=O)N[C@]2(C)O[C@@]3(O)[C@@H]4CCCN4C(=O)[C@H](Cc4ccccc4)N3C2=O)C[C@@H]2c3cccc4[nH]cc(c34)C[C@H]21,0,0.009969692687163271,0.32456140350877194,0.30-0.50
scaffold,23,254,CN(C)CCC(c1ccc(Cl)cc1)c1ccccn1,0,0.6827892667114567,0.3333333333333333,0.30-0.50
scaffold,23,255,OCC(S)CS,0,0.0667628582463796,0.2631578947368421,<0.30
scaffold,23,261,CN(C)CCc1c[nH]c2ccc(Cn3cncn3)cc12,0,0.7774807442942128,0.5084745762711864,0.50-0.70
scaffold,23,266,Cc1c(-c2ccccc2)oc2c(C(=O)OCCN3CCCCC3)cccc2c1=O,0,0.4669520623302507,0.26582278481012656,<0.30
scaffold,23,267,Clc1ccc(C(c2ccccc2Cl)C(Cl)Cl)cc1,0,0.5765914268201701,0.25,<0.30
scaffold,23,269,CO[Si](C)(C)O[Si](C)(C)C.O=[Si]=O,0,0.5017678180503384,0.1282051282051282,<0.30
scaffold,23,273,O.O=C([O-])[O-].O=C([O-])[O-].O=C([O-])[O-].[La+3].[La+3],0,0.4500436913023797,0.45454545454545453,0.30-0.50
scaffold,23,275,CC(C)C(=O)Oc1ccc(CO)cc1[C@H](CCN(C(C)C)C(C)C)c1ccccc1.O=C(O)/C=C/C(=O)O,0,0.18710547668885066,0.2535211267605634,<0.30
scaffold,23,279,CN(C)CCOC(C)(c1ccccc1)c1ccccn1,0,0.5436341324900354,0.3269230769230769,0.30-0.50
scaffold,23,286,CN(C)CCOC(c1ccc(Cl)cc1)c1ccccn1,0,0.6485139219174586,0.33962264150943394,0.30-0.50
scaffold,23,292,OC(CCN1CCCCC1)(c1ccccc1)C1CC2C=CC1C2,0,0.002057814644903505,0.6086956521739131,0.50-0.70
scaffold,23,295,OC[C@H]1O[C@@H](O[C@@H]2[C@@H](CO)O[C@](O)(CO)[C@H]2O)[C@H](O)[C@@H](O)[C@H]1O,0,0.3052125462421733,0.3783783783783784,0.30-0.50
scaffold,23,300,OCCN1C[C@H](O)[C@@H](O)[C@H](O)[C@H]1CO,0,0.14416518407850296,0.20588235294117646,<0.30
scaffold,23,302,Cc1ccc(O)c([C@@H](CCN(C(C)C)C(C)C)c2ccccc2)c1,0,0.19686905157490953,0.265625,<0.30
scaffold,23,305,CN1[C@@H]2CC[C@@H]1CC(OC(c1ccccc1)c1ccccc1)C2,0,0.17413935240169165,0.5227272727272727,0.50-0.70
scaffold,23,306,CCCCN1C[C@H](O)[C@@H](O)[C@H](O)[C@H]1CO,0,0.27745662697508466,0.18421052631578946,<0.30
scaffold,23,314,Cc1nc2n(c(=O)c1CCN1CCC(c3noc4cc(F)ccc34)CC1)CCCC2O,0,0.461477986686183,0.21739130434782608,<0.30
scaffold,23,326,CN1CCCN=C1/C=C/c1cccs1,0,0.7649778115834719,0.21818181818181817,<0.30
scaffold,23,334,CCCC(C)(COC(N)=O)COC(N)=O,0,0.17848472390563827,0.696969696969697,0.50-0.70
scaffold,23,335,CC(C)(C)NC[C@H](O)COc1ccccc1C1CCCC1,0,0.053844906470993735,0.3673469387755102,0.30-0.50
scaffold,23,347,CC[C@]1(O)C[C@@H]2CN(CCc3c([nH]c4ccccc34)[C@@](C(=O)OC)(c3cc4c(cc3OC)N(C)[C@H]3[C@@](O)(C(=O)OC)[C@H](OC(C)=O)[C@]5(CC)C=CCN6CC[C@]43[C@@H]65)C2)C1,0,0.039958699464945326,0.23529411764705882,<0.30
scaffold,23,349,CN(C)CC[C@@H](c1ccc(Cl)cc1)c1ccccn1,0,0.6827892667114567,0.3333333333333333,0.30-0.50
scaffold,23,354,C[C@]12CCC3[C@@H](CC[C@H]4NC(=O)C=C[C@]34C)[C@@H]1CC[C@@H]2C(=O)Nc1cc(C(F)(F)F)ccc1C(F)(F)F,0,0.9841547927129914,0.24390243902439024,<0.30
scaffold,23,358,CCOC(=O)N1CCC(=C2c3ccc(Cl)cc3CCc3cccnc32)CC1,0,0.8690592430946906,0.26865671641791045,<0.30
scaffold,23,360,OC(CCN1CCCCC1)(c1ccccc1)C1CCCCC1,0,0.004415834355349206,1.0,>=0.70
scaffold,23,361,Cc1cccc(C)c1NC(=O)C1CCCCN1C,0,0.16082228647872482,0.3617021276595745,0.30-0.50
scaffold,23,368,CC(C)(CO)C(O)C(=O)NCCCO,0,0.04952950753690545,0.22857142857142856,<0.30
scaffold,23,372,CC1(C)C(=CC=CC=CC=CC2=[N+](CCCCS(=O)(=O)[O-])c3ccc4ccccc4c3C2(C)C)N(CCCCS(=O)(=O)[O-])c2ccc3ccccc3c21.[Na+],0,0.563481993794492,0.16483516483516483,<0.30
scaffold,23,381,O=S([O-])([O-])=S.[Na+].[Na+],0,0.32377067484125704,0.21428571428571427,<0.30
scaffold,23,384,CC[C@H](C)[C@H](NC(=O)[C@@H]1CCCN1C(=O)CNC(=O)[C@H](Cc1ccccc1)NC(=O)[C@H](CC(N)=O)NC(=O)[C@H](CC(N)=O)NC(=O)[C@H](CO)NC(=O)[C@H](CO)NC(=O)[C@H](Cc1cnc[nH]1)NC(=O)[C@@H](NC(=O)[C@H](CC(C)C)NC(=O)[C@H](Cc1ccccc1)NC(=O)[C@H](CC(N)=O)NC(=O)[C@H](C)NC(=O)[C@H](CC(C)C)NC(=O)[C@H](CCCNC(=N)N)NC(=O)[C@H](CCC(N)=O)NC(=O)[C@@H](NC(=O)[C@H](C)NC(=O)[C@H](CS)NC(=O)[C@@H](NC(=O)[C@H](C)NC(=O)[C@@H](NC(=O)[C@H](CC(N)=O)NC(=O)[C@H](CS)NC(=O)[C@@H](N)CCCCN)[C@@H](C)O)[C@@H](C)O)[C@@H](C)O)C(C)C)C(=O)N[C@@H](CC(C)C)C(=O)N1CCC[C@H]1C(=O)N1CCC[C@H]1C(=O)N[C@H](C(=O)N[C@@H](CC(N)=O)C(=O)N[C@H](C(=O)NCC(=O)N[C@@H](CO)C(=O)N[C@@H](CC(N)=O)C(=O)N[C@H](C(=O)N[C@@H](Cc1ccc(O)cc1)C(N)=O)[C@@H](C)O)C(C)C)[C@@H](C)O,0,0.00019986505371992426,0.7423312883435583,>=0.70
scaffold,23,386,CC[C@H](C)[C@H](NC(=O)[C@H](Cc1ccccc1)NC(=O)[C@H](CC(C)C)NC(=O)[C@H](CCCNC(=N)N)NC(=O)[C@@H](NC(=O)[C@H](C)NC(=O)[C@H](CCC(=O)O)NC(=O)[C@H](CCC(=O)O)NC(=O)[C@H](CCC(=O)O)NC(=O)[C@H](CCSC)NC(=O)[C@H](CCC(N)=O)NC(=O)[C@H](CCCCN)NC(=O)[C@H](CO)NC(=O)[C@H](CC(C)C)NC(=O)[C@H](CC(=O)O)NC(=O)[C@H](CO)NC(=O)[C@@H](NC(=O)[C@H](Cc1ccccc1)NC(=O)[C@@H](NC(=O)CNC(=O)[C@H](CCC(=O)O)NC(=O)CNC(=O)[C@@H](N)Cc1cnc[nH]1)[C@@H](C)O)[C@@H](C)O)C(C)C)C(=O)N[C@@H](CCC(=O)O)C(=O)N[C@@H](Cc1c[nH]c2ccccc12)C(=O)N[C@@H](CC(C)C)C(=O)N[C@@H](CCCCN)C(=O)N[C@@H](CC(N)=O)C(=O)NCC(=O)NCC(=O)N1CCC[C@H]1C(=O)N[C@@H](CO)C(=O)N[C@@H](CO)C(=O)NCC(=O)N[C@@H](C)C(=O)N1CCC[C@H]1C(=O)N1CCC[C@H]1C(=O)N1CCC[C@H]1C(=O)N[C@@H](CO)C(N)=O,0,0.00018610676631016215,0.7514792899408284,>=0.70
scaffold,23,388,CCN1CC(CCN2CCOCC2)C(c2ccccc2)(c2ccccc2)C1=O,0,0.3454689975093005,0.32075471698113206,0.30-0.50
scaffold,23,394,Cn1c(CCCC(=O)O)nc2cc(N(CCCl)CCCl)ccc21,0,0.6074989125230961,0.21621621621621623,<0.30
scaffold,23,397,CC[C@H](C)[C@@H]1NC(=O)[C@H](Cc2ccccc2)NC(=O)[C@H](CCC(=O)O)NC(=O)[C@H](CCC(=O)O)NC(=O)[C@@H]2CSSC[C@@H]3NC(=O)[C@H](CCC(=O)O)NC(=O)[C@H](CCC(=O)O)NC(=O)[C@H](CC(C)C)NC(=O)[C@H](CO)NC(=O)[C@H](CCC(=O)O)NC(=O)[C@H](Cc4ccccc4)NC(=O)[C@H](CCCNC(=N)N)NC(=O)[C@H](CC(N)=O)NC(=O)[C@H](CCC(N)=O)NC(=O)[C@H](CC(N)=O)NC(=O)CNC(=O)[C@H](CCC(=O)O)NC(=O)[C@H](CSSC[C@H](NC(=O)[C@@H]4CCCN4C(=O)CNC(=O)[C@H](CC(=O)O)NC(=O)[C@H](CC(=O)O)NC(=O)[C@H](C)NC(=O)[C@H](CCCCN)NC(=O)[C@H](Cc4ccccc4)NC(=O)[C@H](C)NC(=O)[C@@H](NC(=O)[C@H](Cc4ccccc4)NC(=O)[C@H](CO)NC(=O)[C@H](Cc4cnc[nH]4)NC(=O)[C@H](CCSC)NC(=O)[C@H](C)NC(=O)[C@@H](N)CCC(=O)O)CSSC[C@@H](C(=O)N[C@H](C(=O)N[C@@H](CCCNC(=N)N)C(=O)N[C@@H](CC(=O)O)C(=O)O)[C@H](C)O)NC(=O)[C@H](CCSC)NC(=O)[C@H](CCCCN)NC(=O)[C@H](CCCCN)NC3=O)C(=O)N[C@@H](CCCNC(=N)N)C(=O)N[C@@H](C)C(=O)N[C@@H](C)C(=O)N[C@@H](Cc3cnc[nH]3)C(=O)N3CCC[C@H]3C(=O)N[C@@H](CCCNC(=N)N)C(=O)N[C@@H](Cc3c[nH]c4ccccc34)C(=O)N[C@@H](Cc3ccccc3)C(=O)N[C@@H](Cc3ccccc3)C(=O)N[C@@H](CC(N)=O)C(=O)N[C@@H]([C@@H](C)CC)C(=O)N[C@@H](Cc3ccccc3)C(=O)N[C@@H]([C@H](C)O)C(=O)N[C@@H](CCCNC(=N)N)C(=O)N[C@@H](CCC(N)=O)C(=O)N2)NC(=O)CNC(=O)CNC(=O)[C@H](Cc2ccc(O)cc2)NC1=O,0,9.376308897804032e-06,0.49416342412451364,0.30-0.50
scaffold,23,406,CSCC[C@H](NC(=O)[C@H](Cc1c[nH]c2ccccc12)NC(=O)CCNC(=O)OCC(C)C)C(=O)N[C@@H](CC(=O)O)C(=O)N[C@@H](Cc1ccccc1)C(N)=O,0,0.11030178920790763,0.6354166666666666,0.50-0.70
scaffold,23,410,CC(=O)O[C@H]1C[C@@H]2CC[C@@H]3[C@H](CC[C@@]4(C)[C@H]3C[C@H]([N+]3(C)CCCCC3)[C@@H]4OC(C)=O)[C@@]2(C)C[C@@H]1N1CCCCC1.[Br-],0,0.0126056095867832,0.7936507936507936,>=0.70
scaffold,23,416,Oc1ccc(C2CNCCc3c2cc(O)c(O)c3Cl)cc1,0,0.18556885413364305,0.19148936170212766,<0.30
scaffold,23,425,CCCCS(=O)(=O)N[C@@H](Cc1ccc(OCCCCC2CCNCC2)cc1)C(=O)O,0,0.3264080754717735,0.2465753424657534,<0.30
scaffold,23,429,NCC[C@H](O)C(=O)N[C@@H]1C[C@H](N)[C@@H](O[C@H]2O[C@H](CN)[C@@H](O)[C@H](O)[C@H]2O)[C@H](O)[C@H]1O[C@H]1O[C@H](CO)[C@@H](O)[C@H](N)[C@H]1O,0,0.09370478012600475,0.45588235294117646,0.30-0.50
scaffold,23,435,CCOC(=O)c1cncn1C(C)c1ccccc1,0,0.3908125281242647,0.3333333333333333,0.30-0.50
scaffold,23,443,NC(=O)CCC1NC(=O)C(Cc2ccccc2)NC(=O)C(Cc2ccc(O)cc2)NC(=O)C(N)CSSCC(C(=O)N2CCCC2C(=O)NC(CCCN=C(N)N)C(=O)NCC(N)=O)NC(=O)C(CC(N)=O)NC1=O,0,0.00027857259899413195,0.7090909090909091,>=0.70
scaffold,23,449,COc1cccc2c1C(=O)c1c(O)c3c(c(O)c1C2=O)C[C@@](O)(C(C)=O)C[C@@H]3O[C@H]1C[C@H](N)[C@H](O)[C@H](C)O1,0,0.6306188971355097,0.20353982300884957,<0.30
scaffold,24,3,CC(C(=O)O)c1cccc(Oc2ccccc2)c1,1,0.684274551946179,0.4,0.30-0.50
scaffold,24,9,CS(=O)(=O)Nc1ccc([N+](=O)[O-])cc1Oc1ccccc1,1,0.697235730488693,0.23214285714285715,<0.30
scaffold,24,26,CO[C@H]1/C=C/O[C@@]2(C)Oc3c(C)c(O)c4c(c3C2=O)C(=O)/C(=C/NN2CCN(C)CC2)C(=C4O)NC(=O)/C(C)=C\C=C\[C@H](C)[C@H](O)[C@@H](C)[C@@H](O)[C@@H](C)[C@H](OC(C)=O)[C@@H]1C,1,0.5215735484914287,0.17647058823529413,<0.30
scaffold,24,27,C[C@H]1COc2c(N3CCN(C)CC3)c(F)cc3c(=O)c(C(=O)O)cn1c23,1,0.8841717029800604,0.38571428571428573,0.30-0.50
scaffold,24,30,CC(=O)Nc1ccc(O)cc1,1,0.5755170586416338,0.2727272727272727,<0.30
scaffold,24,34,CC(CCc1ccccc1)NCC(O)c1ccc(O)c(C(N)=O)c1,1,0.28013456230191885,0.2857142857142857,<0.30
scaffold,24,35,CN(C)c1ccc(O)c2c1C[C@H]1C[C@H]3[C@H](N(C)C)C(=O)/C(=C(\N)O)C(=O)[C@@]3(O)C(=O)C1=C2O,1,0.7465616740330175,0.19540229885057472,<0.30
scaffold,24,38,OC(Cn1cncn1)(Cn1cncn1)c1ccc(F)cc1F,1,0.8804350832576344,0.5849056603773585,0.50-0.70
scaffold,24,40,O=C(O)C1=C/C(=N/Nc2ccc(S(=O)(=O)Nc3ccccn3)cc2)C=CC1=O,1,0.9235647878442569,0.24615384615384617,<0.30
scaffold,24,42,O=C(O)Cc1ccccc1Nc1c(Cl)cccc1Cl,1,0.8193984685156426,0.32653061224489793,0.30-0.50
scaffold,24,45,C[C@](N)(Cc1ccc(O)c(O)c1)C(=O)O,1,0.6672922310521822,0.23255813953488372,<0.30
scaffold,24,46,CS(=O)(=O)OCCCCOS(C)(=O)=O,1,0.030633145505519186,0.18181818181818182,<0.30
scaffold,24,47,Nc1ccc(C(=O)O)c(O)c1,1,0.9355075928798724,0.325,0.30-0.50
scaffold,24,50,CCCCCCCCCCC[C@@H](C[C@@H]1OC(=O)[C@H]1CCCCCC)OC(=O)[C@H](CC(C)C)NC=O,1,0.26578107131212403,0.18947368421052632,<0.30
scaffold,24,53,CC1=C(CC(=O)O)c2cc(F)ccc2C1=Cc1ccc(S(C)=O)cc1,1,0.7120789211420449,0.25,<0.30
scaffold,24,55,CCCSc1ccc2nc(NC(=O)OC)[nH]c2c1,1,0.29978172603128345,0.18666666666666668,<0.30
scaffold,24,56,CC[C@H]1OC(=O)[C@H](C)C(=O)[C@H](C)[C@@H](O[C@@H]2O[C@H](C)C[C@H](N(C)C)[C@H]2O)[C@@](C)(OC)C[C@@H](C)C(=O)[C@H](C)[C@H]2N(CCCCn3cnc(-c4cccnc4)c3)C(=O)O[C@]12C,1,0.9874550179543781,0.4396551724137931,0.30-0.50
scaffold,24,63,CC1=C(/C=C/C(C)=C/C=C/C(C)=C\C(=O)O)C(C)(C)CCC1,1,0.32136095402797465,0.19672131147540983,<0.30
scaffold,24,68,CCCN(CCOc1c(Cl)cc(Cl)cc1Cl)C(=O)n1ccnc1.O=S(=O)([O-])C(I)I.[Na+],1,0.912484122315121,0.2345679012345679,<0.30
scaffold,24,70,Cc1ccc(C)c(OCCCC(C)(C)C(=O)O)c1,1,0.22514172818075195,0.21428571428571427,<0.30
scaffold,24,71,COc1cc2ncnc(Nc3ccc(F)c(Cl)c3)c2cc1OCCCN1CCOCC1,1,0.7993211507743158,0.40789473684210525,0.30-0.50
scaffold,24,72,Nc1nnc(-c2cccc(Cl)c2Cl)c(N)n1,1,0.644139857041407,0.18461538461538463,<0.30
scaffold,24,79,CCC(CO)NCCNC(CC)CO,1,0.13551675352155046,0.21739130434782608,<0.30
scaffold,24,88,Cc1nc(-c2ccc(OCC(C)C)c(C#N)c2)sc1C(=O)O,1,0.8085951091150488,0.2222222222222222,<0.30
scaffold,24,96,COc1cc(C)c(/C=C/C(C)=C/C=C/C(C)=C\C(=O)O)c(C)c1C,1,0.5601573438587538,0.18518518518518517,<0.30
scaffold,24,102,CC(C)C(=O)Nc1ccc([N+](=O)[O-])c(C(F)(F)F)c1,1,0.8587035221540873,0.4,0.30-0.50
scaffold,24,112,Cc1cccc(C)c1OCC(C)N,1,0.5709185732533307,0.24444444444444444,<0.30
scaffold,24,115,CS(=O)(=O)CCNCc1ccc(-c2ccc3ncnc(Nc4ccc(OCc5cccc(F)c5)c(Cl)c4)c3c2)o1,1,0.995647279962759,0.2765957446808511,<0.30
scaffold,24,123,Cc1cccc(Nc2ccccc2C(=O)O)c1C,1,0.9465921810831961,0.26666666666666666,<0.30
scaffold,24,125,NC(=O)OCC(COC(N)=O)c1ccccc1,1,0.37321769144908495,0.3125,0.30-0.50
scaffold,24,139,CC(C)Cc1ccc(CC(=O)O)cc1,1,0.5549336501764031,0.26666666666666666,<0.30
scaffold,24,143,NC(=O)NS(=O)(=O)c1ccc(N)cc1,1,0.9716247739737806,0.4473684210526316,0.30-0.50
scaffold,24,144,CC(=O)Oc1ccc(C2(c3ccc(OC(C)=O)cc3)C(=O)N(C(C)=O)c3ccccc32)cc1,1,0.7652282087940581,0.33962264150943394,0.30-0.50
scaffold,24,146,Cc1ccc(Nc2c(F)cccc2Cl)c(CC(=O)O)c1,1,0.8622919532658536,0.25,<0.30
scaffold,24,147,CCOC(=O)CN[C@@H](C(=O)N1CC[C@H]1C(=O)NCc1ccc(/C(N)=N/O)cc1)C1CCCCC1,1,0.2576130291287866,0.225,<0.30
scaffold,24,149,CC(=O)Oc1cc(C(C)C)c(OCCN(C)C)cc1C,1,0.5989849062966337,0.25862068965517243,<0.30
scaffold,24,150,CC(=O)Oc1ccc(C2(c3ccc(OC(C)=O)cc3)C(=O)Nc3ccccc32)cc1,1,0.6754007117170671,0.3617021276595745,0.30-0.50
scaffold,24,154,CC(COc1ccccc1)NN,1,0.5342247557879538,0.4878048780487805,0.30-0.50
scaffold,24,162,CCCCCCCCNC(C)C(O)c1ccc(SC(C)C)cc1,1,0.6087678170992925,0.3090909090909091,0.30-0.50
scaffold,24,164,CC(NN)c1ccccc1,1,0.7798508608520947,0.3076923076923077,0.30-0.50
scaffold,24,165,O=C(CCNNC(=O)c1ccncc1)NCc1ccccc1,1,0.6565668044603401,0.40476190476190477,0.30-0.50
scaffold,24,168,O=C(O)Cc1csc(-c2ccc(Cl)cc2)n1,1,0.9797270443833815,0.288135593220339,<0.30
scaffold,24,171,CC(N)C(=O)OC(C)(C)Cc1ccc(Cl)cc1,1,0.5125816460005067,0.23728813559322035,<0.30
scaffold,24,172,C=CCOc1ccc(CC(=O)O)cc1Cl,1,0.7067504901868443,0.2631578947368421,<0.30
scaffold,24,178,CCCCN1C(=O)[C@@H]([C@H](O)C2CCCCC2)NC(=O)C12CCN(Cc1ccc(Oc3ccc(C(=O)O)cc3)cc1)CC2,1,0.752676060303958,0.23711340206185566,<0.30
scaffold,24,180,COc1cccc2c1[C@@H]1CN(CCCCn3c(=O)[nH]c4c(sc5ncc(-c6ccccc6)nc54)c3=O)C[C@@H]1CO2,1,0.27202832166203134,0.2,<0.30
scaffold,24,183,Cc1nnc(C(C)C)n1C1C[C@H]2CC[C@@H](C1)N2CC[C@H](NC(=O)C1CCC(F)(F)CC1)c1ccccc1,1,0.1925842823354591,0.2857142857142857,<0.30
scaffold,24,186,CN(C)CCOC(c1ccccc1)c1ccccc1,0,0.20245566277659097,0.5365853658536586,0.50-0.70
scaffold,24,187,Cc1ccccc1C(OCCN(C)C)c1ccccc1,0,0.11329059494935946,0.4583333333333333,0.30-0.50
scaffold,24,188,CN1CCC[C@@H]1CCO[C@](C)(c1ccccc1)c1ccc(Cl)cc1,0,0.017341805340706725,0.3157894736842105,0.30-0.50
scaffold,24,190,C[C@H]1O[C@@H](O[C@H]2[C@@H](O)C[C@H](O[C@H]3[C@@H](O)C[C@H](O[C@H]4CC[C@@]5(C)[C@H](CC[C@@H]6[C@@H]5C[C@@H](O)[C@]5(C)C(C7=CC(=O)OC7)CC[C@]65O)C4)O[C@@H]3C)O[C@@H]2C)C[C@H](O)[C@@H]1O,0,0.44532737584083504,0.22988505747126436,<0.30
scaffold,24,191,N[C@@H](Cc1cc(I)c(Oc2ccc(O)c(I)c2)c(I)c1)C(=O)O,0,0.4395810440623192,0.22448979591836735,<0.30
scaffold,24,199,C=C1CC[C@H](O)C/C1=C/C=C1\CCC[C@]2(C)[C@@H]([C@H](C)/C=C/[C@H](C)C(C)C)CC[C@@H]12,0,0.5077631690821333,0.16304347826086957,<0.30
scaffold,24,206,CN[C@@H](C)[C@@H](O)c1ccccc1,0,0.6793467782005154,0.4146341463414634,0.30-0.50
scaffold,24,207,CC(C)NCC(O)c1ccc(O)c(O)c1,0,0.35150553820724195,0.28846153846153844,<0.30
scaffold,24,215,NC[C@@H]1O[C@H](O[C@H]2[C@@H](O)[C@H](O[C@@H]3[C@@H](O)[C@H](N)C[C@H](N)[C@H]3O[C@H]3O[C@H](CO)[C@@H](O)[C@H](O)[C@H]3N)O[C@@H]2CO)[C@H](N)[C@@H](O)[C@@H]1O,0,0.08591695530027582,0.6530612244897959,0.50-0.70
scaffold,24,227,CN[C@@H](C)Cc1ccccc1,0,0.502834553842923,0.30952380952380953,0.30-0.50
scaffold,24,228,CNC1(C)C2CCC(C2)C1(C)C,0,0.30907866157732444,0.16,<0.30
scaffold,24,232,C[C@](N)(Cc1ccc(O)cc1)C(=O)O,0,0.3761733997934974,0.25,<0.30
scaffold,24,235,COc1ccccc1OCC(O)CO,0,0.3892748964236773,0.4339622641509434,0.30-0.50
scaffold,24,237,COc1ccc(OC)c(C(O)CNC(=O)CN)c1,0,0.18950602471975567,0.24615384615384617,<0.30
scaffold,24,239,C/C1=C2/[N-]C([C@H](CC(N)=O)[C@@]2(C)CCC(=O)NCC(C)OP(=O)(O)OC2C(O)[C@@H](n3cnc4cc(C)c(C)cc43)O[C@H]2CO)[C@]2(C)N=C(/C(C)=C3N=C(/C=C4N=C1[C@@H](CCC(N)=O)C\4(C)C)[C@@H](CCC(N)=O)[C@]\3(C)CC(N)=O)[C@@H](CCC(N)=O)[C@]2(C)CC(N)=O.[C-]#N.[Co+3],0,0.669783085226136,0.19607843137254902,<0.30
scaffold,24,242,O=C(CCCCCCC(=O)Nc1ccccc1)NO,0,0.7225612505443952,0.38095238095238093,0.30-0.50
scaffold,24,244,CN1C[C@H](C(=O)N[C@]2(C)O[C@@]3(O)[C@@H]4CCCN4C(=O)[C@H](Cc4ccccc4)N3C2=O)C[C@@H]2c3cccc4[nH]cc(c34)C[C@H]21,0,0.013090454765221566,0.32456140350877194,0.30-0.50
scaffold,24,245,NS(=O)(=O)c1cc(Cl)c(Cl)c(S(N)(=O)=O)c1,0,0.7333329328493128,0.15942028985507245,<0.30
scaffold,24,250,NC(N)=NCCN1CCCCCCC1,0,0.027956045564383882,0.3142857142857143,0.30-0.50
scaffold,24,251,C[C@H](N)Cc1ccccc1,0,0.32677145873183094,0.2926829268292683,<0.30
scaffold,24,252,O=C(NC(CO)C(O)c1ccc([N+](=O)[O-])cc1)C(Cl)Cl,0,0.4273797969799503,0.24074074074074073,<0.30
scaffold,24,253,CC(C)NCC(O)c1cc(O)cc(O)c1,0,0.2801504148496397,0.28,<0.30
scaffold,24,259,C#CCN(C)[C@H](C)Cc1ccccc1,0,0.2812805067858784,0.2916666666666667,<0.30
scaffold,24,264,CCC(c1cccc(O)c1)C(C)CN(C)C,0,0.40981577071370523,0.2631578947368421,<0.30
scaffold,24,265,CC(Cc1ccccc1)N(C)Cc1ccccc1,0,0.3287522733576961,0.38095238095238093,0.30-0.50
scaffold,24,267,Clc1ccc(C(c2ccccc2Cl)C(Cl)Cl)cc1,0,0.6931352878351148,0.2765957446808511,<0.30
scaffold,24,275,CC(C)C(=O)Oc1ccc(CO)cc1[C@H](CCN(C(C)C)C(C)C)c1ccccc1.O=C(O)/C=C/C(=O)O,0,0.028383590919119076,0.24,<0.30
scaffold,24,276,NCC1OC(OC2C(CO)OC(OC3C(O)C(N)CC(N)C3OC3OC(CN)C(O)C(O)C3N)C2O)C(N)C(O)C1O,0,0.10737049695388369,0.6326530612244898,0.50-0.70
scaffold,24,278,Cn1c(=O)c2[nH]cnc2n(C)c1=O.Cn1c(=O)c2[nH]cnc2n(C)c1=O.NCCN,0,0.055859263647176194,0.8387096774193549,>=0.70
scaffold,24,282,CCN(CC)CCOC(=O)C1(C2CCCCC2)CCCCC1,0,0.027223070659455936,0.2903225806451613,<0.30
scaffold,24,289,Cc1ccc(/C(=C\CN2CCCC2)c2ccccn2)cc1,0,0.326086103647852,0.25,<0.30
scaffold,24,290,C=Cc1ccccc1S(=O)(=O)[O-].[Ca+2],0,0.7765012543552943,0.17857142857142858,<0.30
scaffold,24,291,CCN(CC)C(C)C(=O)c1ccccc1,0,0.7295785249927823,0.3333333333333333,0.30-0.50
scaffold,24,295,OC[C@H]1O[C@@H](O[C@@H]2[C@@H](CO)O[C@](O)(CO)[C@H]2O)[C@H](O)[C@@H](O)[C@H]1O,0,0.4698888416491659,0.43137254901960786,0.30-0.50
scaffold,24,296,C=C1C(=CC=C2CCC[C@]3(C)[C@@H]([C@H](C)CCCC(C)(C)O)CC[C@@H]23)C[C@@H](O)C[C@@H]1O,0,0.17202067729719211,0.16666666666666666,<0.30
scaffold,24,297,CC(N)C12CC3CC(CC(C3)C1)C2,0,0.040566463602664526,0.24,<0.30
scaffold,24,301,O=P(O)(O)C(Sc1ccc(Cl)cc1)P(=O)(O)O,0,0.783522599165909,0.20754716981132076,<0.30
scaffold,24,302,Cc1ccc(O)c([C@@H](CCN(C(C)C)C(C)C)c2ccccc2)c1,0,0.11684492469177137,0.26785714285714285,<0.30
scaffold,24,304,CC(C)(C)NCC(O)c1ccc(O)c(CO)c1,0,0.19921578746868068,0.2391304347826087,<0.30
scaffold,24,308,CC(=O)Oc1ccccc1C(=O)Nc1ncc([N+](=O)[O-])s1,0,0.8963580527054615,0.26229508196721313,<0.30
scaffold,24,312,CCC(=O)NCC[C@@H]1CCc2ccc3c(c21)CCO3,0,0.6401183497647431,0.24675324675324675,<0.30
scaffold,24,313,CCCCC(F)(F)[C@@]1(O)CC[C@@H]2[C@H](CCCCCCC(=O)O)C(=O)C[C@H]2O1,0,0.1741392887202289,0.25,<0.30
scaffold,24,317,CCC(C)CCCCC(=O)NC(CCNCS(=O)(=O)[O-])C(=O)NC(C(=O)NC(CCNCS(=O)(=O)[O-])C(=O)NC1CCNC(=O)C(C(C)O)NC(=O)C(CCNCS(=O)(=O)[O-])NC(=O)C(CCNCS(=O)(=O)[O-])NC(=O)C(CC(C)C)NC(=O)C(CC(C)C)NC(=O)C(CCNCS(=O)(=O)[O-])NC1=O)C(C)O.[Na+].[Na+].[Na+].[Na+].[Na+],0,0.042857186488098796,0.2660098522167488,<0.30
scaffold,24,318,CCC(C)CCCCC(=O)NC(CCN)C(=O)NC(C(=O)NC(CCN)C(=O)NC1CCNC(=O)C(C(C)O)NC(=O)C(CCN)NC(=O)C(CCN)NC(=O)C(CC(C)C)NC(=O)C(Cc2ccccc2)NC(=O)C(CCN)NC1=O)C(C)O.O=S(=O)(O)O,0,0.20074689409505414,0.32323232323232326,0.30-0.50
scaffold,24,323,O=[N+]([O-])OCC(CO[N+](=O)[O-])O[N+](=O)[O-],0,0.1711986391000706,0.21212121212121213,<0.30
scaffold,24,325,CN[C@@H](C)[C@H](O)c1ccccc1,0,0.6793467782005154,0.4146341463414634,0.30-0.50
scaffold,24,330,CCCC(C)(COC(N)=O)COC(=O)NC(C)C,0,0.09413442041427941,0.696969696969697,0.50-0.70
scaffold,24,335,CC(C)(C)NC[C@H](O)COc1ccccc1C1CCCC1,0,0.2170548342847185,0.3620689655172414,0.30-0.50
scaffold,24,336,CC[N+](C)(C)c1cccc(O)c1,0,0.45924213381572826,0.2549019607843137,<0.30
scaffold,24,337,NCCc1ccc(O)c(O)c1,0,0.38773688855902705,0.25,<0.30
scaffold,24,339,CN[C@@H]1[C@H](O[C@H]2[C@H](O[C@H]3[C@H](O)[C@@H](O)[C@H](N=C(N)N)[C@@H](O)[C@@H]3N=C(N)N)O[C@@H](C)[C@]2(O)C=O)O[C@@H](CO)[C@H](O)[C@H]1O,0,0.3299656535641164,0.26744186046511625,<0.30
scaffold,24,340,Nc1ncnc2c1ncn2[C@@H]1O[C@H](CO)[C@@H](O)[C@H]1O,0,0.8031026059109023,0.5076923076923077,0.50-0.70
scaffold,24,341,CC(CCc1ccc(O)cc1)NCCc1ccc(O)c(O)c1,0,0.19897136278801933,0.2727272727272727,<0.30
scaffold,24,343,CCN(CC)CC(=O)Nc1c(C)cccc1C,0,0.6757807818590118,0.3617021276595745,0.30-0.50
scaffold,24,344,CCC(C)[C@H](N)C1=NCC(C(=O)N[C@@H](CC(C)C)C(=O)N[C@H](CCC(=O)O)C(=O)N[C@H](C(=O)N[C@H]2CCCCNC(=O)[C@H](CC(N)=O)NC(=O)[C@@H](CC(=O)O)NC(=O)[C@H](Cc3cnc[nH]3)NC(=O)[C@@H](Cc3ccccc3)NC(=O)[C@H](C(C)CC)NC(=O)[C@@H](CCCN)NC2=O)C(C)CC)S1,0,0.1527313062325673,0.3904761904761905,0.30-0.50
scaffold,24,351,CCCCCCC(C)(C)c1cc(O)c2c(c1)OC(C)(C)[C@@H]1CCC(=O)C[C@@H]21,0,0.6376257270979239,0.19736842105263158,<0.30
scaffold,24,352,CN(C)CCc1c[nH]c2ccc(CS(=O)(=O)N3CCCC3)cc12,0,0.019212039790675896,0.5084745762711864,0.50-0.70
scaffold,24,357,Nc1nc(F)nc2c1ncn2[C@@H]1O[C@H](COP(=O)(O)O)[C@@H](O)[C@@H]1O,0,0.848088645802094,0.4533333333333333,0.30-0.50
scaffold,24,364,CCC(=O)N(c1ccccc1)C1(COC)CCN(CCc2cccs2)CC1,0,0.126737287085195,0.3230769230769231,0.30-0.50
scaffold,24,367,CCC(=O)N(c1ccccc1)C1(COC)CCN(CCn2nnn(CC)c2=O)CC1,0,0.10418409860268636,0.29850746268656714,<0.30
scaffold,24,368,CC(C)(CO)C(O)C(=O)NCCCO,0,0.05926007625001615,0.22857142857142856,<0.30
scaffold,24,370,Nc1ccc(C(=O)NCC(=O)O)cc1,0,0.8522111900734499,0.37209302325581395,0.30-0.50
scaffold,24,371,CC[C@H](C)[C@H](NC(=O)[C@@H](NC(=O)[C@H](CCC(=O)O)NC(=O)[C@H](CC(C)C)NC(=O)[C@H](CCSC)NC(=O)[C@H](CCCCN)NC(=O)[C@H](CCCNC(=N)N)NC(=O)[C@H](CC(N)=O)NC(=O)[C@H](CO)NC(=O)[C@H](Cc1cnc[nH]1)NC(=O)[C@H](C)NC(=O)[C@H](CCC(N)=O)NC(=O)[C@H](CCC(N)=O)NC(=O)[C@H](C)NC(=O)[C@H](CC(C)C)NC(=O)[C@H](CCC(N)=O)NC(=O)[C@H](CCC(=O)O)NC(=O)[C@H](C)NC(=O)[C@H](CCCNC(=N)N)NC(=O)[C@H](C)NC(=O)[C@H](CCSC)NC(=O)[C@H](CCC(=O)O)NC(=O)[C@H](CC(C)C)NC(=O)[C@@H](NC(=O)[C@H](CCC(=O)O)NC(=O)[C@H](CCCNC(=N)N)NC(=O)[C@H](CC(C)C)NC(=O)[C@H](CC(C)C)NC(=O)[C@H](Cc1cnc[nH]1)NC(=O)[C@H](Cc1ccccc1)NC(=O)[C@@H](NC(=O)[C@H](CC(C)C)NC(=O)[C@H](CC(=O)O)NC(=O)[C@H](CC(C)C)NC(=O)[C@H](CO)NC(=O)[C@@H](NC(=O)[C@@H]1CCCN1C(=O)[C@@H]1CCCN1C(=O)[C@H](CCC(=O)O)NC(=O)[C@H](CCC(=O)O)NC(=O)[C@@H](N)CO)[C@@H](C)CC)[C@@H](C)O)C(C)C)[C@@H](C)CC)C(=O)O,0,0.0009320459781337469,0.7411764705882353,>=0.70
scaffold,24,373,CNC(=O)c1c(I)c(NC(C)=O)c(I)c(C(=O)O)c1I,0,0.20230547593512457,0.3333333333333333,0.30-0.50
scaffold,24,379,O=C(NCC(O)CO)c1c(I)c(C(=O)NCC(O)CO)c(I)c(N(CCO)C(=O)CO)c1I,0,0.13162571900465841,0.18461538461538463,<0.30
scaffold,24,380,CC[C@H](C)[C@H](NC(=O)[C@H](CC(=O)O)NC(=O)[C@H](CC(C)C)NC(=O)[C@H](CC(C)C)NC(=O)[C@H](CCCCN)NC(=O)[C@H](CCCNC(=N)N)NC(=O)[C@H](CC(N)=O)NC(=O)[C@H](CO)NC(=O)[C@H](Cc1cnc[nH]1)NC(=O)[C@H](C)NC(=O)[C@H](CCC(N)=O)NC(=O)[C@H](CCC(N)=O)NC(=O)[C@H](C)NC(=O)[C@H](CC(C)C)NC(=O)[C@H](CCC(N)=O)NC(=O)[C@H](CC(=O)O)NC(=O)[C@H](C)NC(=O)[C@H](CCCCN)NC(=O)[C@@H](NC(=O)[C@H](CCSC)NC(=O)[C@H](CCC(=O)O)NC(=O)[C@H](CC(C)C)NC(=O)[C@@H](NC(=O)[C@H](CCC(=O)O)NC(=O)[C@H](CCCNC(=N)N)NC(=O)[C@H](CC(C)C)NC(=O)[C@H](CC(C)C)NC(=O)[C@H](Cc1cnc[nH]1)NC(=O)[C@H](Cc1ccccc1)NC(=O)[C@@H](NC(=O)[C@H](CC(C)C)NC(=O)[C@H](CC(=O)O)NC(=O)[C@H](CC(C)C)NC(=O)[C@H](CO)NC(=O)[C@@H](NC(=O)[C@@H]1CCCN1C(=O)[C@@H]1CCCN1C(=O)[C@H](CCC(=O)O)NC(=O)[C@H](CCC(N)=O)NC(=O)[C@@H](N)CO)[C@@H](C)CC)[C@@H](C)O)C(C)C)[C@@H](C)O)C(=O)N[C@@H](C)C(N)=O,0,0.0006104619960468329,0.7514792899408284,>=0.70
scaffold,24,387,C[NH+](C)CCOC(c1ccccc1)c1ccccc1.Cn1c2nc(Cl)nc-2c([O-])n(C)c1=O,0,0.3424188573081889,0.2571428571428571,<0.30
scaffold,24,389,C[N+]1(CC2CC2)CC[C@]23c4c5ccc(O)c4O[C@H]2C(=O)CC[C@@]3(O)[C@H]1C5.[Br-],0,0.06461381402649585,0.5757575757575758,0.50-0.70
scaffold,24,393,[Fe].[O]=[Fe][OH].[O]=[Fe][OH],0,0.26957977657843796,0.15384615384615385,<0.30
scaffold,24,394,Cn1c(CCCC(=O)O)nc2cc(N(CCCl)CCCl)ccc21,0,0.6978154435852811,0.21621621621621623,<0.30
scaffold,24,399,NC[C@H](O)c1ccc(O)c(O)c1,0,0.26310134042404254,0.20512820512820512,<0.30
scaffold,24,400,CNC[C@H](O)c1ccc(O)c(O)c1,0,0.3614486934685988,0.24,<0.30
scaffold,24,402,CC(=O)Nc1c(I)c(NC(C)=O)c(I)c(C(=O)O)c1I,0,0.339191043420509,0.38461538461538464,0.30-0.50
scaffold,24,408,O=C1OC2(c3ccc(O)cc3Oc3cc(O)ccc32)c2ccccc21,0,0.7809176272981094,0.19642857142857142,<0.30
scaffold,24,411,COc1ccc(CC2c3cc(OC)c(OC)cc3CC[N+]2(C)CCC(=O)OCCCCCOC(=O)CC[N+]2(C)CCc3cc(OC)c(OC)cc3C2Cc2ccc(OC)c(OC)c2)cc1OC,0,0.0381260202379913,0.8095238095238095,>=0.70
scaffold,24,418,CC(O)CN1CCN(CC(=O)[O-])CCN(CC(=O)[O-])CCN(CC(=O)[O-])CC1.[Gd+3],0,0.01603144407964982,0.3,0.30-0.50
scaffold,24,421,CCCCCCCN(CC)CCCC(O)c1ccc(NS(C)(=O)=O)cc1,0,0.3733782200509202,0.33783783783783783,0.30-0.50
scaffold,24,427,FC(F)(F)C(F)(F)C(F)(F)F,0,0.3580113328479787,0.08695652173913043,<0.30
scaffold,24,430,CNC[C@H](O)[C@@H](O)[C@H](O)[C@H](O)CO.CNC[C@H](O)[C@@H](O)[C@H](O)[C@H](O)CO.O=C([O-])CN(CCN(CC(=O)[O-])CC(=O)O)CCN(CC(=O)O)C(COCc1ccccc1)C(=O)[O-].[Gd+3],0,0.14345026345458436,0.6229508196721312,0.50-0.70
scaffold,24,432,CC1(C)SC(C(NC(=O)Cc2ccccc2)C(=O)NCCCCCC(=O)O)NC1C(=O)O,0,0.2670531141037341,0.2625,<0.30
scaffold,24,434,COC(=O)CCc1ccc(OCC(O)CNC(C)C)cc1,0,0.2929472909526384,0.39285714285714285,0.30-0.50
scaffold,24,439,Cc1c(C)c2c(c(C)c1O)CC[C@@](C)(CCC[C@H](C)CCC[C@H](C)CCCC(C)C)O2,0,0.3220718814705984,0.38028169014084506,0.30-0.50
scaffold,24,440,CN1CCc2cccc3c2[C@H]1Cc1ccc(O)c(O)c1-3,0,0.1076563305055617,0.27941176470588236,<0.30
scaffold,24,443,NC(=O)CCC1NC(=O)C(Cc2ccccc2)NC(=O)C(Cc2ccc(O)cc2)NC(=O)C(N)CSSCC(C(=O)N2CCCC2C(=O)NC(CCCN=C(N)N)C(=O)NCC(N)=O)NC(=O)C(CC(N)=O)NC1=O,0,0.000779238880850052,0.7090909090909091,>=0.70
scaffold,24,446,NCCc1ccc(O)cc1,0,0.2793524244009346,0.25,<0.30
